id,bilissel_performans_skoru
1,6.078441468118619
2,6.715850615088055
3,2.7340996182010575
4,7.107169958165204
5,3.3923793293231395
6,5.409725689741534
7,3.3711081135097873
8,7.3277103662353715
9,3.412442151147449
10,3.7067092496314666
11,9.15305806062761
12,3.822693361762722
13,6.505977359114023
14,7.025541333108527
15,6.086015148158338
16,4.200611407049554
17,7.225766268786082
18,7.994819592530333
19,7.139748621336782
20,4.646596228507807
21,4.178539581579647
22,7.251779473884871
23,2.67045838213307
24,5.242092451194404
25,7.379161550622337
26,6.847977418827621
27,7.035963861982811
28,8.175697882731097
29,4.0530270461077595
30,7.832434306295485
31,6.87938324311246
32,6.474522086416237
33,5.4693142704935305
34,5.644712478751966
35,4.561258948152724
36,5.44034932641994
37,4.891062211779611
38,5.995247311218251
39,7.619208261479785
40,8.033805710584215
41,6.075497947525404
42,6.121734073530001
43,7.187963697036449
44,5.544735697872938
45,8.91894221928487
46,1.824170241123122
47,4.975058536672337
48,6.767727747421653
49,4.536022889431737
50,8.022451581446731
51,7.123157796694765
52,3.0795093645898572
53,6.781606320983821
54,7.425834909301904
55,4.494010679644188
56,6.032873330546983
57,2.4927211025000715
58,3.6788996969033
59,4.061484175186822
60,3.961412565767725
61,8.692739063884055
62,8.94745931857655
63,7.045824190546037
64,5.57403641750421
65,4.557840242185151
66,6.077361839587948
67,4.803389008332142
68,5.27811404078931
69,7.4662510200494845
70,3.017272717068322
71,4.433248407478882
72,8.281568374027927
73,8.617900354511214
74,5.936802260717426
75,2.6230565213825536
76,7.624367955588967
77,4.128503554284709
78,3.610750869605138
79,8.788308760018168
80,5.824899879589432
81,4.161050442451749
82,5.1074624154994055
83,6.2676899917223015
84,7.155851941562399
85,5.540695258222491
86,7.011479228884144
87,7.429554147536308
88,7.576824872316629
89,3.375768512366346
90,8.273048451387265
91,3.893610754670291
92,2.992142032715347
93,5.897471041013846
94,7.763841822460668
95,5.892238872199154
96,7.67070177495256
97,4.532861599202587
98,3.877111134483774
99,6.010852705802928
100,9.007797520384408
101,4.969600591363297
102,5.923709606638942
103,5.059568009709642
104,3.2444668584563447
105,6.0341188952198594
106,5.747420879028008
107,8.11235170093391
108,8.662694891661433
109,7.8842641138881735
110,7.97180774781355
111,4.080837312305535
112,2.9036137806248927
113,6.981692506651522
114,5.578344169532783
115,6.950652730034276
116,8.00461101273496
117,7.736676317449426
118,7.73892083124497
119,8.656561857926098
120,3.128982764197221
121,1.6302841415867384
122,6.447655675630006
123,7.109294106151966
124,3.78348923908309
125,3.2503976746929917
126,7.821298285259068
127,4.272558860901961
128,7.112076434980766
129,4.658441906744126
130,8.440183415751441
131,5.757467656135614
132,5.911033382997425
133,4.676924817806258
134,6.982682257420386
135,7.217799146542248
136,7.389832261916631
137,7.144881137701674
138,6.430677407383891
139,4.449708287680839
140,6.49219664424879
141,7.12750293008329
142,4.914778536702278
143,3.902874648070868
144,4.543589274418505
145,6.026905856248455
146,8.207216944200471
147,6.37354621705082
148,8.287142225527418
149,3.206965530356523
150,6.645708884677054
151,7.832513571313941
152,2.9489633953852787
153,5.13257996829905
154,7.8667631227461605
155,5.8827411604478765
156,8.536869752950764
157,4.271880964711698
158,4.497497357394568
159,4.6626265608260775
160,4.183050225139789
161,4.111256949597755
162,6.1833688761992835
163,4.731647578663933
164,4.037240839577052
165,8.52827794226351
166,5.604009209745266
167,8.32468875728404
168,3.9761930755425636
169,7.82796758860091
170,7.697344940133843
171,6.920913533801257
172,7.684690415720686
173,3.322264939365227
174,4.756873749379633
175,7.936498453048395
176,5.824643974210987
177,5.975381922288427
178,5.834534189342725
179,1.6421508796810214
180,6.36753491713308
181,2.3701275767464303
182,3.1998356984637515
183,3.709693259006186
184,3.7884352016829568
185,8.796746960654696
186,5.805032835340833
187,4.692938455666566
188,9.118578631231138
189,5.703835787589774
190,6.153279201948345
191,4.367743196956391
192,2.7703145710185764
193,5.624043681391063
194,4.02570442494325
195,8.945130493523138
196,8.126402757441575
197,6.921464986476075
198,7.223763250231576
199,6.791819317954275
200,3.0179804706574935
201,8.638401604235682
202,6.817601135869725
203,5.419219330010228
204,4.28734797159984
205,8.773995914266896
206,6.116518795275989
207,6.2352613351769355
208,3.8033740778239378
209,6.515827783647069
210,6.554346902190657
211,4.630968259029092
212,8.213203364074365
213,2.7849468515445177
214,5.427241803457088
215,6.3238675332506515
216,9.189261347438457
217,8.141748500353742
218,4.328934825961285
219,5.405953444620964
220,5.136650143036012
221,1.0145114857036228
222,5.464117355386871
223,2.7932924776281185
224,8.271022424394532
225,5.653212600991953
226,7.992638427199401
227,7.704722942110678
228,5.126459202189699
229,3.275169189928724
230,2.7968683342062204
231,7.367822744313746
232,7.320091101093355
233,3.8765845312564737
234,1.392473290158887
235,6.451237016067318
236,5.261755899419645
237,7.077654641715314
238,6.28317043122797
239,7.603469809416762
240,3.9169576565467925
241,9.080136047481242
242,6.706554500462129
243,4.477434564438989
244,4.648412880019459
245,4.198118341644573
246,1.7519428744650272
247,7.302558151196809
248,5.987135106325057
249,7.0811960939980585
250,8.887899731062149
251,6.402690332941055
252,7.069649542146595
253,6.900249436095808
254,5.624999849965858
255,2.440085602447404
256,8.666653656464973
257,4.252514753569249
258,4.719695289784873
259,6.1911379700131635
260,6.189072980853199
261,2.3041031697984082
262,5.56567930306717
263,6.033544658603968
264,4.591753958034454
265,4.209457748077293
266,5.838239399381783
267,4.2720202633777555
268,8.886454225713933
269,7.6633772403918865
270,2.1194245990991614
271,5.187937113038673
272,9.459829404159702
273,3.628809558509491
274,5.07071814651068
275,9.195202071971059
276,6.028254976833012
277,9.292644738789468
278,5.103804933638413
279,4.0339294636272935
280,2.5086692544116365
281,5.025870077789196
282,8.6559698525569
283,6.058056223939872
284,6.41684136081053
285,7.882338056147612
286,2.9500440777486503
287,3.082851502989067
288,8.16634356022762
289,3.4826561992374865
290,4.448434265783589
291,3.2411298776869515
292,3.5154159151981528
293,5.628583562857114
294,8.816842888966404
295,6.907746559483551
296,4.690485669892669
297,6.192934546376301
298,7.217637749824967
299,4.5844379833646824
300,4.314685348264819
301,8.698013794417067
302,3.2113499227614684
303,7.675477729254458
304,3.595878910740545
305,8.56904944396132
306,8.060498646558603
307,7.024890562306737
308,4.9807328965836035
309,5.048818195878802
310,4.310329562557335
311,5.014128694732339
312,5.1432387498136665
313,9.140622101650006
314,6.719938961202041
315,5.549127466200433
316,5.713359969760345
317,2.51516039192798
318,5.040094459278686
319,4.966554600952959
320,4.204784685788235
321,5.488154015178009
322,5.452379054904453
323,3.6999954521515095
324,4.87725867816733
325,7.744987014484707
326,7.533276176146021
327,6.655045157153955
328,7.018388884327706
329,3.817675714639164
330,8.907722726087794
331,9.160985668191849
332,6.891784230519718
333,4.925379825805155
334,9.067927113400465
335,6.65767920380602
336,5.7034611594889775
337,5.463704074534464
338,7.81389025264154
339,5.012905286965772
340,6.62717070822131
341,3.821919454150331
342,2.454287447159226
343,7.043709621533769
344,4.534666648079323
345,5.732533058704995
346,5.9936649256212275
347,6.0277922237152985
348,6.275317119821903
349,4.426135379334486
350,4.119278507805751
351,6.243817215311249
352,4.679602949393365
353,7.484602493744942
354,6.587648387756016
355,3.2088121235260876
356,5.569794466197519
357,6.290845194921102
358,5.348434225373722
359,3.0140876216410537
360,8.249514503719137
361,6.839217854219989
362,5.157035762401202
363,1.5359226674334536
364,3.048906401780596
365,6.4447594084918505
366,5.574039033138156
367,3.768522927277239
368,6.8347758239843435
369,6.091558982238496
370,3.849307666654412
371,8.477343201650413
372,6.2398855665106145
373,6.74748751872142
374,4.2453268681093554
375,6.28869533481323
376,7.620228416634308
377,6.078191973262978
378,8.03779228917655
379,6.414370088944855
380,8.802338124405154
381,8.887930477746167
382,3.180348600172311
383,3.559317444255186
384,6.921259209430531
385,7.719201506937113
386,6.78964695284871
387,9.194663734837214
388,7.7978947906620935
389,9.684896289669211
390,6.228278844816611
391,5.244579241133439
392,3.771019263240077
393,4.145019529674517
394,8.749372029696211
395,4.929100381341109
396,5.638345246417952
397,5.9662067499319535
398,0.5118562862765117
399,8.683707086752365
400,6.809883549326779
401,8.017046429209081
402,2.999172300495921
403,4.185085073134768
404,6.90423233164236
405,8.14002206450651
406,3.829200672250615
407,5.3671294515648995
408,5.665174853400848
409,6.092598907280032
410,5.186621556895856
411,4.610204368589216
412,6.65510240307538
413,5.3890005484547645
414,6.865939018858857
415,4.845843858120189
416,4.909981916240244
417,4.950527788114023
418,5.8940120506155065
419,6.055459111079449
420,3.295797682133159
421,3.977234976780326
422,6.528942843844213
423,4.286136092645061
424,2.9285957680574817
425,6.385325445022273
426,5.019818845729249
427,3.2047097067221317
428,4.033641320199873
429,6.077593186446494
430,5.972456015222454
431,7.753229966548888
432,6.8343341957121675
433,7.7869802807593125
434,4.410757261003519
435,4.699461967011371
436,4.889929454137972
437,6.4666650211481596
438,7.348564715389561
439,3.7267749368726553
440,7.542901870924849
441,7.683927430002656
442,2.632162685853199
443,6.523706174044651
444,5.080815762031591
445,1.9707266923927982
446,2.9895154765060092
447,8.053382802518133
448,2.224679312718319
449,8.571520319156988
450,5.746626492582493
451,7.640174710896861
452,7.09751509212545
453,8.337429744452193
454,5.952856812263371
455,4.3707109922146445
456,7.760190953448742
457,5.292910665026011
458,5.124214396255649
459,6.446564048694348
460,6.774576222861386
461,4.092264036702139
462,7.5872179246536025
463,9.04586556873728
464,5.172660262036565
465,5.447254350973811
466,8.19526646580228
467,6.541354481412661
468,4.796252902454227
469,5.245732363392249
470,6.058416459866714
471,6.03309811721707
472,6.9735375861979465
473,8.6349376722324
474,4.27232477650106
475,4.537092334388237
476,4.98357470761347
477,7.349369269818059
478,6.590168768506472
479,8.10564469996579
480,4.499421294354415
481,6.3435381020772
482,8.288763842807581
483,4.325045440475947
484,5.737206567524647
485,7.370448102674038
486,7.403686316175776
487,2.5101835731110347
488,6.627644114319448
489,6.663084708232629
490,5.55744585313712
491,9.824955346152107
492,2.957979359987913
493,6.067510320626373
494,1.3233033945249115
495,6.373003901513761
496,7.328620681030333
497,6.376072239065309
498,7.2289625016641
499,3.891246468245021
500,6.708519386925072
501,4.921928812630089
502,4.7772151049054425
503,8.484973487367316
504,5.209311271500445
505,3.365346901523749
506,5.114420358030952
507,7.325576139347625
508,6.794406651059944
509,8.343965672352303
510,2.454181048715219
511,8.453935082869284
512,6.313548845697953
513,4.464544187584893
514,7.097007137738015
515,4.886840047852084
516,8.854803393511158
517,4.857309768701352
518,6.315644725066462
519,3.8802334817328097
520,3.3944563939405543
521,7.856899919153447
522,6.113086024699471
523,1.9897969802720832
524,9.31948528484331
525,7.229912058094033
526,4.736693803469751
527,4.571742769064115
528,3.6057049931681266
529,7.752165317658245
530,7.601944935731499
531,6.391946010640796
532,1.9836769438824815
533,8.835899216629189
534,8.439013495372722
535,6.584307730831922
536,6.139604892660216
537,6.67266232504918
538,8.785894252475416
539,2.5199125206780475
540,4.479082165818674
541,5.624486851292162
542,7.016275798325252
543,7.923454950680149
544,6.9581964731236905
545,9.586078053457967
546,4.754853173512489
547,4.426716329801923
548,7.361103573054456
549,6.122897999365465
550,7.450518452582443
551,4.612398904442132
552,7.300195131491837
553,9.051812370527255
554,6.428976904237876
555,6.615952113893332
556,7.991905980836685
557,5.5880583856039925
558,5.758241632506241
559,4.280735182437655
560,3.9416254648781854
561,8.781506558498098
562,7.858987716411547
563,6.258588185749419
564,6.3988405764829315
565,4.630671322035328
566,2.4878515052808083
567,7.290765648930796
568,6.476039053240855
569,4.570646433641563
570,8.507311103664987
571,5.980408694469227
572,8.571778918501009
573,4.4041279499255594
574,8.807832364096646
575,6.0453216770408105
576,4.915613244380222
577,8.232407604187532
578,4.279961191273754
579,6.742397937161106
580,6.047237210458638
581,7.205392764185359
582,3.9712767079623985
583,4.973464509547178
584,4.266216699661245
585,6.584286175099631
586,5.8075463143849895
587,4.3383050512418855
588,5.5852028967930085
589,5.566675493375972
590,7.053352303850822
591,4.01081463864424
592,3.247819923705642
593,7.259358599890696
594,5.891486522544685
595,6.14108378588566
596,9.812708366406605
597,5.655464577320055
598,3.086903235312708
599,6.75588614325248
600,7.951632530660478
601,7.65856384153063
602,4.324836238644805
603,5.318090530142352
604,2.466159051205649
605,1.804998688831379
606,8.470913633169461
607,6.371040695214486
608,5.529100788467462
609,5.344918739603401
610,5.9086546877805795
611,5.134721166071339
612,4.852199405147789
613,7.017360788826494
614,3.7722733246124287
615,6.3930726391378165
616,8.1459720534462
617,7.234025330644136
618,7.8647443624513
619,1.3822206920967819
620,5.521606095123309
621,4.448691257342203
622,4.950388254852921
623,2.2439127103705854
624,8.028199964799807
625,5.9268828883544495
626,4.713530140014689
627,6.544854687588678
628,4.548837057375273
629,5.339257866899437
630,5.381019887426268
631,6.339914045219464
632,4.536208313477695
633,8.292053053088036
634,5.67594390450042
635,2.6277204468041475
636,4.688027165280121
637,7.828620631454095
638,5.157714305899169
639,4.589041709901611
640,5.873976692215207
641,3.397998860186115
642,8.815433398933209
643,3.633310324378696
644,5.725646077418754
645,4.971128021914153
646,3.98871567662703
647,9.723530470918421
648,6.543451923793521
649,7.452823404789097
650,3.2900318469944505
651,9.71846109250926
652,6.006562196027252
653,4.278483610553467
654,4.745785880751918
655,6.745991917317719
656,5.658074889483415
657,7.839485730649964
658,7.90625390760223
659,6.9594749839442045
660,3.4818902373226064
661,3.2890622742825735
662,7.199993024735928
663,7.4117085425989835
664,7.6025190662569475
665,5.058689696381762
666,9.16282855879054
667,4.476239692856235
668,6.308061509543086
669,6.603686741330372
670,8.622858055847095
671,4.996137257557823
672,7.152130477433177
673,5.144624861005928
674,8.084839888498061
675,7.084454602603466
676,8.094289517847752
677,5.523808945960803
678,8.373506315218528
679,3.5394388824331924
680,7.991243426396528
681,2.6162287902415082
682,5.667773350570214
683,3.625713348871604
684,8.640167957983016
685,3.59505956642659
686,6.6249674746944
687,5.265051696434386
688,5.992052463333022
689,8.70526761333668
690,6.435475388650907
691,6.685133155321194
692,5.366240212740995
693,5.37104156681101
694,5.082536434610868
695,8.266048515078683
696,6.594104724962232
697,7.068649847046375
698,6.237397416455566
699,2.306907377578903
700,4.068449931161008
701,8.428621681691306
702,4.576988135703163
703,3.889656427716135
704,2.946388920776928
705,6.736245880758037
706,7.786486834333023
707,3.215405243522352
708,7.309896847933732
709,7.5289981540243485
710,3.1412649237846364
711,7.985371206842899
712,7.981765429851158
713,9.022760211426185
714,6.863737256932814
715,4.018430124501544
716,2.2764112687640456
717,4.2461994496967
718,6.993893588656913
719,4.961922384246813
720,5.71318502032685
721,5.716286149993365
722,6.032186606279529
723,8.341812904144769
724,9.665888961669696
725,3.6344057814519832
726,5.975613115243082
727,7.007077618775553
728,6.0472760223868995
729,6.1520731646129425
730,4.701133596834142
731,8.314259220401578
732,9.339456549686231
733,3.9419946760733047
734,2.3069668020548377
735,7.441026100739649
736,7.616110253537565
737,5.624215797773119
738,5.3958144787563675
739,4.4258012477730215
740,4.507146478980099
741,5.6348386262737105
742,8.338656810714859
743,7.164670277225802
744,7.560548381577865
745,4.92399095168257
746,2.565145200818343
747,8.700466134456613
748,5.448866483429122
749,7.858950811165424
750,6.358058161449465
751,4.123562451797159
752,7.879376528495163
753,7.53558309942434
754,4.669181111312846
755,6.660406331320561
756,7.835679944479675
757,4.189082615660589
758,2.9751797530063633
759,4.449463920547234
760,8.10969448807573
761,5.3792778554105976
762,6.664490776802021
763,5.512189533430455
764,7.075911169593359
765,9.139478990606921
766,8.31483253436021
767,7.563954441935177
768,3.396123397606243
769,1.3594405472177176
770,7.149228647742433
771,6.457745222326134
772,4.9078393607070865
773,6.246475563934454
774,6.996072841521418
775,4.891635747781787
776,7.181687226073883
777,5.232765692901362
778,4.6504108681284375
779,6.034793671991619
780,3.975724779817532
781,7.272193324052271
782,7.787554430822416
783,8.62719219962925
784,4.630480655443463
785,7.423845107914608
786,6.161014557608555
787,5.5737269151171915
788,7.160521885922609
789,4.327500865380861
790,7.264796864480264
791,5.753312515502708
792,5.874490271965147
793,8.041270772496196
794,8.474655041042562
795,5.7147235232106475
796,5.166308758978608
797,5.266379641393766
798,3.424996843282889
799,7.132120927295466
800,5.906113340367689
801,5.1600055174721
802,6.882142923832996
803,6.787986015787888
804,6.19470632178582
805,5.713555481771385
806,4.305218397167318
807,7.889859962447034
808,3.867061167797747
809,6.652306480034079
810,5.359840703635627
811,8.620906483892238
812,8.608149788431355
813,5.753815046008001
814,6.868976758045857
815,3.525523032160111
816,5.6779935920410285
817,4.354574501112977
818,2.9401455094203186
819,5.397328125238501
820,4.83997238150529
821,7.19918889217148
822,5.878435744801794
823,5.79244014829607
824,5.561275433156478
825,3.335737882134747
826,5.642710790090495
827,4.8488757498123345
828,7.253623975058284
829,6.044764892305068
830,4.317580254406681
831,4.7677221037054975
832,7.807269266152238
833,4.792882943468366
834,6.160240994735208
835,8.879398796108456
836,3.431518254948252
837,6.9062677248645326
838,4.410819018698156
839,6.672549007479733
840,6.508989061164541
841,8.194111693744908
842,8.044156496957175
843,7.550097187090179
844,7.294655898742295
845,4.043009717746024
846,5.275434321976866
847,5.180052089655534
848,7.317068982957467
849,3.2866850733537176
850,3.1606390269006814
851,8.381824990049852
852,7.1861065264173245
853,6.041687783926521
854,7.48479166660408
855,9.836714960473243
856,3.496000406108529
857,2.5374403854058745
858,3.3632546621638406
859,5.6685600870530735
860,7.902209354288877
861,7.136453777587642
862,6.384389638491683
863,6.024206873301798
864,6.611127480907759
865,5.123197633515237
866,9.04363607482327
867,4.094315265985701
868,3.914262339905583
869,2.74522307647036
870,6.2343692169721425
871,6.674210820714013
872,6.815174992783856
873,7.574626552027431
874,4.147251103816072
875,9.401495488301965
876,4.331013575593633
877,7.474873577006489
878,4.716599242721133
879,7.885026419622632
880,7.0604841291856015
881,7.0284918620940635
882,7.670595835149394
883,5.512264454820645
884,8.15648365773753
885,3.577615218466234
886,2.4869866335746904
887,3.1244360837543117
888,3.867054638371685
889,5.2773524822330335
890,7.807207446552541
891,6.5743599408379145
892,6.9322385693477235
893,5.773987146783352
894,5.056179491479888
895,6.693770528634837
896,3.920693279306236
897,4.792916684281434
898,4.890315479596169
899,8.552541270977681
900,8.923140129423686
901,6.988070275271664
902,4.657241704967271
903,9.183837349610206
904,1.2933721980841622
905,4.920169857909577
906,8.101382163749742
907,8.075763845317276
908,3.5348703248877573
909,3.899103187939576
910,7.060097663328866
911,2.7474692168443835
912,9.522193992914369
913,7.011709073668099
914,5.459952613666454
915,5.426462856312236
916,3.245696235931089
917,5.333656582830539
918,7.338596853862505
919,4.647228193612987
920,6.193576810227079
921,7.323082530825074
922,7.203082130983961
923,7.020070773713275
924,5.02228252277269
925,8.248418990874839
926,8.210392486041734
927,8.167899159338962
928,5.913210928189376
929,8.206122383437044
930,5.482571096147849
931,9.647079984662701
932,7.488206067468847
933,4.0010654797128264
934,3.248401014222772
935,2.773940724146612
936,2.8353374482668348
937,7.921518103228872
938,6.988500551108345
939,7.2643511180645275
940,3.4711336563945876
941,6.879735354003102
942,2.2597567268866667
943,9.277202818061149
944,5.976331721830234
945,8.048714455618725
946,7.496122209185814
947,8.10145067972294
948,9.545694220002707
949,6.207789546132704
950,7.175494016414429
951,5.136233698409404
952,4.232949748931468
953,5.777296652186449
954,4.110169047897646
955,5.998197412061294
956,6.335154742859687
957,4.364003911609065
958,2.7645955383543495
959,3.8818717286317357
960,4.742419592097598
961,7.894034018313837
962,8.468562050381399
963,4.466409537147762
964,7.58423947619826
965,3.196749282484747
966,6.272854428727967
967,4.009263094982227
968,5.303820992304483
969,5.591011945092767
970,4.004770691145097
971,5.3622781975154865
972,6.182786455254607
973,7.133725625736892
974,4.288434132751977
975,6.857941793220461
976,5.5645987700236645
977,4.9819353853031405
978,8.460581774097573
979,5.479637265111991
980,5.676229577294078
981,7.587062020471107
982,8.742005587650002
983,9.216038539298387
984,6.164915161210824
985,2.1091293795420767
986,8.007780782652752
987,8.989928678282546
988,1.8197342297091144
989,4.27387794062358
990,5.016445550666221
991,5.449000561020188
992,4.500567987534465
993,6.872391511940763
994,4.313690289089609
995,7.216698918015819
996,4.550818813325253
997,7.773441437154981
998,3.7204335319624473
999,4.662857785024331
1000,6.16292698532122
1001,4.956319140063028
1002,7.0624308180646675
1003,6.847050446566541
1004,7.97555418319207
1005,4.935373963625129
1006,4.121416113386148
1007,5.716471799786522
1008,7.367861775844977
1009,4.388508264688908
1010,6.4812512375207385
1011,5.506700651171316
1012,7.559311375897977
1013,6.2202639883466375
1014,6.6883496768132575
1015,7.8141066234422345
1016,8.716077419962325
1017,8.223115981954354
1018,9.433413341463519
1019,6.1813654498791095
1020,5.036198835236694
1021,3.766201582092442
1022,4.2996786901541135
1023,6.86719874911718
1024,5.095752045036709
1025,6.244432686610502
1026,7.814660650080507
1027,6.727816109688248
1028,5.520028971329626
1029,3.6288660234881296
1030,5.660085471629754
1031,8.176275538502683
1032,7.843952567176688
1033,8.494687206897886
1034,8.437058683074046
1035,6.58789619904701
1036,4.945032704708698
1037,8.241576491339787
1038,5.324096812920107
1039,7.634067362230441
1040,7.7216589264655795
1041,6.002968336237489
1042,5.63884734396918
1043,6.549080533127564
1044,8.634315194205092
1045,5.676863570511773
1046,5.452528266634773
1047,6.587827318267901
1048,3.1200579792312206
1049,4.324952393822567
1050,6.724547303565734
1051,8.541409038398093
1052,6.52934678768621
1053,3.371135435291232
1054,6.012016583445126
1055,3.2693983979441072
1056,4.43148689665755
1057,2.843530062294169
1058,7.7945583789878885
1059,6.700024299787146
1060,5.288519992084428
1061,9.096875688344351
1062,7.377613890053053
1063,5.2095913621666785
1064,6.062075618378425
1065,5.113348495517571
1066,5.5462882249511125
1067,8.533638202329007
1068,7.598665140491484
1069,8.7916676399104
1070,6.184497219405357
1071,9.678082231337463
1072,7.456843099811792
1073,5.924294510105787
1074,9.062932156111932
1075,7.740313581164396
1076,4.458919792094662
1077,5.477568090034274
1078,7.412495486402919
1079,3.892329787746966
1080,4.5301343444865
1081,9.729414914271922
1082,6.671004763133561
1083,4.766418837521682
1084,3.105029824371603
1085,5.090780334110339
1086,4.208094619626476
1087,3.9837139309731255
1088,3.0967163861872224
1089,2.8670006608288485
1090,7.404559786730002
1091,3.5305103857751217
1092,5.6307188271828235
1093,6.472717167392448
1094,6.713356803027655
1095,6.031474960310072
1096,9.124261974498147
1097,5.554273623096332
1098,5.39159162056426
1099,5.721958791626718
1100,5.274776616525934
1101,5.5633434285020735
1102,7.334695824238822
1103,3.925792794314444
1104,5.334536294287302
1105,5.90534955318979
1106,5.919958630201647
1107,8.20871630774083
1108,6.012920458128779
1109,8.50857489342434
1110,4.192176804570194
1111,3.896330607061644
1112,4.072176850753624
1113,6.854382581476638
1114,2.832795150602984
1115,4.711522385931964
1116,2.088556145678808
1117,6.345424389416903
1118,6.088644727144741
1119,9.57389752975956
1120,8.578124824652651
1121,8.47570043538424
1122,6.464402951417188
1123,6.7857020155116485
1124,5.106737017236685
1125,3.165347896953554
1126,5.264506823817018
1127,2.5673240743780634
1128,8.151131702857791
1129,3.1568449200273028
1130,5.7954273923890565
1131,3.2340733263294923
1132,6.449331538029095
1133,6.5742349926871455
1134,2.685735424163893
1135,5.368533209547953
1136,7.439274137802264
1137,3.5776066123961883
1138,4.32931339497121
1139,6.867662488898851
1140,7.092569900598068
1141,4.810445159984529
1142,2.409795377135755
1143,7.836338900237187
1144,4.296439533047212
1145,2.7053322744222474
1146,8.378856079655685
1147,1.7581550501416423
1148,3.225826580955386
1149,5.437342928640436
1150,6.659678942570022
1151,7.804122178915987
1152,6.384929572412292
1153,5.219970757432099
1154,3.919212257537991
1155,4.882275146823998
1156,4.988141884215335
1157,4.6114311327764845
1158,3.6700627157525587
1159,2.881854522095098
1160,6.144848883284724
1161,6.586003493537879
1162,7.372289793935259
1163,7.91933951747721
1164,4.938629235074545
1165,7.126410193010591
1166,6.94458444726044
1167,6.758667952340469
1168,6.231702109750507
1169,5.8340021483506534
1170,5.779010014467091
1171,5.335266540173632
1172,6.6769658319221765
1173,3.7923048134498023
1174,6.549869221312817
1175,3.921054415331631
1176,3.973462727096539
1177,4.616457189044669
1178,6.207854968466621
1179,6.817060167889661
1180,3.415661160816374
1181,5.683132072463192
1182,9.590434937829794
1183,3.0785386368283754
1184,3.66504706868479
1185,7.435055371943601
1186,5.306376849869293
1187,4.620143046993821
1188,7.609352784267495
1189,4.615854196664193
1190,7.414469309435964
1191,3.17307162737239
1192,4.922824203482984
1193,3.5454523789749035
1194,7.356731369694632
1195,3.8163890174061414
1196,2.244147129684583
1197,7.999505836442175
1198,4.466574732047649
1199,6.6487653200874774
1200,2.838665309224656
1201,5.688414929335146
1202,8.792612136194633
1203,5.487272135155147
1204,7.715513327054593
1205,4.735555837073025
1206,6.285551450668055
1207,4.302518910655636
1208,6.079481272825815
1209,7.887409331150966
1210,6.876295554389936
1211,7.534500998755228
1212,6.265824598284171
1213,8.922833747106155
1214,7.109179200061817
1215,5.135863011636495
1216,4.231802618242277
1217,7.486151496328494
1218,3.4853358825583682
1219,4.536258512454825
1220,7.52536363627651
1221,5.45422654336638
1222,7.01818299605886
1223,5.575418875312795
1224,4.908667945108917
1225,7.343144874167012
1226,8.76231307491719
1227,7.053165190395134
1228,3.45845339951771
1229,6.784570603192304
1230,7.038309863227225
1231,9.87653384707834
1232,6.43807652408255
1233,7.936887557806658
1234,6.3961278312808645
1235,6.627704547457422
1236,8.417254840207471
1237,3.659958897012435
1238,7.8817826481787705
1239,3.856914393394506
1240,7.666170873740883
1241,5.943338036796607
1242,5.751187442335275
1243,2.7504853215402267
1244,6.7833321899407295
1245,4.5994354378941384
1246,6.189388895832002
1247,5.177759644057373
1248,4.53801212998412
1249,6.5993673335672876
1250,4.829519203217537
1251,8.37787753380546
1252,5.668407778144546
1253,8.875851101677085
1254,3.581661938004135
1255,5.274654456331902
1256,6.607426269172415
1257,5.560646237712543
1258,4.533733595356923
1259,6.147094213830796
1260,6.180052652035776
1261,8.535101749235993
1262,8.150236473910287
1263,5.703118857407206
1264,8.548029525961251
1265,6.917253039664365
1266,7.6303018679056125
1267,9.217883779292226
1268,8.224698839408271
1269,7.553095289864778
1270,9.550892760484938
1271,6.249703737550134
1272,4.484534028821771
1273,4.965563378584017
1274,7.302130717951811
1275,7.584531139671104
1276,5.585953312845951
1277,1.2325610035489811
1278,5.411810438736944
1279,4.08278988535988
1280,5.6737849156215345
1281,4.519246057736698
1282,6.0418418462392705
1283,3.2380777334407473
1284,6.511708066844397
1285,6.1749445951688395
1286,2.4703384448679206
1287,4.829202380681929
1288,6.376294640961772
1289,7.658361985786485
1290,2.717712782018969
1291,8.297752254088671
1292,5.585131179784196
1293,4.944802309357894
1294,3.4316003054520334
1295,6.990533693463946
1296,7.903390535572381
1297,4.515850903633167
1298,2.396603565092009
1299,2.8710245565481225
1300,7.574780758072011
1301,7.41223576996417
1302,5.850583802860311
1303,6.4993797537036695
1304,3.829726039958244
1305,7.012571250397628
1306,3.766360322630078
1307,5.642337766728121
1308,6.165598491785651
1309,5.9747177389663335
1310,5.244538953080477
1311,1.2939945904149814
1312,6.924686676328957
1313,5.25603129074435
1314,7.5932794892935185
1315,2.290997863584551
1316,8.523026560711639
1317,2.1186753653362884
1318,2.9197450252587633
1319,1.934550749222197
1320,7.507191594277489
1321,3.7192522422888414
1322,4.8451587020972315
1323,6.05523325361567
1324,5.847944988386014
1325,8.616573174919164
1326,8.73958481309877
1327,5.185020833130535
1328,2.4459086368273986
1329,6.856113984333797
1330,5.371888230576962
1331,7.763783140262989
1332,8.0723148586805
1333,7.522292150272784
1334,5.946663718577413
1335,5.059762692954062
1336,6.0365750923315264
1337,3.1922111266462103
1338,4.993130344214821
1339,6.544294303384519
1340,5.871726518588511
1341,5.863551318749391
1342,7.243926148958968
1343,4.510144576802816
1344,6.216626763860543
1345,3.2495232260072813
1346,5.301814563083691
1347,6.803247074959936
1348,3.99919073401067
1349,7.251519508333039
1350,7.043859124028222
1351,3.7854227215380396
1352,6.33796252665094
1353,4.6089090038771525
1354,7.095991811010242
1355,7.078238361997626
1356,4.341735402959528
1357,5.741803159238142
1358,7.5994819592410785
1359,5.906633802133725
1360,4.775138183633991
1361,8.482046898851952
1362,8.474017232858555
1363,3.880772107286549
1364,6.915852537489097
1365,4.323560626937031
1366,5.449146002541706
1367,9.583805992352476
1368,5.637532431874659
1369,7.730324957289938
1370,5.052683002245896
1371,7.721286992435807
1372,4.901140699904947
1373,7.12545725992575
1374,4.569137777472419
1375,6.811225389978355
1376,7.2300342178644526
1377,5.355174878027334
1378,5.759904805468422
1379,5.945109323364624
1380,5.372896757880522
1381,2.330812470268133
1382,9.201755616367537
1383,3.309631360504961
1384,7.191695731856682
1385,8.027756687928271
1386,5.511474486770311
1387,5.3700687931335205
1388,6.573091367573222
1389,6.273130430066039
1390,4.750560912095924
1391,4.235361730733936
1392,4.07201310408456
1393,6.045507310149158
1394,5.021085263089519
1395,5.309168132833817
1396,7.307235601339292
1397,7.487610367680157
1398,7.332649819091373
1399,5.0561578810682715
1400,3.8336430020707284
1401,4.492021980001182
1402,8.372056359146212
1403,7.580476170743609
1404,4.858005450652633
1405,6.291706885985507
1406,5.093437878781089
1407,3.054345146407166
1408,4.8245597592044644
1409,6.256961702537651
1410,5.629701532706234
1411,8.461686170439917
1412,5.340478197785267
1413,6.365076579266144
1414,8.27082599726763
1415,8.979677940154893
1416,4.435243643188199
1417,1.241900501960144
1418,6.389484357722366
1419,6.200087338712577
1420,2.349513453658345
1421,7.711084649356531
1422,8.739202817528465
1423,7.230238313118173
1424,7.8020155325900475
1425,8.551351647642342
1426,8.130304154098477
1427,1.6454274672474263
1428,2.9989589121038702
1429,5.5107160422109995
1430,3.235288878902843
1431,7.13170263972275
1432,4.515144370114237
1433,7.974836551166711
1434,5.156741372980569
1435,7.790553913900427
1436,8.526864943825597
1437,7.576536722240645
1438,7.882487949874129
1439,7.1667619701422955
1440,7.885993957618298
1441,4.900204624955991
1442,7.218405998223602
1443,7.358398762556083
1444,1.854793582922869
1445,8.864511038486302
1446,6.331849634777921
1447,7.063107985008436
1448,9.154862120065854
1449,5.495026473447508
1450,8.09482161204903
1451,7.468482885964528
1452,7.179795861940651
1453,5.7055218962964105
1454,7.38343178699745
1455,7.328610529942731
1456,7.59832124563838
1457,6.428113942398907
1458,4.420179770420971
1459,8.018020539008544
1460,2.3669849877658495
1461,6.414062115616888
1462,4.117030587551184
1463,3.348465575893311
1464,4.893277728731183
1465,3.6231648639023435
1466,7.4103119828341875
1467,6.40025403591981
1468,6.801613613768111
1469,8.984816019185537
1470,2.348205509050137
1471,6.19551507532544
1472,3.903252488572032
1473,8.116682507437627
1474,5.240123092361431
1475,4.510054346319863
1476,7.617034370709867
1477,6.165913879048073
1478,7.457955059719496
1479,3.8165631751805535
1480,7.082133292588776
1481,7.064545283340773
1482,7.195327819152526
1483,4.687293179087096
1484,4.752413696332854
1485,8.356549134796609
1486,1.807130718762152
1487,3.3942807383433053
1488,2.552569190063876
1489,4.824168478018721
1490,4.373781299256506
1491,6.617464650231408
1492,6.323764026687037
1493,8.882576447127834
1494,3.744072300407812
1495,7.940571416243652
1496,5.049596765412522
1497,5.188550369660732
1498,6.6264603052385604
1499,4.6261428394553885
1500,8.470589911451047
1501,6.061487211565981
1502,7.328889226661389
1503,5.645356702923487
1504,5.050712784567438
1505,4.454071459561982
1506,7.167690269232938
1507,6.838713380494758
1508,6.63250578153645
1509,3.3030135822075235
1510,4.746541338685003
1511,8.205582005933122
1512,2.2346260330628653
1513,3.147834066873501
1514,8.428039416763314
1515,5.754751587617234
1516,5.394360241362729
1517,7.290621890466201
1518,8.055071876012708
1519,6.309814151722252
1520,5.337562218482582
1521,4.8616835742081
1522,7.948882370589439
1523,6.043783608121038
1524,3.051664192337925
1525,4.027148699638164
1526,9.071647211054044
1527,3.847803071050251
1528,5.725832251459525
1529,6.975507995232789
1530,8.074209719690774
1531,5.176747184604843
1532,4.2361944904461275
1533,6.200932952478901
1534,4.587820673064467
1535,5.186684374721368
1536,8.619364887822254
1537,5.162825380927965
1538,6.64577960785078
1539,4.0946523456733095
1540,6.9505848537420425
1541,6.470084183458638
1542,6.696953609440243
1543,8.80641333287812
1544,6.703970460403239
1545,3.6330726295492375
1546,7.6073719977957355
1547,4.6367279846923
1548,7.850264894083213
1549,5.912419061815723
1550,6.34382659225037
1551,3.0013362157210137
1552,5.463360654235483
1553,4.472543160216595
1554,5.936503371641723
1555,5.734557522158747
1556,7.8944996972618675
1557,7.381841373194446
1558,4.129815030929457
1559,5.45671168653845
1560,7.9778168474714555
1561,5.12387576230648
1562,8.64030090448977
1563,5.4897227452221475
1564,4.523973138111959
1565,4.8973281960394885
1566,7.547385946827316
1567,6.063654560290527
1568,4.989692084711629
1569,3.6161308885101264
1570,5.251838143284856
1571,5.1099118934039085
1572,8.890361239458954
1573,2.8313001606696924
1574,6.403428426099246
1575,3.8060288292140716
1576,7.374459579372717
1577,4.795875379879297
1578,7.553382929817678
1579,3.9194692641633395
1580,7.5185865830443825
1581,6.626770726978509
1582,2.7990911451636977
1583,3.2991717945746895
1584,4.772162242837439
1585,6.629050132102593
1586,5.126775112958657
1587,6.756243139197763
1588,7.760376042932306
1589,5.596976698078367
1590,5.017461412361858
1591,8.192200264428426
1592,7.468564121309786
1593,3.6083972454835385
1594,4.2041192812080075
1595,1.5184371023431718
1596,2.721647594651389
1597,5.4025804132617665
1598,6.826235117403909
1599,6.538945115827419
1600,2.4203533946322873
1601,6.438767341211894
1602,7.656646617882059
1603,5.635788459278603
1604,7.501461101923467
1605,6.161043083017425
1606,9.251624282366388
1607,9.223413851219235
1608,5.047389103902313
1609,5.271282674136784
1610,8.93064127538144
1611,7.683703283059108
1612,7.469673417470086
1613,7.173113962086719
1614,5.208910727090512
1615,2.7098321620753607
1616,5.4806722599774
1617,6.31139946058262
1618,5.801645180726474
1619,7.501149907963991
1620,5.730782817911729
1621,4.525484836811998
1622,5.325868412671273
1623,7.392238026580526
1624,6.4851263061879
1625,7.41684573270204
1626,7.55122033819838
1627,7.912323798527873
1628,5.385546287667111
1629,6.711270358829308
1630,4.118686367935476
1631,9.543281334448109
1632,8.156026489901867
1633,8.948748224118651
1634,7.403978116082664
1635,8.330384852058158
1636,5.69187901383553
1637,8.082309459192313
1638,7.591549925748351
1639,8.156852399709084
1640,5.559080463434451
1641,5.710555764069638
1642,4.690785070750836
1643,4.7892498782559665
1644,7.436460859343695
1645,7.906063433673956
1646,6.266448282923721
1647,6.371811855399269
1648,8.984047140870235
1649,4.804354777506865
1650,4.5639721934312805
1651,4.35632365547523
1652,7.99043649627421
1653,2.9228102148423614
1654,5.7720298039090325
1655,7.080799047686103
1656,3.6045308020900855
1657,7.934491177421422
1658,4.131175057551712
1659,6.300440199338217
1660,8.613947766246126
1661,7.982833862672031
1662,7.10210582074782
1663,4.81511885525409
1664,6.5440420223976945
1665,6.2114292948757655
1666,4.768021450958708
1667,3.9847716040827157
1668,6.5006943871187195
1669,7.031054577597859
1670,6.765134713425661
1671,3.570095214002135
1672,4.569354047409182
1673,9.713969732339098
1674,6.904475641462715
1675,2.349928055619325
1676,7.735920038843151
1677,6.336140551269214
1678,2.8310250214968966
1679,6.28742748565829
1680,3.3110462187319176
1681,5.755908905950048
1682,1.5171129464534623
1683,7.606268759563665
1684,7.396469278734831
1685,7.51237818153115
1686,4.292606964366603
1687,2.0253628635131102
1688,7.082933836363189
1689,7.302535116483432
1690,3.364530801627386
1691,7.604651690896889
1692,9.413120986591005
1693,6.911574673168115
1694,3.1605454130409973
1695,2.794006586371537
1696,6.079411985583437
1697,6.311161087802639
1698,6.6568875974931725
1699,4.786667802799163
1700,5.370070416467877
1701,4.298476360134989
1702,4.142217848086659
1703,7.3722297587153935
1704,6.674258943347023
1705,5.76478773543362
1706,5.477076930679302
1707,5.048859343400856
1708,7.466218168109385
1709,8.302027782386453
1710,6.531456490564957
1711,7.5124674835556515
1712,5.713125901369564
1713,5.651553514578156
1714,7.905932159193233
1715,8.801260596255974
1716,6.009016913611074
1717,3.4419206916855503
1718,4.8568728591031185
1719,7.202434770134194
1720,8.47176971696817
1721,6.078652299042569
1722,2.2999424175624177
1723,7.484789605387107
1724,3.2677698603423697
1725,8.36027943681302
1726,5.995033623044842
1727,3.713046601141147
1728,6.186212258990484
1729,3.8032336596084133
1730,4.687262340854778
1731,6.941451979623777
1732,7.968517425530889
1733,6.212426426809177
1734,5.041167337607962
1735,2.328177044332939
1736,8.478833540934614
1737,7.750637366256193
1738,8.6003516976469
1739,6.41476935305169
1740,7.181090123669134
1741,3.2049166203723036
1742,6.619276427818544
1743,6.705475565634481
1744,6.6776758589083665
1745,6.702039586132068
1746,7.361612524349424
1747,5.648829615263292
1748,7.126114832044087
1749,2.256521243463969
1750,6.5940389417825935
1751,7.168866641974718
1752,8.172623678903033
1753,7.326105487321631
1754,6.917855956695848
1755,5.580051550700381
1756,6.4238145228146815
1757,9.536282339851857
1758,5.205955139185818
1759,5.513089039058998
1760,5.440283504097914
1761,3.7448225244852673
1762,5.118681127206325
1763,3.4905154123318165
1764,4.279982990637406
1765,5.367381028619773
1766,5.942862555875
1767,3.855254942200162
1768,8.332082542983654
1769,5.9167158235572295
1770,5.931006553191967
1771,4.660671317082436
1772,5.361240944636193
1773,4.208439646340316
1774,6.869078668219308
1775,6.895286099100061
1776,5.083607571756922
1777,8.475619518011182
1778,5.982380599869995
1779,7.8491548335739
1780,8.217444411648632
1781,7.368031154812764
1782,7.065626553529405
1783,5.858630978164106
1784,7.078611560427126
1785,3.78774736159354
1786,4.4792807175520775
1787,2.341041202901672
1788,5.744989686598669
1789,8.438476344397092
1790,9.068889853681627
1791,8.227176222156302
1792,5.522959275906928
1793,4.9015471108672255
1794,6.394582499277396
1795,5.333411359419766
1796,6.950825356930419
1797,7.807404070533433
1798,5.0012479487393815
1799,3.2111657079095104
1800,5.651350321026821
1801,3.211708858444844
1802,5.349730530852652
1803,9.240989758562426
1804,7.038918175450183
1805,8.736697159522773
1806,4.49779383354587
1807,1.710857461440546
1808,5.373024612240586
1809,5.9039770405442145
1810,9.170494189846995
1811,5.1122886014136775
1812,6.948190852578909
1813,6.171888945331752
1814,4.716027827348515
1815,6.859339448554397
1816,6.62051025182331
1817,2.126359375493652
1818,6.92495568216027
1819,7.258995508437391
1820,7.314503219019582
1821,7.9743678805396945
1822,7.31279665389749
1823,4.752686270055351
1824,7.931196968456291
1825,5.967780128798156
1826,5.896072861850196
1827,9.614074801111025
1828,5.413762558314883
1829,3.7197761432092045
1830,4.345730155878638
1831,5.6825651858766335
1832,5.779267957093993
1833,5.417427981104171
1834,3.819736434661425
1835,6.389080500333393
1836,6.855074785619441
1837,3.037513161698618
1838,5.450009791086317
1839,7.303429754975033
1840,7.225252269105292
1841,4.641042992741137
1842,6.167078323209317
1843,7.445083091626826
1844,3.6215285155720442
1845,7.535142800271865
1846,6.7023931926193345
1847,7.807607014478023
1848,8.11993462339212
1849,5.257225195446191
1850,5.2795408828936905
1851,5.36649103945113
1852,1.7840725733932796
1853,4.972547773668079
1854,4.78910045037795
1855,6.426728238177734
1856,3.6853588979788743
1857,3.7320138517988126
1858,3.164368129895555
1859,4.445177500095758
1860,4.957453981358965
1861,3.817120303648269
1862,8.08354450981065
1863,4.888383247538183
1864,5.645439589076954
1865,6.095319875624866
1866,8.641211017128839
1867,7.5294603966423
1868,7.474418692403654
1869,6.177107196784601
1870,4.968799042060544
1871,3.613744286315228
1872,5.949554474816735
1873,7.084895229247426
1874,0.9886427172224987
1875,5.966805244383137
1876,5.7531427506434545
1877,6.773485772254931
1878,5.313339433506246
1879,3.085925738661386
1880,5.449388559217329
1881,3.132674597158892
1882,7.493660389157979
1883,5.604354683928787
1884,9.436497429862708
1885,7.434347165494011
1886,4.050357639488483
1887,7.192184068845673
1888,4.199215044422272
1889,8.30511987165924
1890,5.242378090550374
1891,6.694040868310596
1892,8.37661614406842
1893,7.835934316420676
1894,6.904254680777771
1895,7.491085152334223
1896,6.37336351864871
1897,6.313799265428139
1898,6.264110016146073
1899,8.897788904600631
1900,7.129717007059893
1901,6.4486567058042805
1902,5.569033180369712
1903,4.128083709621062
1904,5.809632146739438
1905,3.87356935096696
1906,5.088820124680626
1907,4.698835953244918
1908,7.415065481584037
1909,6.081576134954463
1910,5.841062697606672
1911,6.432948404007546
1912,7.167094493353447
1913,7.099000354412381
1914,7.463675789101524
1915,2.4038640598562866
1916,3.595776870123337
1917,4.362591887448895
1918,7.139303746678315
1919,4.781452760139564
1920,7.250421815226463
1921,5.665359339013544
1922,6.031644385908854
1923,5.000291901129195
1924,8.010851188875748
1925,8.154682644981381
1926,6.737328300150764
1927,5.40812801330008
1928,6.691807597770104
1929,5.521492689387291
1930,7.681979202413574
1931,3.113241887058091
1932,8.014872306892558
1933,3.505254345503124
1934,6.636906904992086
1935,6.391954086213795
1936,2.874023634655927
1937,7.748231596312666
1938,2.13384309421708
1939,5.028514813812077
1940,3.5355499424632866
1941,4.637169514534184
1942,4.032675022959694
1943,8.640671579641516
1944,2.2396437031069114
1945,4.228438507401423
1946,8.196959495171061
1947,8.41284843829024
1948,8.177051015448606
1949,6.917879373165086
1950,1.5747409414450448
1951,6.993889548395553
1952,8.953747460429124
1953,4.509432855213758
1954,3.7643070042948046
1955,5.045164125885059
1956,6.375144395031452
1957,3.373989892706915
1958,7.900489010430223
1959,2.3654550955575795
1960,8.738125327671382
1961,5.994189021085458
1962,4.204087866587053
1963,8.209085251246064
1964,5.504186321713535
1965,5.221919976673765
1966,7.949285681044966
1967,4.078003594917171
1968,6.547349714690598
1969,6.618559434382465
1970,5.542547434733507
1971,5.643506412017656
1972,8.397014105925328
1973,6.97082179948665
1974,4.521166864205798
1975,6.343706903745542
1976,5.581394932270859
1977,5.812627427372867
1978,7.913228695773557
1979,6.847485294285468
1980,6.042307473526678
1981,2.130052084025489
1982,5.988642667864981
1983,7.173002569744244
1984,9.093877123024857
1985,3.961717566463005
1986,3.0747477835774597
1987,3.8197965297365317
1988,7.2205601994344875
1989,3.953878479307606
1990,7.860421122925079
1991,5.555183733856738
1992,9.125976849481898
1993,4.314116449413134
1994,5.827586429396623
1995,6.072253943485014
1996,6.356896011170166
1997,8.749433071184479
1998,4.787237631999066
1999,3.822950293356608
2000,8.744135752633337
2001,4.069365910671442
2002,8.468310192641027
2003,5.287555443188932
2004,6.1959645664632035
2005,7.522791403436004
2006,6.960704168981851
2007,5.3425143436968385
2008,3.6778559048855213
2009,3.4017688956057164
2010,6.828687726986383
2011,6.139831026642435
2012,6.477874579170754
2013,8.673589410308677
2014,5.665291388882191
2015,3.9984604268580473
2016,4.088642800079724
2017,4.837171704453227
2018,6.67052765936307
2019,7.564420982490777
2020,7.037963424503808
2021,3.252737669548799
2022,6.573658872933914
2023,5.340697091522326
2024,6.408700293100279
2025,7.319155116360144
2026,7.879902453398907
2027,7.415263644748297
2028,3.295751323167228
2029,2.0663422793662507
2030,8.000898010863352
2031,3.496626097163062
2032,8.945833647803095
2033,6.486646976514702
2034,4.278816633590875
2035,4.674870999663231
2036,7.65641783008173
2037,5.422626190127899
2038,3.9060204602568525
2039,7.2608627614291645
2040,7.554867578528183
2041,4.381782234918808
2042,4.943856038827801
2043,5.834374174096794
2044,5.34641820798089
2045,5.930715643510655
2046,6.407359529779596
2047,6.823087988841656
2048,2.7897718239478997
2049,5.270395559593947
2050,2.207988078109927
2051,5.014350324958929
2052,0.9476396098450994
2053,4.678332435292632
2054,6.909017240249843
2055,6.606943681924495
2056,3.608728357363598
2057,6.4560618548318836
2058,5.9299386838871415
2059,7.210894718605847
2060,4.5125651411931
2061,2.747980027951063
2062,4.579910502996722
2063,6.83284290637384
2064,4.84872672570153
2065,4.4098103355915095
2066,8.899047161450163
2067,9.40089657611975
2068,8.34799463130847
2069,5.286931964690628
2070,6.122716536655589
2071,6.47077184802962
2072,4.465328464073478
2073,4.54458452806015
2074,4.082485593143188
2075,3.5349664903927094
2076,3.4756009361704856
2077,5.6057420556238915
2078,4.691385412487079
2079,6.678585549397888
2080,7.4294457792746
2081,8.771907535423262
2082,6.196186624730834
2083,6.197338822673957
2084,6.9685356241259315
2085,8.397923143036742
2086,8.026382963776268
2087,4.350585024748586
2088,8.176983957262404
2089,8.767969174285817
2090,8.860288938045487
2091,5.4896485086040485
2092,2.4956150244066575
2093,6.6316577767647225
2094,5.331532491316448
2095,3.7356440225876093
2096,4.074907104370641
2097,6.275510745898286
2098,7.289502846871022
2099,1.6021004858813885
2100,7.197925125576228
2101,3.370630039401486
2102,7.336752179474769
2103,8.49981161702367
2104,6.0048924223264315
2105,5.173422110867586
2106,7.418616719224666
2107,2.7870811371519597
2108,2.8962117118545465
2109,4.002799635038198
2110,6.5932482686205285
2111,5.107697407979933
2112,3.6316151830644565
2113,6.091363086007742
2114,7.294630414447873
2115,3.4153847953895196
2116,5.2813823022004955
2117,8.553081096422462
2118,6.019040871955644
2119,6.512477434559546
2120,7.923542679748399
2121,4.941949431985851
2122,3.3230269721648646
2123,3.144186316948402
2124,6.894668419937541
2125,6.563318637517207
2126,5.164833041975254
2127,6.216012458772675
2128,7.87123867163397
2129,4.457849979403127
2130,5.501451007684479
2131,5.56943446992107
2132,6.237106922038906
2133,5.315559729035979
2134,5.747777441469983
2135,2.8086033157913888
2136,2.6946120044421367
2137,6.89953298453422
2138,3.0328889015524214
2139,6.161868537911384
2140,3.4414268448168475
2141,6.997375618863999
2142,3.071955128277831
2143,6.858083048355815
2144,6.474087484426137
2145,9.61322277109036
2146,7.511993235933218
2147,7.537987681352828
2148,5.49581053332011
2149,8.05654741829593
2150,6.07866887255152
2151,4.802951038345544
2152,5.009455135276153
2153,6.542269114943531
2154,6.720353314923269
2155,6.339686076416005
2156,7.143888029261367
2157,5.722713965746579
2158,7.991275384585781
2159,8.626055564223918
2160,4.854251910675629
2161,2.4152926059206186
2162,7.928502574832184
2163,5.800316255511863
2164,5.302616387474666
2165,5.9499907789709425
2166,6.833795052138728
2167,7.333959458274178
2168,6.109736934410366
2169,7.412019276062332
2170,7.4263365458048956
2171,6.6475387418170095
2172,8.395982512112152
2173,2.5351759027070253
2174,3.9624925320004634
2175,5.062558696184184
2176,8.610982961107698
2177,6.352720466818872
2178,6.736625699868245
2179,4.512907955508237
2180,5.50842476679702
2181,2.575168949015346
2182,5.254955468379159
2183,5.348270751236775
2184,9.083443253949472
2185,8.547643198567393
2186,7.828133247415147
2187,3.6234516584946967
2188,4.952651100685927
2189,6.303524187442463
2190,3.7769470011985398
2191,5.86019273495647
2192,8.679270616193584
2193,4.051324273988961
2194,6.209524623305048
2195,8.391807520810465
2196,9.039081087930473
2197,7.401989058129895
2198,4.0702184330731335
2199,5.873924273991003
2200,7.961072973354589
2201,7.962464092594487
2202,7.902155034986887
2203,4.683685068160253
2204,8.508376476197741
2205,8.755392746983567
2206,5.093956856373884
2207,7.705373897219124
2208,7.079723778447981
2209,8.587186824413191
2210,1.363365943289443
2211,6.389194745681505
2212,9.088142882201156
2213,6.52207096560579
2214,7.693451553322928
2215,8.242145693827489
2216,3.074958676174372
2217,7.408325015028153
2218,3.8593107265546385
2219,3.351230554673233
2220,8.148341967015668
2221,8.085262883264818
2222,6.795016104628099
2223,4.322156084515556
2224,5.630344702756505
2225,7.206283632197059
2226,6.641023312437207
2227,6.80940454874128
2228,4.67640174212649
2229,8.1120635448254
2230,7.503588705661181
2231,6.124183106516076
2232,6.334613290502047
2233,5.7692261919026455
2234,7.655518205285902
2235,6.537950081084281
2236,4.424187238298515
2237,4.730478682739886
2238,4.39166041540076
2239,7.3769485156317876
2240,5.77200391703102
2241,4.549153634927361
2242,5.090706429676112
2243,9.122908966613197
2244,6.673091497606731
2245,7.034816412061305
2246,8.017481130245283
2247,9.566137965819395
2248,7.714705629920005
2249,4.861285737863993
2250,5.32266243801967
2251,7.224679235063001
2252,7.78609282322346
2253,5.441413858367243
2254,8.437636939763355
2255,3.243618616636434
2256,6.583344502842898
2257,5.0586616168064795
2258,6.189066708200072
2259,4.087884465639059
2260,4.51276148163813
2261,8.058070198424927
2262,7.869118925268029
2263,3.365341741006385
2264,8.895910009161456
2265,5.698869283683766
2266,6.618330218260169
2267,5.175974280212001
2268,1.7927173103489036
2269,7.857075010913274
2270,7.288946991250725
2271,6.442045154556004
2272,2.809525189993096
2273,4.8038068075945475
2274,5.204547684362721
2275,8.572344464663189
2276,9.715011854762142
2277,6.064083980533526
2278,5.187622742746427
2279,9.578641920089414
2280,3.387701563963424
2281,5.597633184413014
2282,4.094549841396114
2283,5.521959339834051
2284,6.078343380619503
2285,4.319715211438039
2286,5.297538504041073
2287,3.878331531570236
2288,3.977940848977676
2289,5.824530954482849
2290,7.559137985889015
2291,8.466729201236799
2292,8.908991387959217
2293,8.09830927733254
2294,3.137532992039341
2295,7.403528577193114
2296,8.015965364129901
2297,5.73632340513417
2298,8.32531115502699
2299,7.73631936145925
2300,4.5168127831076355
2301,5.4493599713087315
2302,7.791496370464151
2303,6.378465696674481
2304,5.6529345759472776
2305,5.010968941515324
2306,6.28066972425827
2307,5.703768731897978
2308,7.792860915332772
2309,4.25618726004684
2310,3.672992220078469
2311,6.7713093831477025
2312,4.771680959501339
2313,8.418165776976819
2314,6.873134189100957
2315,2.8303660182661705
2316,8.797091358548236
2317,6.606257626211005
2318,6.398917680474551
2319,7.186982347500132
2320,5.941280224640256
2321,6.65481113897876
2322,3.133118968252933
2323,7.475487198001567
2324,7.09272029030637
2325,7.579508794800971
2326,4.620717754622917
2327,5.889811970936524
2328,4.877339613886726
2329,5.031679402516898
2330,4.738934409074976
2331,3.8308403449124877
2332,5.442139734856753
2333,6.838631381203608
2334,5.7703348025858165
2335,7.103000787391091
2336,5.137946208208482
2337,4.039683030251343
2338,9.049494896519315
2339,4.539326458189391
2340,2.894612342915012
2341,2.252382947444834
2342,3.8860033393725555
2343,4.71510873523347
2344,6.900891460759684
2345,5.530577566268605
2346,2.755832530476716
2347,9.292283961276874
2348,7.381575515487013
2349,4.05887810055418
2350,4.093305514016393
2351,5.643463305737508
2352,3.2968546232927882
2353,6.1041599960668815
2354,5.775020169901212
2355,8.354539665871226
2356,6.9642273959287735
2357,5.14021870572164
2358,5.760551340450104
2359,7.757212772900749
2360,6.254639790459387
2361,4.380287672640671
2362,3.5205576983240054
2363,8.663862681130485
2364,7.029057463154017
2365,4.823474566421893
2366,7.598324178078054
2367,6.697952873768079
2368,6.2603541434722505
2369,2.1350638569929656
2370,2.9186970095647005
2371,6.481354339853036
2372,6.2205860871065255
2373,7.0488488876108155
2374,2.9986520641321817
2375,3.4404579619727134
2376,7.176265190410922
2377,6.0595085680533165
2378,8.557720023998101
2379,4.236510638690538
2380,5.224142312902519
2381,9.085115950718816
2382,7.898762173323989
2383,3.1899040278776174
2384,7.8234414331558435
2385,6.244736486028921
2386,5.334583696470883
2387,5.906114502630727
2388,4.329956671138647
2389,5.627975587413027
2390,6.8522429628479085
2391,8.53570897475507
2392,6.129864987090794
2393,7.771955371572787
2394,5.508592019065454
2395,3.181682859545283
2396,8.296495621298718
2397,7.186464337292141
2398,4.115387660077349
2399,8.919273828004233
2400,9.36811867557617
2401,4.744672854810776
2402,8.686589341039163
2403,2.3589758395907614
2404,7.005370380808939
2405,7.714502306673486
2406,7.2216354535311185
2407,2.3289152651940537
2408,8.171888471399999
2409,5.138324634464962
2410,5.148458665601068
2411,8.161512444614328
2412,4.051763530413703
2413,6.004746307225928
2414,4.346302568401975
2415,6.003025626832828
2416,6.539851301067408
2417,7.768881910148565
2418,6.635271452139592
2419,4.723060992736752
2420,6.01271778029496
2421,5.066995759026777
2422,8.121426300399355
2423,2.2596721106295266
2424,4.833393485120547
2425,0.8013350103931343
2426,8.526000969664823
2427,4.787855964673009
2428,1.595390330629626
2429,7.107560755300344
2430,4.62576976516945
2431,4.142851326351552
2432,7.748014298102638
2433,4.216554736758917
2434,6.230782506425641
2435,6.381252751454491
2436,6.292693389668623
2437,6.271353621073495
2438,6.88276854662207
2439,5.814969025539551
2440,8.29354998487187
2441,4.7537954837759155
2442,5.132713115723438
2443,6.320440082545067
2444,8.671731210811936
2445,8.435045424758474
2446,6.622666000142916
2447,7.150585033516955
2448,9.363470805296659
2449,4.134022281029842
2450,5.212977719026029
2451,5.987817085266095
2452,7.6782815958040285
2453,4.871577521367344
2454,6.011870464921956
2455,6.548829792395386
2456,3.3493601056049807
2457,8.612291426608389
2458,8.366885008352487
2459,6.617194053807012
2460,4.257920168034422
2461,6.280510369547371
2462,3.3092733538753984
2463,5.380603651633322
2464,7.435271298118939
2465,8.798873939182712
2466,5.450826735536211
2467,7.6241445152445575
2468,7.613706120698352
2469,8.288049384995244
2470,5.442490053969671
2471,4.376826082002693
2472,5.388990431739124
2473,4.855736423173057
2474,6.016063695313257
2475,4.948053727250102
2476,5.486790262748088
2477,6.148799642204368
2478,7.943025420810913
2479,6.169651936100957
2480,8.209686649461503
2481,4.80064250914118
2482,7.885423635961178
2483,3.3275639199112463
2484,7.5946414727124365
2485,3.058809616994524
2486,6.529762666422377
2487,5.191681231781645
2488,3.5120763547494214
2489,3.805073327160569
2490,4.516682503638723
2491,4.013797389864389
2492,3.723427008146204
2493,6.846462027373922
2494,8.263043108466713
2495,6.0119777916441075
2496,5.8459660390532004
2497,7.6915750360200335
2498,5.464779288057318
2499,4.425029587991922
2500,4.464886033298864
2501,6.851274975267333
2502,6.351592334841375
2503,6.470670388926948
2504,3.8251385629489163
2505,7.372579664223613
2506,7.105182894151767
2507,4.303842663929455
2508,4.968176075657138
2509,4.033130919621039
2510,7.014911858652341
2511,9.57580731240326
2512,4.700054936085103
2513,4.156438104718626
2514,6.767174999707425
2515,5.385407360812527
2516,2.206462241790328
2517,7.160265973002986
2518,5.71487810367705
2519,5.172619240264806
2520,3.175003667718008
2521,5.666798463841998
2522,9.582268350395232
2523,6.299269079158808
2524,3.767849492304907
2525,9.508408900725247
2526,7.804082270092033
2527,8.123720530684265
2528,5.54192818036901
2529,2.3315881153491707
2530,8.718779713528013
2531,8.948714446147568
2532,9.059037407721824
2533,4.716742666550573
2534,6.589789158185965
2535,5.643231270273889
2536,6.6880228099899
2537,7.332922057406867
2538,7.018443644150061
2539,7.840315387154332
2540,9.124314955567629
2541,5.409499754089275
2542,8.412790965834747
2543,9.12494256957324
2544,3.511900278179055
2545,5.838137122318856
2546,5.064507109409656
2547,5.2504116375505685
2548,5.341662373509406
2549,7.518317112810576
2550,8.051428433523338
2551,3.46811512283169
2552,5.444858940508689
2553,7.699472665901224
2554,5.076311800907417
2555,5.137003684668546
2556,3.4926155631137794
2557,6.799845087330567
2558,8.134042716004199
2559,7.790319218875055
2560,6.359899582476325
2561,6.091917047843417
2562,3.6848853191440263
2563,5.491330479940417
2564,5.556795605568393
2565,4.76348139168631
2566,6.766598907366986
2567,8.592103175961476
2568,4.180162845068162
2569,3.142325387161501
2570,5.827286057356458
2571,8.832845986872735
2572,5.868119718488554
2573,4.330911858664695
2574,9.092355545224708
2575,9.225128737120194
2576,6.807862501046524
2577,4.913109829863651
2578,5.1509878584341395
2579,3.789405747892371
2580,5.068610293981338
2581,9.813722285560981
2582,6.416036980266594
2583,7.505143033734963
2584,4.695633649417498
2585,6.212397392382979
2586,4.025294511472927
2587,2.918665967988091
2588,7.329667664834246
2589,6.072498836127184
2590,8.07406951849937
2591,8.425260471568153
2592,7.768889030337751
2593,3.5852699289122616
2594,7.321435589407379
2595,3.6515016268253846
2596,3.53144163517956
2597,8.356684022685169
2598,8.602178394576269
2599,3.2413942089353864
2600,4.082113721660804
2601,3.966551786725297
2602,7.748494326597446
2603,5.919756313240687
2604,4.9149414957243875
2605,3.856538751020941
2606,4.268192210829609
2607,6.734756400702124
2608,7.969184940602112
2609,7.511127482920698
2610,5.678803394152408
2611,6.452278464633857
2612,4.832158834312876
2613,8.86403953615698
2614,1.672183135441152
2615,3.159489541152355
2616,7.094450912521075
2617,5.167537962782779
2618,7.392057572788486
2619,8.786732065094812
2620,0.8761422610619478
2621,3.8652946033535565
2622,8.019725675463713
2623,7.112289997862284
2624,8.017594805359483
2625,7.107340521030455
2626,8.322813021972088
2627,5.76607327377235
2628,2.143146611300536
2629,8.657761253076385
2630,5.695958570595321
2631,3.3988421374802087
2632,8.636485772447
2633,7.677661663048278
2634,7.373634638437213
2635,2.705623095709322
2636,4.7824916305083125
2637,7.249031977557178
2638,5.7810349707185145
2639,5.958250004445787
2640,6.624687202533069
2641,6.0040117791714955
2642,5.411379325763279
2643,8.075556704425049
2644,6.989619697276019
2645,8.14336549194768
2646,4.980930618434993
2647,5.630718007433996
2648,8.815997665850347
2649,7.887793033353857
2650,4.491413921235926
2651,7.232651370678374
2652,6.902254820515751
2653,5.503980476495882
2654,6.126685672934951
2655,6.986186731987285
2656,9.152303729839433
2657,6.396664958975639
2658,5.452243700395444
2659,3.867639544825946
2660,5.774366143731662
2661,6.831227176810818
2662,5.005787603608312
2663,6.545031885683656
2664,8.096154306648101
2665,5.7631733762398865
2666,2.6564145670525576
2667,7.909766139167887
2668,5.981429672504262
2669,4.674140499575955
2670,5.426279152558799
2671,6.827879771597853
2672,2.5927514216258425
2673,6.988728802995358
2674,5.8147188222002235
2675,7.991473264351433
2676,7.9491731247221535
2677,5.646339113216035
2678,7.435374701107191
2679,6.945848858569024
2680,3.9511023800790817
2681,3.2561711598816965
2682,7.998036472409026
2683,5.622346836594233
2684,5.053031893420074
2685,4.349613195237634
2686,3.9581241332837136
2687,7.048455290191933
2688,2.791245368725468
2689,7.9003762710225365
2690,2.868825384604185
2691,6.018244417077267
2692,9.571848290898929
2693,3.2559267885409877
2694,4.92341590601671
2695,5.569147622208468
2696,2.342606843762017
2697,3.8906254717017013
2698,4.672384051991534
2699,8.4759208972205
2700,1.6613853798927236
2701,4.646817738911357
2702,5.35097327571482
2703,7.564896380764876
2704,8.576453391845654
2705,5.624107170088556
2706,6.909946995984105
2707,5.542575603929578
2708,4.333474283617916
2709,1.689549230492954
2710,6.679611359032682
2711,6.48028435576814
2712,4.564190999718776
2713,9.344830902681451
2714,3.4092706922801366
2715,3.836472179761827
2716,3.507478868034372
2717,2.319044233170604
2718,4.91628405966582
2719,4.538895373636528
2720,5.25128329829885
2721,5.64436899318426
2722,7.723738513899915
2723,6.629592147868337
2724,3.3621152983696683
2725,7.426607417285729
2726,8.315086721682103
2727,8.087773099574367
2728,7.52736704811225
2729,2.337760330738049
2730,7.079087572397547
2731,6.9765093959186935
2732,5.89063501178114
2733,5.984602492916859
2734,8.141962225364185
2735,8.873706394101129
2736,5.139785478980471
2737,4.967856410458891
2738,5.247318716887598
2739,7.248218574724891
2740,5.130771162613842
2741,5.259059085516113
2742,5.281697703246966
2743,3.0111858931040447
2744,2.2823545334031805
2745,9.134650823798907
2746,6.369909915733016
2747,2.036178307079707
2748,6.4435078158628585
2749,6.596470906779198
2750,6.258583699097801
2751,6.407994285584525
2752,7.308306561834943
2753,7.330497083507998
2754,6.532365670266749
2755,7.573771076177623
2756,4.295181968612197
2757,5.77697098150047
2758,6.120403573598405
2759,3.566022846469785
2760,7.0509663257385675
2761,6.848255682557688
2762,3.309490427643074
2763,6.122737397029601
2764,6.18652295063496
2765,6.8095915025393925
2766,5.823098998025967
2767,8.323262917842282
2768,3.847400596481431
2769,4.501047020665745
2770,2.605261139467584
2771,4.653891906328358
2772,4.450629167641871
2773,7.76444293059808
2774,8.116779269494469
2775,8.71209492732896
2776,8.72547337364628
2777,6.713889287655483
2778,6.53490005717844
2779,7.412466359280257
2780,6.253982389907986
2781,3.9052187358980017
2782,9.198773744002686
2783,6.9316351530931435
2784,7.572251275200788
2785,4.7137678738202915
2786,5.35372008284378
2787,7.104177526376476
2788,6.542728800118694
2789,5.9953022565523915
2790,2.7735772201521445
2791,8.64931794888161
2792,2.4846786918918737
2793,1.8054474752493368
2794,2.534235803822733
2795,2.760431388945343
2796,8.379536998211286
2797,7.012112600725182
2798,6.825270225120637
2799,4.0791246702729165
2800,3.7366569459392216
2801,4.1841614372938345
2802,8.318616181358372
2803,5.052330939919404
2804,4.034268179939475
2805,6.91387211133997
2806,4.805211074813558
2807,7.968038446191231
2808,8.268369947889123
2809,6.755505253746083
2810,7.695347440063875
2811,2.6994584686340186
2812,7.1101305487271915
2813,2.9519056317023815
2814,5.473905435751949
2815,8.928587287776768
2816,6.557368789592019
2817,6.713773866420947
2818,2.38103328203311
2819,7.124071047492865
2820,7.61285721531505
2821,6.92397896954419
2822,3.3300239534601213
2823,4.750953115854153
2824,6.3581313355061875
2825,4.050553226515262
2826,9.92045187991512
2827,7.287119398610917
2828,6.117086920851139
2829,7.67132270845572
2830,5.373391856148563
2831,6.187144389672462
2832,7.699068285502071
2833,2.0011389683865275
2834,5.324735650243502
2835,6.622898257540271
2836,3.7982209577296873
2837,5.7434232057292185
2838,8.662699090930214
2839,5.393656740618878
2840,5.957335511637381
2841,2.566320944104948
2842,8.190044215004544
2843,6.5226854350469985
2844,7.040208537791065
2845,4.089216108877119
2846,7.76275501860084
2847,6.534052212049196
2848,6.178327572941604
2849,5.558719385392418
2850,3.336973485466429
2851,1.7973174745563254
2852,7.262443286364381
2853,4.852636711641832
2854,5.103974903320672
2855,8.728428233126383
2856,3.3018847427360423
2857,9.288712920552786
2858,7.249892057103502
2859,6.510010484649894
2860,7.2629500077399705
2861,7.35452716939939
2862,8.600815573309799
2863,7.335865327972161
2864,7.506225040121199
2865,4.860669264292601
2866,8.05567568922978
2867,6.860805871808015
2868,8.536978144205925
2869,9.529431136157468
2870,5.795274630835905
2871,6.759635442840796
2872,6.1388938561944455
2873,7.564130962805313
2874,5.234886655234461
2875,7.096331155286201
2876,4.301469387792597
2877,3.313841180965475
2878,5.281326325914258
2879,5.565362556244413
2880,3.7173007882592084
2881,9.815426246563838
2882,5.273556588673554
2883,5.472045903197003
2884,6.513824781359004
2885,6.378626317562257
2886,0.8993435020366185
2887,6.894474768374016
2888,8.521600114221744
2889,7.023404370305061
2890,7.749961912546828
2891,7.918377990062914
2892,8.265228405210417
2893,5.1294914152734625
2894,9.323514925243288
2895,3.048513563568663
2896,8.50647027878873
2897,4.965482720422463
2898,3.286863450830461
2899,2.9052338256583026
2900,5.686511536189054
2901,3.6639920790617926
2902,9.10021397405309
2903,7.83320800013715
2904,4.565857073817794
2905,7.749501828812753
2906,7.683295773508206
2907,6.787330101925899
2908,6.329843332036812
2909,1.7145735405958682
2910,5.960265185143341
2911,8.881955253128028
2912,3.9268136002419376
2913,6.950605072999876
2914,3.2974136379142234
2915,5.85596510310553
2916,8.472266931118927
2917,3.0733692894925473
2918,8.392517519209346
2919,4.13812673152043
2920,7.451783705579283
2921,7.814788150900136
2922,3.4216831586269847
2923,7.291976883118439
2924,7.4092518754313135
2925,6.5370155994552075
2926,7.912974841066102
2927,1.8024659615243506
2928,3.9307686192912943
2929,7.842428863056572
2930,5.315227612089058
2931,3.9965233721603726
2932,6.23562854324163
2933,3.1878932838129446
2934,2.4582378396634295
2935,6.320408261762194
2936,9.618302552092107
2937,4.66745577415949
2938,4.287365853492893
2939,5.860712406621086
2940,5.763416954970534
2941,9.317120372653687
2942,5.292768865917406
2943,5.779518938091121
2944,4.637989816901052
2945,7.206043943289326
2946,7.80160458770257
2947,6.49318083114964
2948,1.6594053464435587
2949,6.980587927969664
2950,7.55125520502686
2951,5.1911342007726
2952,5.111337141145495
2953,5.269640457154635
2954,5.9639381961198605
2955,3.473147058872538
2956,5.00410863227213
2957,6.4514597974813634
2958,7.617822544542956
2959,5.869081276468369
2960,6.239580256915357
2961,3.6301868761315896
2962,8.06547601543312
2963,7.8336317605694745
2964,2.437451189304179
2965,2.9811950861771104
2966,4.506418846278488
2967,6.130636441821263
2968,6.19958187145272
2969,5.352033808002565
2970,3.3315173349009513
2971,8.706058587985584
2972,9.855755574760352
2973,6.154993857890715
2974,5.080668797273699
2975,5.386849189672501
2976,6.710517399818249
2977,4.8198357117036865
2978,7.621556917158326
2979,6.749262378292102
2980,3.756848402367231
2981,9.47890292871768
2982,4.839589940077617
2983,4.699167432414094
2984,8.416177842577031
2985,6.73726959683427
2986,6.430622800211475
2987,8.994519784010452
2988,7.086546238648213
2989,9.266209708870331
2990,6.576337521720552
2991,4.836261878024812
2992,6.417186064652887
2993,6.345669438646835
2994,6.186841124807461
2995,6.010773322456809
2996,6.536871316423282
2997,9.498795278085423
2998,6.100853136972121
2999,4.778860615558923
3000,8.931689895285263
3001,8.273642672966439
3002,7.038068287510267
3003,5.078013848603728
3004,7.607555993040428
3005,6.574235692623959
3006,6.369606522609119
3007,6.545488252463314
3008,8.94566424168762
3009,7.476091754328662
3010,4.728969562972366
3011,4.451759485016928
3012,8.238291928615478
3013,7.022259714263771
3014,4.889247514588744
3015,1.515778216556618
3016,8.16002671446428
3017,5.687233293405831
3018,8.565086596760263
3019,4.135160007144778
3020,3.9070873390215057
3021,6.309325529594243
3022,4.995043306541927
3023,6.183573520327131
3024,7.737635142660185
3025,2.7950032203798054
3026,3.3741663214737567
3027,5.887737583505393
3028,7.752788100185341
3029,4.467320906784232
3030,7.083352858404914
3031,4.398363506344282
3032,7.247972821017842
3033,5.216115391838461
3034,6.976565872498456
3035,7.757001621177746
3036,7.025983915904961
3037,6.252314539706076
3038,5.623248819192295
3039,8.702473371767287
3040,6.3309260371787035
3041,6.96281344849403
3042,2.188972519926168
3043,4.813323483274564
3044,5.513264887102273
3045,7.5652059100650515
3046,9.325046620430179
3047,6.522401573224744
3048,4.99561811965046
3049,7.815806470038855
3050,6.310263970765574
3051,8.415461564743566
3052,3.332917544187516
3053,6.520332696858087
3054,7.210772707171304
3055,6.541624220830964
3056,6.774447482051113
3057,7.967346415412553
3058,8.853301472105299
3059,7.948942896841042
3060,4.006150443882635
3061,5.269957767742954
3062,4.064654517913041
3063,4.6857712720749625
3064,4.378430694302816
3065,4.5131737630541835
3066,7.642037797261116
3067,7.2320626779680595
3068,3.1779916431556123
3069,3.377598449065534
3070,5.77344941704205
3071,7.218216652558182
3072,5.042551676070685
3073,6.992214373304891
3074,4.654598557731634
3075,7.12811278654136
3076,3.2749295802468046
3077,6.787452938484199
3078,8.284094026647809
3079,8.093391680030509
3080,8.925037530978384
3081,6.1999576055315195
3082,7.846018589004314
3083,7.191517909323703
3084,6.667632371678978
3085,8.612885323642065
3086,5.73409648962052
3087,6.083195900422585
3088,3.6734114748955395
3089,4.9754609924609134
3090,9.234138754271452
3091,4.557547154508531
3092,2.5970767429296457
3093,4.274511427631177
3094,3.9103006793953115
3095,3.571203370604126
3096,3.8848629590130526
3097,5.505534458695237
3098,8.185389806369445
3099,3.8348290776927856
3100,2.940989196210238
3101,3.4909204520919714
3102,7.916787513623386
3103,8.132866026497545
3104,5.02199667053893
3105,5.307575863057627
3106,7.23351927216847
3107,6.464732465756968
3108,6.665164478386388
3109,8.731907881217213
3110,6.909682419792558
3111,4.46623194367382
3112,7.001193952159392
3113,5.071218788249166
3114,5.2198164858031335
3115,5.943474499896806
3116,6.26179615710729
3117,7.498833223136689
3118,4.0966620020622155
3119,8.318845936167904
3120,6.19120078177623
3121,5.817287287034208
3122,6.556396995476832
3123,6.753021825308776
3124,4.341366004024052
3125,6.0681577976201515
3126,6.985744615934541
3127,4.735164933840849
3128,2.397315819031113
3129,4.998921830267374
3130,5.36514293135911
3131,4.613628452243703
3132,4.484524978986643
3133,6.633691682980792
3134,7.449592253178018
3135,4.8415390206672715
3136,3.922588106567504
3137,2.505085339826781
3138,3.882771796839148
3139,6.731154743773618
3140,9.77171565061603
3141,7.046342311267178
3142,5.38664978133081
3143,5.749015739649584
3144,6.20973309127203
3145,3.565132559120442
3146,5.399935736575096
3147,6.127031700771846
3148,2.786637063637665
3149,8.160869397388634
3150,6.6141945846349355
3151,4.636382245500586
3152,5.531096241909167
3153,3.962374578205687
3154,4.089493858857751
3155,3.1951698938872735
3156,7.153306698560773
3157,7.6001837136571115
3158,6.463323572321141
3159,6.213319717969936
3160,2.869999558590462
3161,8.188504808386472
3162,6.513618542866255
3163,7.362341304655316
3164,8.719303449285738
3165,6.821611608158776
3166,4.851161680912571
3167,3.5924383496069945
3168,8.892591965996537
3169,4.1068324134712295
3170,6.634205319954255
3171,5.414257505927713
3172,6.358665748172513
3173,3.5332769498864742
3174,6.719765700119268
3175,2.031985874180145
3176,5.6251013674018555
3177,7.274795510951885
3178,5.041703860152225
3179,2.926167898007658
3180,7.2438039561611784
3181,5.003953001938466
3182,5.560124296461565
3183,6.85653874283911
3184,8.278158072251657
3185,4.7824794866852685
3186,4.5015275269508574
3187,5.1132462905686
3188,5.403520358792691
3189,3.328204127734731
3190,2.1447042366766054
3191,8.030065933925885
3192,5.3050135902714715
3193,5.541079987896999
3194,7.128684059282824
3195,2.84601583750676
3196,8.205707469606743
3197,6.504470745512342
3198,7.229673752741801
3199,4.005945025200781
3200,5.569163217864982
3201,8.719625662264912
3202,6.942777408329045
3203,6.027753934201868
3204,7.976663241471595
3205,6.7380043797414935
3206,5.629442658286224
3207,7.468153995720007
3208,5.27095947198728
3209,3.2529347053656443
3210,5.8507385072473825
3211,3.218883555179789
3212,1.720743763103413
3213,8.958216902812504
3214,5.171282111992749
3215,5.06286829909357
3216,5.043497951631549
3217,4.8480544032161195
3218,2.600384137721
3219,6.144219516761783
3220,8.066420374636259
3221,7.2976396662359795
3222,7.10663618220666
3223,7.613412371171677
3224,3.5879481255172885
3225,3.8287639164476244
3226,4.579151808870708
3227,8.8268231231434
3228,4.374481111851599
3229,8.216989493078238
3230,8.226812358944882
3231,7.51328740235418
3232,5.569063565258015
3233,4.723317292966227
3234,4.830988075553733
3235,8.138456024667324
3236,5.725112677999403
3237,7.245703006603525
3238,3.259540383211707
3239,6.582559573298129
3240,5.104055428081272
3241,8.32935454161028
3242,5.146080574373952
3243,3.6744118504397663
3244,7.658722577213129
3245,6.3928668816122585
3246,2.1659402186120253
3247,6.682489849509715
3248,9.062687653451007
3249,2.5602647148080644
3250,5.353764430996732
3251,5.665079288363695
3252,6.255649799334086
3253,5.79535793757162
3254,4.569618112087113
3255,4.814066112037983
3256,7.8388893332883285
3257,6.350289483885001
3258,8.294782456531948
3259,6.177929605404545
3260,6.528574757692931
3261,8.117988589890096
3262,8.4010510076819
3263,9.242320948712972
3264,5.568374387269987
3265,8.245991361855213
3266,6.965253376877661
3267,8.373504732713943
3268,7.253119713566549
3269,5.439699143978043
3270,6.062372978730936
3271,5.229218191890652
3272,6.7847060993962724
3273,7.961010554649425
3274,2.0312547036658906
3275,6.497730639898469
3276,6.383397004455563
3277,1.820447313483963
3278,4.543325915843735
3279,9.320636113651522
3280,6.586492701735193
3281,4.859372991720174
3282,6.906037283317229
3283,7.428815897139717
3284,6.742640270686322
3285,7.0308969432751285
3286,4.283922853487062
3287,9.264501643632705
3288,5.62804585689049
3289,6.712728096914493
3290,5.849518185678325
3291,4.674152432512278
3292,3.433114136777421
3293,5.644999052675248
3294,6.671321113520786
3295,5.030143023159497
3296,6.551328524771005
3297,6.93852244810879
3298,6.345867778981185
3299,5.034705270657175
3300,5.537985765689821
3301,5.410049914185927
3302,5.467805622814464
3303,4.718188529645149
3304,5.34177271510355
3305,6.01141224059225
3306,5.625228356225392
3307,6.533726968234375
3308,2.2376126061277755
3309,7.274299422267234
3310,6.643180244133163
3311,8.257845114080315
3312,5.121818990984944
3313,6.104644788839557
3314,6.143587997976439
3315,4.428289098355538
3316,6.962280586431286
3317,7.782981090185299
3318,1.5149208576596243
3319,8.590335978351252
3320,7.0721550331794605
3321,4.028544771243526
3322,1.9969759996884262
3323,8.18312921391184
3324,6.5926311987476245
3325,6.347397509825572
3326,9.99103196798899
3327,7.664283352104732
3328,6.505100998305259
3329,5.156470597919352
3330,7.197821947871944
3331,7.216644930327116
3332,5.4266122799525345
3333,5.816301643861355
3334,4.801226180531972
3335,6.51145391368535
3336,4.502723187951528
3337,2.404676157113965
3338,6.572556136722909
3339,4.543958050997516
3340,7.57377668512889
3341,8.281702250949024
3342,7.151012863443498
3343,6.412977752286615
3344,4.6754110289505535
3345,6.695876115819701
3346,6.516864271249061
3347,9.325855780444227
3348,8.445862500744155
3349,7.6468664745533035
3350,8.254809795864444
3351,4.996828019398109
3352,5.396248161572629
3353,7.357937760443282
3354,7.356371088665295
3355,6.378931363501491
3356,7.002592095227686
3357,7.9730410164930055
3358,8.763332144878998
3359,6.094936839138418
3360,6.4398273077290416
3361,8.163757349114
3362,7.757905575149679
3363,6.00238669239606
3364,7.488909610960192
3365,2.4430967645843213
3366,4.819342692420762
3367,5.435570478901612
3368,7.230522609656174
3369,5.797417015108727
3370,4.269913332685773
3371,6.668377523844001
3372,6.927558939261897
3373,7.753615358443728
3374,5.881275107487544
3375,5.5378999428794495
3376,8.56980548408423
3377,4.284932413498356
3378,6.895701055976621
3379,5.9150891003908965
3380,6.814337936505651
3381,8.237266149876866
3382,3.3754006673100734
3383,6.447854134971875
3384,6.709412288597812
3385,7.921762626280099
3386,4.278806158971284
3387,8.219126750490094
3388,8.764685815311708
3389,7.583372483917976
3390,7.913315560170517
3391,7.8758673786039015
3392,3.448128836434042
3393,6.953776344239959
3394,6.886847258412488
3395,5.4532055693039325
3396,4.050715819226084
3397,9.64895386259922
3398,9.839572477496942
3399,2.3617326441000537
3400,9.54922050941661
3401,6.096323442912556
3402,6.650891138586777
3403,5.478091529601988
3404,6.142736530986969
3405,5.919288985191511
3406,7.639344282492905
3407,7.524472427941056
3408,6.220738784424154
3409,4.5741371977947605
3410,4.803510304008194
3411,4.834212816072762
3412,4.2362251492874154
3413,6.504734502364888
3414,5.769043674167861
3415,6.440788721135876
3416,5.685562128908619
3417,6.1567476308431806
3418,4.583444473834172
3419,6.554742126825723
3420,5.50606535241936
3421,5.748864041492899
3422,6.942702476283747
3423,4.463920763915231
3424,7.637494562243808
3425,4.835031850123826
3426,9.37166111648254
3427,4.343474622099506
3428,5.34583841868895
3429,6.937497975370122
3430,6.176404286064773
3431,5.824837044109368
3432,2.3160612910554805
3433,7.4069171097543895
3434,6.387581921785357
3435,5.955443747877811
3436,4.565725177898587
3437,4.472610996502195
3438,8.522858074781087
3439,5.238865814982118
3440,5.872116687439243
3441,3.20367652741395
3442,7.376836016416123
3443,2.746914532937296
3444,5.261014475080595
3445,6.7280477389534985
3446,8.497756882410675
3447,8.030300268932292
3448,5.377757564705942
3449,5.1893828459394165
3450,5.993087101278173
3451,9.186292916247215
3452,9.440923186003218
3453,8.656793233915723
3454,1.8029083686757632
3455,3.5312647223524847
3456,4.744961643330347
3457,6.366623398002636
3458,4.1977021948617095
3459,8.474614278641745
3460,1.8283493341608743
3461,5.910090717394521
3462,5.869768906027419
3463,4.168293553425446
3464,7.387352015939533
3465,5.526091107479329
3466,7.139017671850649
3467,4.754774146213951
3468,4.771090188016355
3469,4.292428025429818
3470,5.905507323058861
3471,4.848261801228521
3472,4.161088778971226
3473,5.214967493911544
3474,9.140471914254869
3475,4.386408694800522
3476,2.4078893179047216
3477,3.919360004668035
3478,5.099492217062681
3479,7.072133496300882
3480,6.521896545071537
3481,3.5390583757578282
3482,6.533757377335518
3483,9.09794964765855
3484,5.272847907542726
3485,5.978998385266946
3486,5.842993141176259
3487,5.052802635422943
3488,5.653078650113031
3489,3.8868603084479965
3490,4.236992172966061
3491,8.025195627111376
3492,8.28562978657004
3493,7.331853377035405
3494,9.263442423428716
3495,6.1216613725189175
3496,8.049631662859987
3497,2.071729110096104
3498,6.02639172953225
3499,6.507537948562065
3500,8.490047081928605
3501,4.317729570320505
3502,2.5091765735178266
3503,4.7715915931384965
3504,3.551358169101767
3505,1.642690142286095
3506,6.031712873158868
3507,7.581931761481107
3508,6.9254557682451505
3509,7.077773737658278
3510,4.657493114888658
3511,6.418521688761958
3512,6.1657508220027974
3513,6.103874791392213
3514,6.254309279773817
3515,5.730955969461325
3516,4.99121832131998
3517,9.277151783581886
3518,1.5310995910112455
3519,6.923567204825767
3520,5.625545898774094
3521,6.069379633629163
3522,8.691363593925894
3523,5.072118049379262
3524,7.351840284008038
3525,8.75099069140133
3526,3.2795075538401983
3527,5.471805405140123
3528,7.681393099382136
3529,9.733734715353545
3530,8.312538412845164
3531,3.9990373696288626
3532,6.218914410806208
3533,7.388706804849518
3534,6.886147426544094
3535,9.31654232419316
3536,6.181662323700758
3537,3.8228723714204342
3538,7.465069267298652
3539,7.361542093995831
3540,5.697198313731909
3541,6.891451919566692
3542,7.130824699856245
3543,6.166014645314234
3544,8.206579316474278
3545,7.322180048076624
3546,7.770445462960206
3547,6.767644778421543
3548,5.594907879648284
3549,5.150360506814284
3550,6.321915370089093
3551,8.543527989494514
3552,8.173694552593282
3553,7.689824473431808
3554,5.357977110633628
3555,7.640416498409666
3556,5.614364115185561
3557,2.922015302793396
3558,3.1351385241968055
3559,5.274570055092835
3560,4.25445358426015
3561,6.227035867201504
3562,5.151363738669327
3563,7.499096242421418
3564,8.266968260269508
3565,5.643159201691371
3566,5.596983604753689
3567,4.6996379609539325
3568,6.378824298274838
3569,6.62200461365895
3570,5.504657785525369
3571,5.82716397785546
3572,2.23198132167517
3573,8.410802267830874
3574,4.930485268786188
3575,4.92016582790372
3576,7.769740697997808
3577,3.9831175713397298
3578,8.520612407952104
3579,5.489447349329889
3580,4.653267928653459
3581,1.8549001851969908
3582,6.146029570469862
3583,5.279244243936327
3584,3.271046076829026
3585,8.274264761802021
3586,6.452281286950926
3587,5.450250903596286
3588,4.509833601391964
3589,4.9410769503753595
3590,2.2510096929803547
3591,7.376523613265283
3592,5.6674682913587535
3593,7.974540648545409
3594,6.447256629960329
3595,4.716395838275013
3596,7.888166634006941
3597,6.234599169814411
3598,5.319478830074574
3599,6.200870182474207
3600,4.872149664965664
3601,6.534733069455834
3602,3.377699056322178
3603,8.633612135986265
3604,5.104350458601905
3605,5.498727330723165
3606,1.2884094941868565
3607,4.342168736524042
3608,6.684078354512104
3609,5.484477953020258
3610,5.25172767752499
3611,8.807784677858892
3612,6.054659832278065
3613,4.915237845740478
3614,3.4253783870354226
3615,1.7627207623403018
3616,8.039763508532058
3617,5.963833198884152
3618,7.47275899579801
3619,6.564378725307769
3620,5.4787939736731746
3621,4.1568405337830665
3622,6.164584457501604
3623,4.482367765476245
3624,8.623864985990451
3625,6.226708065024266
3626,8.87435472395414
3627,6.449389128833209
3628,6.755490742506123
3629,3.8574751325702006
3630,6.199773697804601
3631,1.6612266615654931
3632,9.433216299140458
3633,6.0618841028296995
3634,5.834783634965259
3635,5.952251938892226
3636,6.045000982133326
3637,2.331276464771203
3638,5.670852110703374
3639,3.411125894169957
3640,3.976113236438497
3641,3.235959248548988
3642,3.193613241299521
3643,7.565490939767254
3644,7.3272997213654225
3645,7.260554563595554
3646,3.476037745796086
3647,6.422538390188763
3648,7.466864190421918
3649,9.617716019644668
3650,8.18447821229781
3651,7.697623237644857
3652,8.386346050418085
3653,6.479367368977139
3654,5.619292040603492
3655,8.70124707412404
3656,3.0701453846578706
3657,8.767963197299634
3658,5.539169957823768
3659,4.2196946301990526
3660,7.661914058823889
3661,7.286341837960233
3662,6.0757937808216615
3663,5.424763966895046
3664,8.491361300616413
3665,4.269622235230463
3666,7.829097638948589
3667,7.025942813735579
3668,7.6338386105720515
3669,4.4263381138844595
3670,3.2998950919483367
3671,7.377013084518318
3672,3.1738879991864617
3673,6.459586551888398
3674,2.9872561610610964
3675,2.124184020560495
3676,5.59103531135556
3677,5.182330646461583
3678,5.844624539665932
3679,6.378635535253448
3680,10.005463116530773
3681,5.5826121232673085
3682,9.07203356326536
3683,8.869505547566913
3684,1.2963698489062168
3685,5.589233358540201
3686,6.967120717325296
3687,6.389755077182843
3688,3.1546520489414727
3689,7.14607887317512
3690,5.584032146131795
3691,7.248226731549452
3692,7.990830997545638
3693,8.971707963290909
3694,6.506055919291384
3695,7.605100211604043
3696,6.460222178791665
3697,8.068385642557459
3698,4.929259575548533
3699,4.710407511505367
3700,2.959883059696284
3701,3.7285087484222252
3702,8.977558951674837
3703,3.441476555574781
3704,7.079217663578705
3705,7.135465486660466
3706,3.510525710567854
3707,4.567974595962631
3708,2.4433685161778027
3709,5.876944990475487
3710,6.173144779839716
3711,8.237963521028925
3712,5.569742440225948
3713,3.405197567922435
3714,5.288991357294195
3715,7.492699108259366
3716,5.444369105098242
3717,6.108973940484659
3718,6.823819150555726
3719,7.03084284081703
3720,7.693495709745893
3721,8.159042103948654
3722,7.118781448151106
3723,4.173720728385092
3724,8.241884435284149
3725,6.138969156814887
3726,2.665634458117977
3727,6.407983091075631
3728,7.3022846048634
3729,7.207498360882198
3730,0.42266029065210464
3731,6.587279357786927
3732,5.206761388026255
3733,7.268077767450095
3734,6.931377948095915
3735,1.929947848379057
3736,6.426593719004015
3737,7.745084232813372
3738,5.530690671633886
3739,8.471796218584293
3740,6.796941478998885
3741,3.6063942822372788
3742,8.767120315388334
3743,4.463169381829518
3744,5.551750210786899
3745,4.695504272617546
3746,9.591220396736794
3747,7.8189664934980385
3748,7.351054127356307
3749,6.988914692193058
3750,2.8358540099885428
3751,3.5018251962464313
3752,6.410293611132571
3753,3.870219868579209
3754,3.8920661660765057
3755,6.277697288426613
3756,3.485394972331304
3757,7.4905896453984475
3758,7.654078119860209
3759,7.052112342653791
3760,8.84244514284374
3761,6.966200730763451
3762,3.906241900493437
3763,8.457892720859876
3764,4.404451251191583
3765,8.966022520338772
3766,3.451998801948699
3767,5.7676840517706776
3768,6.048661273445251
3769,6.335960947704748
3770,3.9378947433410145
3771,6.077767899750442
3772,3.0628162776223333
3773,4.743827885944893
3774,6.0360509712905435
3775,6.667455209060454
3776,7.506254608047934
3777,1.1043553007890372
3778,5.766312463649868
3779,3.5337490162122602
3780,2.662741892345827
3781,4.162544568818715
3782,5.219953286584814
3783,3.6570901495185386
3784,3.8296882580017755
3785,8.210062862598244
3786,1.9561223016882874
3787,8.290276111158434
3788,4.892646882867848
3789,7.356654532227493
3790,7.733696726172575
3791,5.173192460151232
3792,9.121807620393927
3793,4.274203388415462
3794,4.74773724824536
3795,4.4003837497550435
3796,4.248602652913652
3797,6.133138112134099
3798,3.6903967252499235
3799,5.986434462280694
3800,4.915362043916895
3801,8.290746211155536
3802,3.898270605108513
3803,1.4264450791519527
3804,8.861876394920055
3805,2.1274791123401497
3806,8.128406692638801
3807,3.0080428433569812
3808,3.762464803758889
3809,9.291901389623792
3810,4.535171906857728
3811,7.198725215309813
3812,6.541015952779893
3813,6.835481220165628
3814,4.584989211896751
3815,6.916484041189435
3816,5.436070704703233
3817,6.093481148590788
3818,4.390760589073414
3819,5.622867676400562
3820,8.406142788410206
3821,4.343053862637991
3822,7.889137255252427
3823,7.0530432062342525
3824,8.414204382802673
3825,8.048198272502635
3826,4.2249895540633275
3827,9.367278561625714
3828,6.202244171675908
3829,5.893932840824295
3830,6.568396632015
3831,8.903436615737872
3832,7.669224487337242
3833,5.023047306161389
3834,5.686658913429428
3835,8.575647773185842
3836,5.9963878409741165
3837,3.5138547340093598
3838,6.686459572384952
3839,3.645275611888167
3840,8.800288803364888
3841,6.931084403209397
3842,5.388833725746519
3843,5.5055852769857445
3844,4.731627106992908
3845,8.944694867699198
3846,2.8611227922941427
3847,5.962568821777312
3848,6.658395152466589
3849,3.945004250163045
3850,9.201684835236007
3851,3.400725979511929
3852,5.025723527126207
3853,5.853537762720761
3854,3.117241424170776
3855,4.263251203208512
3856,6.15258135553343
3857,7.045018963143963
3858,9.34497031084343
3859,3.2256431537228254
3860,5.625769248555992
3861,6.9299786809552515
3862,2.468488340976541
3863,4.803144937993446
3864,7.814707580020054
3865,6.184336471850698
3866,5.519059855627579
3867,6.305218099361948
3868,4.250633326828419
3869,6.213185486517693
3870,7.234332908699212
3871,6.140689797988267
3872,6.1729440854555895
3873,5.429992596016331
3874,6.893283902460195
3875,6.2371002878807165
3876,8.03093158426809
3877,6.866739670038132
3878,7.063908294747051
3879,2.0203933268739087
3880,6.992097435816764
3881,5.158991418556264
3882,7.204510770916578
3883,8.408159413775358
3884,8.04341912432929
3885,4.015792326838358
3886,2.470179573408074
3887,2.396295684845439
3888,7.882932144667317
3889,6.577253397906837
3890,9.3971679043844
3891,6.773495733004508
3892,2.7969635519364
3893,3.035475265564523
3894,7.416186024510955
3895,5.704738081386062
3896,5.485344566404211
3897,3.1434469189901333
3898,6.2363507977977495
3899,1.994091185516134
3900,5.392183619347216
3901,7.081698719774676
3902,8.231400593539094
3903,8.792369594874923
3904,5.771516357643666
3905,7.215736211969045
3906,1.4919091264470907
3907,8.570195669838405
3908,3.8088791883262423
3909,0.7816701984126695
3910,7.776001431390233
3911,7.1215784350624185
3912,4.082983885937641
3913,4.522254055107099
3914,4.935410677490412
3915,6.100126407906589
3916,9.442082388041438
3917,1.9101338504213743
3918,6.260371305688503
3919,6.412815380582981
3920,0.626385301244655
3921,5.842773128720734
3922,3.38063930475471
3923,6.833594343425075
3924,5.896021724848167
3925,7.725833002062021
3926,6.34480392076918
3927,3.1028671570604045
3928,6.387204117430921
3929,2.116723806898567
3930,5.9209737461860765
3931,4.158033830022388
3932,3.3307543401413837
3933,5.266821869311386
3934,1.6802789961126807
3935,4.824058418887002
3936,7.520462328096226
3937,5.190738815366948
3938,4.21986793684679
3939,4.49875613273599
3940,7.375423347508087
3941,3.340138098800911
3942,3.8995497072596734
3943,6.550984477945897
3944,4.90576240281508
3945,4.183401492291585
3946,5.9657191583893425
3947,8.075099726225682
3948,8.539952409767299
3949,3.70771891718445
3950,2.4718825507690805
3951,5.703339532648312
3952,3.4285674853687587
3953,6.720495569783054
3954,5.946127420265757
3955,7.040109950468514
3956,5.658328836867587
3957,5.161977330254576
3958,4.524098278736177
3959,8.112122622219543
3960,7.512817427149666
3961,3.768610546339619
3962,7.40394260642651
3963,4.505093765531768
3964,3.742265305439246
3965,6.712238019685499
3966,5.751446493675294
3967,5.181313991924376
3968,6.780967271046805
3969,1.3416871825998484
3970,9.12696595356455
3971,8.64202414327706
3972,6.196380878399765
3973,3.7587146645253284
3974,9.339389546596799
3975,4.906316978275954
3976,9.034067765356404
3977,6.292317695297314
3978,2.8265520343609096
3979,7.108060954386778
3980,5.371877861378219
3981,7.61881348484391
3982,9.683158112531206
3983,6.708803465136632
3984,3.455755985584521
3985,9.413455615583338
3986,5.260460993648458
3987,5.329530769480815
3988,6.880103053259536
3989,7.244157849905008
3990,5.568568273862501
3991,2.1351024042126623
3992,5.7122972236664005
3993,7.950568176505083
3994,3.9420598065209753
3995,3.717032885215615
3996,8.702931475867869
3997,7.811029656284844
3998,5.667214762768962
3999,5.5054190836043775
4000,4.817210150911257
4001,5.99352559555588
4002,3.633832205150238
4003,4.455197744213498
4004,5.249382633721539
4005,5.57158734327524
4006,7.09324030541978
4007,4.926076662036285
4008,8.841071482978167
4009,7.119961414533518
4010,5.6752025104593224
4011,6.742664268632524
4012,2.1761784302861393
4013,2.9590296917471446
4014,3.764677609725549
4015,5.050420431156362
4016,4.306220859697634
4017,3.0552209645843016
4018,6.594246092031334
4019,5.676518354522022
4020,9.137445116661175
4021,2.094400684453236
4022,8.399674893022011
4023,5.643048100412664
4024,6.571152181991515
4025,2.122670408839766
4026,7.4642535387054165
4027,8.191479026170292
4028,5.822551278663563
4029,7.288988391758713
4030,5.9440800781959116
4031,7.758707618050885
4032,5.289122045683433
4033,9.014827485779975
4034,6.814483443143581
4035,6.272115796118079
4036,9.296116191929329
4037,7.109914175353173
4038,5.320827222429983
4039,4.679101937435697
4040,2.940678662604045
4041,8.260204541931838
4042,6.825085785436577
4043,8.10448600574146
4044,6.5051507145733325
4045,8.019301924863756
4046,4.879186951960248
4047,3.17930924949784
4048,7.216960812576638
4049,3.898854443955784
4050,4.897509542018665
4051,2.2930604872114535
4052,4.130202849174226
4053,6.24774962590631
4054,8.014252853967731
4055,4.014159929292189
4056,6.790263740835994
4057,7.796468205469315
4058,8.656353762627116
4059,6.7756042992409595
4060,8.221986004454552
4061,6.807889186651917
4062,2.9141946745063083
4063,7.772838809833212
4064,6.314597245339005
4065,2.675663106268817
4066,6.435851281756314
4067,5.456966270385729
4068,4.730055918009208
4069,7.698134126890939
4070,7.233996272278602
4071,2.925874793637803
4072,7.104130428084123
4073,7.998151684784871
4074,5.9012612019495325
4075,6.724061362888171
4076,3.986038276724666
4077,5.966149651288859
4078,6.76276418817781
4079,6.352375256317886
4080,2.4103877346811844
4081,5.649253425744077
4082,5.219096284568423
4083,1.9121661910973264
4084,6.888827133334372
4085,6.315234571379411
4086,8.074420494589996
4087,5.607566886281875
4088,5.998485090192151
4089,3.5635955772664216
4090,5.324216234713839
4091,7.604364567106509
4092,8.02846402966243
4093,4.718773557002407
4094,8.650178797059155
4095,7.175711685930553
4096,7.466801351858095
4097,4.442854021824694
4098,7.801827337624705
4099,5.266893421806339
4100,1.0392303905363436
4101,7.468725296021475
4102,7.492844194946549
4103,5.443515256995447
4104,3.2913374973767335
4105,5.7380768276945995
4106,7.495447748231727
4107,4.835958064726076
4108,5.786039101460464
4109,5.597445218953895
4110,5.511422081237361
4111,4.891281438058934
4112,9.370772997028254
4113,4.833558065308372
4114,6.620794253954511
4115,5.534936764797467
4116,9.293253763946423
4117,6.120003869927127
4118,1.729812628462171
4119,6.558119153433522
4120,5.676817652145093
4121,5.272118688913379
4122,7.943869865575762
4123,5.474537775330728
4124,8.513545162835921
4125,5.308976693776974
4126,5.413545349657763
4127,4.209561020558457
4128,3.7122904000078703
4129,4.386566580138286
4130,3.5350931267992216
4131,6.392316997351835
4132,7.553860365636951
4133,5.202932402246106
4134,2.8013950610383263
4135,5.993833648909883
4136,5.935686259009252
4137,5.04064313683781
4138,1.850362687567353
4139,7.297103571666643
4140,4.117267774709116
4141,8.190382080836807
4142,3.8099031171874995
4143,7.597946007250297
4144,4.542078149062644
4145,5.517611330595376
4146,5.8270658958496035
4147,4.468517614779491
4148,5.90254558155007
4149,7.148969540720833
4150,3.374285061280468
4151,8.730309153313733
4152,2.688721586054405
4153,7.715844879368474
4154,7.55415075236774
4155,8.09093204640725
4156,2.9714232511425474
4157,6.227671073548949
4158,3.9703572652897585
4159,4.745915749132731
4160,5.474996466477862
4161,6.8662161794235885
4162,4.8578123032625005
4163,5.4796337012712435
4164,6.36077414031524
4165,3.0880866340161526
4166,1.3841395898536852
4167,6.266761660741071
4168,5.098674138238743
4169,5.0563845329282495
4170,3.207011142509241
4171,2.657834766231419
4172,5.009336638765376
4173,7.804963225559921
4174,6.602583791049195
4175,7.350066976731661
4176,4.919945686248661
4177,6.586984463667853
4178,3.506660452320792
4179,7.638747325485124
4180,7.120424968283496
4181,3.504751797227722
4182,7.712136020886191
4183,4.846804874115999
4184,5.747385087162816
4185,5.380804369939212
4186,6.725885811374865
4187,8.501936633013628
4188,6.685411326568738
4189,7.8377822964379735
4190,4.298739023718663
4191,7.444409074224265
4192,7.357489322524062
4193,5.518111919037977
4194,3.1069301705372285
4195,8.362449228306687
4196,6.958695632957528
4197,2.965590318165172
4198,3.775511558832746
4199,9.452633140206355
4200,5.39774208129067
4201,8.737230732701121
4202,7.410782334895854
4203,5.474849338012793
4204,7.588630758140385
4205,3.3242885071715875
4206,5.459759529649135
4207,7.473861297565007
4208,2.8650158730225477
4209,5.585918759050671
4210,5.257678405842333
4211,5.082463889349166
4212,7.292345354021186
4213,4.515182128023609
4214,6.30829956105891
4215,5.785159359287864
4216,6.24458393655713
4217,6.580185085525262
4218,5.051408183942405
4219,5.75878524712809
4220,6.047582425051474
4221,6.816155143324882
4222,5.146085023480998
4223,7.4920893250573
4224,4.29307894501374
4225,4.694254426942392
4226,7.243265477476043
4227,3.8690969273426967
4228,1.7864162640335381
4229,3.454151295859665
4230,5.6984846269713065
4231,4.888377502457578
4232,6.222801923764301
4233,3.5845926668071115
4234,7.056773491512731
4235,6.165865944140778
4236,7.753341028183956
4237,7.056839922668676
4238,6.171190547477052
4239,7.746025332862262
4240,8.379763039490744
4241,7.327200992037111
4242,8.624093094323921
4243,6.419766414684239
4244,6.580776636152395
4245,6.809881279794947
4246,5.0726729416265535
4247,7.686960930067738
4248,3.7198694994524395
4249,7.810675308395931
4250,3.4267032208817554
4251,2.132461124957867
4252,7.603009539777523
4253,3.798153353193291
4254,4.921224947993035
4255,4.64097187857767
4256,5.559925508411336
4257,5.249469511330029
4258,8.321964815188638
4259,9.005950107817245
4260,7.165082965234024
4261,1.7790659686247334
4262,5.205618957673842
4263,5.77673183208501
4264,3.3866745990144804
4265,4.476753532191779
4266,7.4482032276010495
4267,4.23093170529901
4268,7.189603081297526
4269,4.920135285406553
4270,3.575626570056068
4271,8.705791256906911
4272,6.96016205021751
4273,4.329750056067163
4274,3.9176712954419872
4275,6.154437595320588
4276,5.73307566413664
4277,6.980059677278361
4278,6.952948928320929
4279,2.6626273682063264
4280,8.282716277119802
4281,8.46833116538153
4282,5.208653816488451
4283,5.007081914334662
4284,7.171480249079965
4285,6.578745059345033
4286,5.00103097351999
4287,4.537329250177638
4288,6.049406415939641
4289,6.390228064622634
4290,9.301428411716692
4291,5.682359962383268
4292,8.94165322169852
4293,5.246482516864146
4294,7.351596334111339
4295,4.649962422041982
4296,5.31077245496428
4297,2.7835336235568615
4298,2.0208897914133797
4299,3.662979431622435
4300,7.5249948654879075
4301,5.4751027933118905
4302,8.059896612742328
4303,6.174481960749745
4304,4.340654505104784
4305,7.560181134840632
4306,8.141680553410264
4307,6.968588603466869
4308,6.577296978487932
4309,4.850789293988744
4310,8.213032350182077
4311,7.062643156004501
4312,8.263620874060958
4313,5.788826473598036
4314,7.785974368585355
4315,4.868220111562501
4316,6.105750136052776
4317,7.049702071347877
4318,6.036082794135993
4319,4.576569648717731
4320,6.164223254441124
4321,3.487313864060234
4322,7.996985499208124
4323,6.479086433413388
4324,4.064609081452424
4325,8.527585741390913
4326,4.539422913185222
4327,6.205532486827637
4328,6.4097024441434876
4329,5.251511857824821
4330,4.717770935076648
4331,2.3748130607111313
4332,3.393797659135842
4333,4.126591384054002
4334,7.058541723227358
4335,5.2693423066580625
4336,5.140931804513402
4337,4.89798755826715
4338,6.874953462669634
4339,3.9466125974098514
4340,6.068450599639364
4341,3.3018949269237923
4342,2.684351169622036
4343,3.196349214455965
4344,5.280321671710619
4345,3.559201711733705
4346,4.073142791784434
4347,5.9581674684684565
4348,6.588348846445753
4349,6.816128161406712
4350,8.270883749152599
4351,8.493969065917735
4352,7.598640203584453
4353,5.794363228704663
4354,4.677692799768865
4355,5.888748087651925
4356,5.5236834924206715
4357,6.096010915152031
4358,6.061209845922386
4359,6.2204771439763125
4360,6.2212915309554635
4361,6.706427855977544
4362,8.440981778412235
4363,3.1674753418532866
4364,7.513241702753708
4365,8.541212272582806
4366,7.945362782049191
4367,4.086727219049143
4368,9.427955288540698
4369,3.143926396163113
4370,5.307484497104113
4371,3.2401262146375625
4372,2.7617045086441765
4373,9.091841374047064
4374,4.687324276577648
4375,6.6355273023052534
4376,3.2097224499470816
4377,7.047353466478684
4378,6.8405438971209165
4379,6.123929224633797
4380,5.491228458091584
4381,6.583889599661642
4382,6.155709914902785
4383,5.295660949092436
4384,7.882161710145014
4385,6.421693228745049
4386,9.495649163312397
4387,6.040465605873564
4388,6.98852949708473
4389,9.051562457369906
4390,4.28218385045818
4391,5.4673929120275755
4392,9.497550434891163
4393,5.943212074704277
4394,9.3562418282148
4395,7.20105032740085
4396,4.822461387522927
4397,2.4410912868171035
4398,9.416687547639388
4399,6.589395626747136
4400,5.611637846558752
4401,3.849058318496175
4402,6.9762479923544
4403,4.587916891671417
4404,9.126765769015119
4405,8.271678677185525
4406,2.1727360772852076
4407,8.416770335046987
4408,3.4582399606570626
4409,7.476467183245681
4410,4.747489880551975
4411,3.347774300018101
4412,4.4354473665328635
4413,1.3775526380692407
4414,5.098949171072351
4415,4.248190149472425
4416,5.237979187154073
4417,5.542257701503685
4418,5.118539960588478
4419,4.48643936175786
4420,4.456711844506998
4421,7.335903685668685
4422,6.354213020699235
4423,7.113016528776347
4424,4.603086374446694
4425,5.6792671207524466
4426,8.611301472759614
4427,4.100969704691707
4428,4.979261771861678
4429,6.332053167354272
4430,5.249369736427551
4431,3.940644414729621
4432,3.331841198170674
4433,8.197865485672299
4434,4.527555401535658
4435,6.493858559193276
4436,5.684088664151301
4437,1.9901544574611139
4438,6.766639747260271
4439,6.388251545168043
4440,8.134187710205767
4441,9.352591087240441
4442,6.062525050031308
4443,8.895333590595273
4444,7.125154191591498
4445,4.184289065754184
4446,4.748418305753317
4447,5.675261350821069
4448,5.8075947266736
4449,5.077141205680854
4450,3.704849877889881
4451,7.425507768356412
4452,5.672219996627082
4453,5.9530393128364745
4454,4.194774761646622
4455,6.158173685928187
4456,8.174099293050725
4457,7.142639200798113
4458,4.735700312411316
4459,9.067540301340342
4460,8.040595261178359
4461,7.150021167897658
4462,3.436382230418338
4463,2.6966223407761
4464,5.6704544704668285
4465,4.800864166567576
4466,8.138744476380705
4467,4.197643437620599
4468,6.578773688279625
4469,8.724389716969664
4470,5.9718738242526115
4471,7.713963017955852
4472,3.4877973701851954
4473,1.4989882721272716
4474,4.864241554282503
4475,4.76548450689334
4476,5.62991233787382
4477,4.114890828573664
4478,3.9812989520633626
4479,7.331998705290911
4480,4.5862147352265925
4481,6.354228828543875
4482,5.719780856645312
4483,5.404756163208708
4484,7.454096943002035
4485,6.8610412562219745
4486,4.523858570048632
4487,9.671567634985905
4488,5.50937737399385
4489,6.264079547584446
4490,5.125226124627563
4491,5.447791530407484
4492,9.215913396465671
4493,4.6292806130859585
4494,8.423346760877973
4495,2.51819270847826
4496,4.442572815827226
4497,4.5608859153729995
4498,3.216448590990148
4499,3.9208396395561453
4500,6.078271381836297
4501,6.012781353287364
4502,2.2202026412451827
4503,1.9663561892320685
4504,4.438283696042019
4505,7.4019333501129525
4506,3.1832118053090515
4507,8.664141914814289
4508,9.10243455157703
4509,6.050913509623328
4510,4.3939983991383595
4511,7.622630874884679
4512,7.2110044887944005
4513,7.185327124706571
4514,8.634736078839447
4515,8.111986296901692
4516,4.167496999022157
4517,6.485175455554508
4518,6.383908797116207
4519,1.0841525818763857
4520,6.536407349650061
4521,4.957978875244606
4522,5.070058585133594
4523,7.259585733921087
4524,4.389758006133198
4525,6.849324239005096
4526,6.523852816883042
4527,8.136872314982782
4528,7.360178470732961
4529,6.482912749456169
4530,7.335053122517764
4531,5.063633684734241
4532,2.922465450750867
4533,9.622997752777561
4534,9.444497469755573
4535,5.502664249893867
4536,7.6911030791853685
4537,8.15788071326469
4538,6.037269066968965
4539,7.175630147296687
4540,3.3105913667857907
4541,4.5836395336046225
4542,4.059590540093213
4543,3.8696650767157315
4544,6.577063313746887
4545,6.199924224420112
4546,5.117747298305288
4547,5.557371292194515
4548,3.4932536062400197
4549,8.891457012756614
4550,7.0211279906145405
4551,4.8360640734405855
4552,4.522264343736087
4553,7.899485791509605
4554,4.022498246213225
4555,9.79136046690133
4556,5.911639256386257
4557,8.35486845774713
4558,2.8919077382232925
4559,8.098291648052234
4560,6.706631484462325
4561,7.742011802596524
4562,3.6172457913678566
4563,4.065888948319488
4564,7.822969957516187
4565,1.967018883671094
4566,8.176474885892642
4567,5.251380624770552
4568,5.217596894857703
4569,5.835740966190933
4570,5.974280441674389
4571,4.1046008691939715
4572,6.580515180218921
4573,7.2208441078537415
4574,5.949993430054378
4575,4.08244678287624
4576,6.070401387935393
4577,4.432097535376237
4578,6.391801366271295
4579,7.482094543508957
4580,8.612235865067863
4581,8.497593959172272
4582,7.73892046287793
4583,8.545237174802867
4584,3.5427342098870267
4585,7.072560709238358
4586,7.74311180228557
4587,7.607046224075719
4588,8.25902832968454
4589,8.231335261694614
4590,6.143978637788984
4591,8.00122977958518
4592,6.77964399127307
4593,6.639837385265259
4594,6.130423195966287
4595,2.449934428756088
4596,3.962631759020104
4597,7.698064661092587
4598,7.556895385537795
4599,3.5850296140899394
4600,6.7153713961801795
4601,5.970535541137624
4602,5.479808472274235
4603,8.11559328719288
4604,5.619328390118358
4605,9.196447139946915
4606,6.468203018697635
4607,8.37444406934408
4608,7.041508181600049
4609,7.3156728680296235
4610,3.911738142002095
4611,5.262349845113118
4612,3.3404113937692097
4613,4.401664475069452
4614,7.435353341415878
4615,6.321955755152204
4616,7.650978877928791
4617,7.718910684037311
4618,5.756947343033325
4619,6.829830130029763
4620,9.228220956911365
4621,6.800192823334829
4622,6.681739150459859
4623,3.8500910902364143
4624,6.06894576992423
4625,1.7586020730219456
4626,7.093724249591888
4627,8.926668650593346
4628,4.775099252842687
4629,4.4949728931508215
4630,6.164098822298185
4631,5.108098748279394
4632,5.698508245903497
4633,8.380725585758729
4634,7.109671863995983
4635,5.371065677212238
4636,5.908076798761699
4637,6.161327910466782
4638,7.348675557192262
4639,5.202955919175487
4640,9.441580068641885
4641,6.2348850121049475
4642,5.5773458362513155
4643,7.266540251648264
4644,4.792558345846027
4645,8.519129398097004
4646,6.585048477960788
4647,3.446432257142049
4648,6.215498079693356
4649,7.654547775636875
4650,5.516828285259308
4651,9.323015575509158
4652,5.4969136531805685
4653,9.530231932887691
4654,6.688690041560169
4655,7.933104814708484
4656,6.928342557874294
4657,5.344480203493909
4658,3.705224659158879
4659,8.266600349228131
4660,6.6697092426213755
4661,5.8218206852875705
4662,1.8860063188857046
4663,8.366494018768417
4664,6.438623987574395
4665,3.744610964270763
4666,7.217044418336804
4667,4.667192576866278
4668,8.061018459491889
4669,5.033505494912122
4670,4.5414812014362225
4671,8.40517752849703
4672,4.394722811732213
4673,8.430054075689707
4674,8.804153983391908
4675,2.60721263300208
4676,7.869765956636916
4677,3.4215158115002504
4678,6.183175198381545
4679,6.115813928529552
4680,6.314859244526855
4681,7.0805884167517545
4682,1.6667068964903429
4683,8.17701215466351
4684,8.509810103754361
4685,5.5425976499239935
4686,7.849669112498642
4687,4.073531764244152
4688,6.63563066124095
4689,9.945954456926582
4690,4.099423882862467
4691,7.31966850478594
4692,7.108541471229987
4693,7.815558301095992
4694,5.133348146541742
4695,5.59628507062254
4696,7.681487858072259
4697,4.675767184172696
4698,7.874416490876168
4699,7.042597421958917
4700,4.02209903948423
4701,4.855898291289266
4702,7.135235224436603
4703,4.771563250167972
4704,4.887516130350142
4705,3.3553030439550064
4706,3.220807861200643
4707,5.296257583107369
4708,6.191478801991273
4709,4.335008453614602
4710,7.534361100752788
4711,5.030800530499647
4712,6.310661191224823
4713,4.976390720287793
4714,5.672945788894983
4715,3.712042490639246
4716,5.9406259281269165
4717,4.49033886141054
4718,5.659523753704215
4719,4.233072716713513
4720,7.264186102830444
4721,1.7851258166861328
4722,4.893513762343736
4723,7.7896742339646625
4724,5.532657103218199
4725,4.499448534288756
4726,5.28062640731136
4727,4.32346152416772
4728,8.3600718370942
4729,2.348315816328979
4730,6.77676029847389
4731,6.164204020313097
4732,5.901373201664501
4733,8.287142166856459
4734,7.170221974086929
4735,8.014421121288349
4736,6.538110572919968
4737,5.6217489026682586
4738,8.946702497344182
4739,8.541662301501427
4740,5.575643488756319
4741,7.4194912743213575
4742,5.612106556332597
4743,6.120691913932991
4744,6.0372860063180624
4745,5.678047786364064
4746,3.8758266533431116
4747,8.922029894387427
4748,5.232698023778393
4749,4.7323262192301945
4750,7.86107388627385
4751,6.541777647313593
4752,7.137222819074049
4753,0.8132953097201936
4754,7.104798882543007
4755,6.660848713047059
4756,5.381329614118009
4757,7.931510047483246
4758,8.50264113872521
4759,4.689828472392144
4760,3.8855914759981087
4761,5.9234163177438495
4762,6.535704527455792
4763,6.4642151714704195
4764,4.9150625918011634
4765,6.653908212284315
4766,6.8691121562123625
4767,5.63184109593172
4768,4.911693061023099
4769,2.879210408441276
4770,3.310484630244046
4771,5.332732044696077
4772,7.118753365249981
4773,5.9376371033859705
4774,4.313037056845622
4775,7.093571151013982
4776,6.533540414544867
4777,6.876447812649327
4778,6.058771499916824
4779,9.25231471629879
4780,6.236949773507534
4781,4.5549157905690825
4782,7.155567627379713
4783,1.9213270727849112
4784,4.960861446503797
4785,5.079089492117732
4786,7.48716348241527
4787,6.159502206907499
4788,8.865207170496056
4789,5.849055893608056
4790,6.409455049327171
4791,7.565859664535817
4792,5.304851999647649
4793,6.343128185966275
4794,5.927872464685295
4795,6.387021558084387
4796,5.94308508414152
4797,2.751441510368357
4798,3.4321975414253605
4799,6.282492175902095
4800,4.998458421567345
4801,9.337860478456548
4802,7.230086716432998
4803,4.877314853089015
4804,6.245639641885363
4805,5.9000138141648755
4806,6.3371021907946155
4807,4.803914246491371
4808,6.0127468004452105
4809,6.0097264832299855
4810,7.081228330178941
4811,2.51481031253748
4812,3.660408157079656
4813,7.194579973087782
4814,2.6237647701191595
4815,6.290554115474198
4816,5.355264502647987
4817,6.589969318037514
4818,6.013390229772836
4819,4.906790167362067
4820,7.840894212027319
4821,6.366743941503769
4822,4.52138627019024
4823,6.768734447756361
4824,3.444640120788299
4825,8.00892160326387
4826,7.346304006681582
4827,4.755529645211194
4828,7.632355766514916
4829,7.068921639939612
4830,4.67770332163815
4831,4.949532954177972
4832,6.862204487913795
4833,6.015304168046348
4834,3.6503495295481803
4835,4.447827592385661
4836,8.585758898673939
4837,4.995988174342939
4838,5.785453276976226
4839,7.683619221701995
4840,5.533096661997934
4841,1.6435157918537628
4842,6.873176535988239
4843,8.144899577473467
4844,7.312136636085416
4845,7.824359578188058
4846,6.604118780987962
4847,5.5201754878658305
4848,5.5663334298243505
4849,3.556738539723789
4850,1.5264969860399802
4851,7.437333897952847
4852,5.832705712808718
4853,4.156792168622973
4854,7.0026459066996445
4855,5.3637935417427745
4856,2.7211286581237752
4857,6.338772807465951
4858,6.38170943064932
4859,6.4176208327804085
4860,8.466259231454654
4861,5.642226881953683
4862,5.538347430631383
4863,4.25084351360117
4864,6.507950356733277
4865,7.283021752264206
4866,2.093686443962172
4867,3.260076779148631
4868,5.9412313345572745
4869,5.45155695778748
4870,7.430932031415198
4871,7.014717161384527
4872,5.202419965115539
4873,4.616428280137234
4874,5.281618394834943
4875,6.791927198537614
4876,8.958287038135099
4877,5.783414145829226
4878,5.122449250764562
4879,5.422481896876265
4880,6.921219187765545
4881,9.002859404883512
4882,2.7541598999189723
4883,5.114406986407846
4884,5.594661933105381
4885,7.027554520352265
4886,4.920255235774889
4887,9.499909713554356
4888,8.562951869334354
4889,3.6959922752673
4890,3.7521748169050206
4891,5.5196973210947675
4892,5.708082845453777
4893,4.882373183092568
4894,5.620547999763631
4895,3.973941830090064
4896,5.730433589803375
4897,8.119346637839094
4898,7.741351652987365
4899,7.3134528898787075
4900,6.835918287449082
4901,5.3986857542770545
4902,5.933874672576597
4903,5.240389859911999
4904,5.667860832729445
4905,5.868476716837888
4906,5.159516680862327
4907,8.571271772737656
4908,2.1640686248265344
4909,8.223631604539628
4910,8.390515516811844
4911,6.007781029635579
4912,5.38201332060348
4913,6.743199647027852
4914,7.850177522261497
4915,5.105444806627321
4916,3.7256206446753177
4917,5.383102496464616
4918,4.0364858036075
4919,7.472661289261931
4920,5.9964401282120905
4921,6.623393002041278
4922,5.022850003977786
4923,5.935774139958114
4924,8.01557290090478
4925,2.745837278269776
4926,3.1327305020607144
4927,6.176716718331963
4928,5.507993384275242
4929,4.466951426645411
4930,8.521704636433018
4931,5.398844309390534
4932,6.397394307197394
4933,8.062598329499505
4934,4.444615096204837
4935,7.620783376929354
4936,4.728504299016914
4937,6.9187457536748616
4938,2.543514972431158
4939,2.3695792538862057
4940,6.1433938826527275
4941,5.1411287037604785
4942,4.585049720583539
4943,6.22892698369024
4944,9.163952354379951
4945,6.4424273409529516
4946,5.60028963392541
4947,7.844907608135661
4948,1.1978326171406435
4949,5.342969875227763
4950,2.582040772980688
4951,7.7993756366013995
4952,5.501966231952627
4953,6.10839741649422
4954,4.774702277676164
4955,5.180894310453772
4956,6.683736801203787
4957,7.610893713783469
4958,7.203002959956326
4959,3.223152882703753
4960,5.919252814334792
4961,2.689638597049246
4962,7.823324164312986
4963,6.080216863732296
4964,5.096466178787881
4965,7.355511321591227
4966,7.349461145305293
4967,7.356873143175469
4968,2.560459136419646
4969,6.1915104823473435
4970,7.496865894718926
4971,5.343403622988551
4972,4.963972193804311
4973,1.5255556343031218
4974,3.274518553176401
4975,8.3525294869693
4976,3.43758978633102
4977,7.966231946227699
4978,5.913658101452334
4979,2.985797950710722
4980,5.757938013626379
4981,6.350058651090827
4982,6.9321205404558786
4983,3.910964642246946
4984,8.09686209004301
4985,5.277553474925292
4986,7.047935328382284
4987,3.7065737223289013
4988,2.9692514239024734
4989,6.845616396035529
4990,8.238493914880992
4991,6.065637989829416
4992,5.588636856166997
4993,8.145245141357126
4994,6.256640994642523
4995,6.673769037367524
4996,7.493748212170201
4997,4.468027214662277
4998,6.327739553988598
4999,7.286157042128385
5000,5.014454159740646
5001,3.405449758874317
5002,5.099031661602921
5003,5.512244231838504
5004,5.900184027592317
5005,6.81362126038027
5006,4.764139698068209
5007,8.180418981231826
5008,3.604077067190655
5009,6.350964859514493
5010,4.546967019946949
5011,6.854718526021106
5012,7.812240305395286
5013,3.367123146803233
5014,4.671290839020979
5015,6.34546072024829
5016,6.465921128984563
5017,4.635650930085949
5018,6.479031067706507
5019,8.23662342469887
5020,7.528068373530002
5021,8.518422989130764
5022,5.703331836089118
5023,4.85491100702875
5024,6.979697418829831
5025,3.4782981253150322
5026,7.4902579793982795
5027,5.9226134155108
5028,5.227315008886884
5029,3.6679619739007587
5030,3.610247210871406
5031,7.336944151883054
5032,8.738472502435723
5033,6.4677587929930365
5034,8.900850560591765
5035,3.4075635190269717
5036,5.556524343893988
5037,7.3775443756187915
5038,9.832427885383915
5039,6.412124898540198
5040,5.941952811173649
5041,4.720733957149958
5042,7.587075312498655
5043,8.395497819572999
5044,5.28799559565643
5045,6.057154323416544
5046,3.8955753588946833
5047,4.154357156916491
5048,4.5257898486590555
5049,8.931828531892323
5050,4.154351392573593
5051,3.950798658390195
5052,4.787184983049178
5053,7.393715694736523
5054,3.11523538804646
5055,1.99602431807675
5056,7.6924050246349065
5057,5.898363001038155
5058,5.735279141007114
5059,4.850228025911136
5060,5.945249152569433
5061,6.3256234617266625
5062,7.275907502973251
5063,2.2783878801679456
5064,8.887945534626953
5065,7.737577426715356
5066,5.463144156141665
5067,6.236060760566105
5068,8.827515005282525
5069,4.318555323493637
5070,8.889034879718405
5071,7.625347038612119
5072,6.952018963811699
5073,7.548309392578751
5074,5.063533822005268
5075,5.021625605268419
5076,6.164773935861185
5077,4.000609510467571
5078,6.225371197812495
5079,3.9341011522276568
5080,7.225846868174574
5081,7.570744070060514
5082,4.078375072575099
5083,6.808432731520583
5084,4.390985353740845
5085,2.315713785642622
5086,5.7117456274539204
5087,3.509495631311264
5088,7.7833722718308955
5089,5.545440578909877
5090,5.790430250337698
5091,6.145865225097084
5092,3.695501534362545
5093,8.291993436023688
5094,4.971269098637261
5095,4.91582340608853
5096,0.47580954598707326
5097,4.511562854911363
5098,5.721511393115852
5099,8.503883198552568
5100,4.6773665268291715
5101,6.233634104098523
5102,7.896831524825442
5103,5.949050536748422
5104,9.158825462101541
5105,2.5794621742115544
5106,5.853223633361496
5107,5.976210604896664
5108,4.881325819385294
5109,5.445037871413299
5110,6.742405170989009
5111,4.827014074827712
5112,6.758389075513782
5113,6.16902957357183
5114,4.4734076791037936
5115,1.4594338342990616
5116,8.985235479982052
5117,6.411996977247636
5118,4.530387785352982
5119,4.238419860248869
5120,6.255193520678302
5121,5.794623597632215
5122,7.616445215608558
5123,8.362117976852625
5124,6.989870801753726
5125,4.155893043332294
5126,4.109692526407707
5127,5.370046028537014
5128,5.630869690512909
5129,7.501435837251351
5130,6.2082460688553365
5131,9.06907292598882
5132,4.445546373292442
5133,7.5247648369498705
5134,4.175217115093625
5135,3.1236091290709447
5136,7.365564951479234
5137,6.26181792318425
5138,9.24410070949066
5139,6.094652457774928
5140,4.9010356304159295
5141,0.11761802534426113
5142,5.812122905954381
5143,3.675580627272885
5144,5.228078629988077
5145,6.848673758569933
5146,5.082394789473077
5147,5.178874793776131
5148,5.989480441755842
5149,3.414128017277623
5150,5.137217805338894
5151,7.05954012736208
5152,8.53341909962614
5153,7.067312524879093
5154,5.8430660877390315
5155,5.362508871384671
5156,4.905408201305304
5157,6.964012794643545
5158,4.28822887742045
5159,5.08702855961322
5160,4.090687255850385
5161,4.157453245391272
5162,7.678988965692638
5163,4.33312452306428
5164,7.570034564434161
5165,7.842000479330298
5166,7.46744012917055
5167,3.2489805516310364
5168,9.721340916170213
5169,1.094423384979537
5170,6.410941958265238
5171,5.1589999295946765
5172,5.627878749301318
5173,5.3927902687806375
5174,5.743360694187634
5175,4.536501413309715
5176,9.386761497573119
5177,8.837811831592143
5178,7.999163766189624
5179,0.9949518386333516
5180,5.790890359902306
5181,1.173148245600962
5182,6.36024835558045
5183,6.5422670600538675
5184,7.280266941648778
5185,5.390914848662447
5186,5.350053135953797
5187,5.935042082485216
5188,4.790526081029721
5189,2.640912705209166
5190,5.820365090362077
5191,5.852147680648537
5192,6.285314996881777
5193,7.59953691174695
5194,5.255735835470276
5195,3.59983712675311
5196,4.309565091448094
5197,4.341595259472408
5198,2.971613856187786
5199,4.975683083974139
5200,5.314156808423826
5201,6.043919463649901
5202,7.341879224972631
5203,3.1163712379225696
5204,5.338818377013139
5205,8.996176452982665
5206,2.693798973158063
5207,6.6240212552165
5208,3.9221344934024023
5209,3.7892767392910867
5210,7.217512471190918
5211,4.820113024127357
5212,7.596455943997048
5213,4.483033637580312
5214,6.972625483123072
5215,9.011330139653046
5216,8.43455347711486
5217,3.097743247106092
5218,7.423462018555071
5219,6.449911370973824
5220,5.90242027394406
5221,6.765247935574439
5222,2.752118709262692
5223,5.826947019243096
5224,7.501515967219604
5225,7.0649680990796595
5226,3.4821525799281616
5227,4.871042138760189
5228,7.191753004297915
5229,6.081792312185045
5230,6.116096976226186
5231,6.496300560497959
5232,6.694381803767399
5233,3.718837356679435
5234,3.503124648818105
5235,7.65102641756409
5236,5.218265214970897
5237,7.251131152099161
5238,6.8701129489322765
5239,6.6455058638703175
5240,4.840075159684809
5241,7.154635098122249
5242,8.814064925220624
5243,3.684340579158417
5244,5.911562498723049
5245,5.1119268848213775
5246,8.304468254980607
5247,7.887239430196183
5248,4.595116033868861
5249,8.64863823103588
5250,6.93015735618939
5251,6.474088247553347
5252,6.049814361116683
5253,7.305589603464517
5254,3.7010646283180635
5255,5.565498570370521
5256,8.038858693150498
5257,3.12408658964914
5258,7.2168253189481835
5259,3.929119222683068
5260,4.115154964153058
5261,7.652777460544927
5262,4.177576014927392
5263,6.1263868406619775
5264,6.824494902208972
5265,7.48553659881891
5266,6.177043799770515
5267,6.679483643388672
5268,6.223462556347235
5269,5.9485720925107355
5270,10.020384701224947
5271,6.325248914847717
5272,6.715039238012405
5273,4.611437585693325
5274,4.525489209950846
5275,3.0334593041811244
5276,5.00772841333703
5277,5.725337751143242
5278,7.44970933254446
5279,7.886826977020724
5280,4.541550729245647
5281,6.14513657377698
5282,8.09389669605345
5283,2.3581892822465567
5284,4.758464708581228
5285,5.883311912231755
5286,9.055853685384545
5287,8.39425439741311
5288,5.620676162050902
5289,5.895862997555373
5290,6.447533763505686
5291,5.221359683769507
5292,7.326577746581415
5293,5.476970849962856
5294,5.634864278572919
5295,5.163599995138569
5296,5.9770407417168565
5297,5.806443576529373
5298,6.0757588687548125
5299,9.097836749740868
5300,2.078738063862843
5301,7.584616116425115
5302,4.56771694804593
5303,3.1646421564011127
5304,3.5379829183149543
5305,7.946934901603619
5306,4.1969901504539395
5307,1.6311379664088603
5308,7.7686055160282566
5309,6.319509109300136
5310,5.301131548400097
5311,6.617357769124105
5312,6.277797510670964
5313,2.0323168231417887
5314,7.018625738119817
5315,5.001179448398373
5316,5.863624024491451
5317,3.7736957147529337
5318,5.0523421560150465
5319,4.030035730670313
5320,8.396470386738375
5321,3.3110922842632076
5322,6.331206122792609
5323,4.603731002384981
5324,6.4303937703565
5325,5.277871504085855
5326,6.4866199632883745
5327,6.105485555912168
5328,5.504576029139227
5329,7.1931824175175825
5330,1.6500451096113915
5331,8.01462678699964
5332,1.9542912834769544
5333,4.3919103361485154
5334,4.741585174110239
5335,2.9432666755531613
5336,5.957546401570268
5337,4.3874607243346695
5338,6.679453984501095
5339,6.395484774017079
5340,7.619971096758568
5341,7.812459963000795
5342,2.498569078757694
5343,7.650535522162196
5344,5.545754251640913
5345,5.64307026104356
5346,5.413424584346251
5347,3.5520923364194754
5348,6.57533133853051
5349,6.57906190339891
5350,3.762873808743451
5351,3.83234142576794
5352,6.562571037750003
5353,7.482035925351604
5354,6.237007125997838
5355,5.701813318766791
5356,4.846467311820796
5357,2.8223994152787415
5358,9.127259562051812
5359,6.723117108055272
5360,6.942120513129624
5361,6.415084865863793
5362,7.377004848494458
5363,7.012784198307145
5364,8.7668193491962
5365,1.073896189960247
5366,6.98919771643606
5367,6.320480288380994
5368,5.364517845896603
5369,1.8559052898753219
5370,7.764568329079407
5371,7.878264628830709
5372,8.503643342245358
5373,2.0537148574046413
5374,4.695395522752705
5375,6.261654555113398
5376,7.911007925543232
5377,4.569823299793182
5378,6.354602577475617
5379,7.167690879303198
5380,5.029111114831352
5381,5.368167973200618
5382,5.437946052287714
5383,6.621833934626097
5384,4.199512564024659
5385,7.531891954395056
5386,4.4311259980287065
5387,8.058876023631532
5388,3.7600779192738387
5389,7.650292021417103
5390,7.303604600949448
5391,7.570008789721344
5392,6.038614039454296
5393,8.915275924960204
5394,6.370576584430404
5395,8.803314193644201
5396,3.2365567307881475
5397,1.6912591464573064
5398,7.003968228077316
5399,3.7253647172026936
5400,3.6284449406072845
5401,6.4358862225680324
5402,8.250938857667244
5403,3.2165881871317987
5404,4.182175683769325
5405,7.843045268458669
5406,6.571253149110664
5407,5.749846832653893
5408,5.445432731696103
5409,6.913882053083801
5410,3.8855310998592807
5411,9.801361094292629
5412,3.977407576186654
5413,7.428554393658988
5414,8.24408709154659
5415,6.451603843085922
5416,6.783859071225431
5417,7.860809394188946
5418,4.2824128043051815
5419,5.195002937970693
5420,7.376646789670414
5421,6.353423238690769
5422,3.9652901786591883
5423,5.028339909025059
5424,4.9624625297461895
5425,4.785986057883925
5426,5.2954581433566466
5427,2.7236762471588776
5428,5.924561283417367
5429,8.723121136460103
5430,2.4231132525127337
5431,5.806523696956038
5432,8.891644126844994
5433,3.0586130034638623
5434,6.194718385416243
5435,6.630066080086663
5436,3.926631685117215
5437,4.784539651313196
5438,4.336649072234037
5439,5.9504572554780255
5440,3.902111763296539
5441,9.260039313046402
5442,7.7006404434908
5443,7.439517536414173
5444,8.242434980004674
5445,5.912461924181103
5446,8.007000676945374
5447,4.012952935398384
5448,7.311163284273489
5449,7.032991506464688
5450,3.3538646262943534
5451,6.877165406471221
5452,9.966440356868924
5453,4.207350392899098
5454,4.676850160334247
5455,3.577465489460839
5456,4.147590488811225
5457,5.3076894594034965
5458,7.023261895442624
5459,5.480698174102524
5460,3.980427820756698
5461,4.632546464411217
5462,6.967001000482808
5463,6.311821419282028
5464,6.8355084557472985
5465,5.6871657276728795
5466,4.805597441833941
5467,2.4043403909128536
5468,4.471904742281585
5469,6.509536037945809
5470,2.951190303719432
5471,8.770658571464798
5472,3.0919503534373955
5473,7.626419223674846
5474,6.051918959244724
5475,4.906964191872023
5476,6.203571678253363
5477,7.841331117003867
5478,5.797507923146393
5479,3.4361966927856744
5480,5.0642280838182545
5481,8.657996582204511
5482,6.390821079948928
5483,4.685275857462191
5484,7.289519466515907
5485,7.383717720195598
5486,5.7094640244612895
5487,7.329011346535919
5488,4.156244062535954
5489,5.333813392161804
5490,2.5008381739881025
5491,8.775589809717346
5492,2.4027396170042086
5493,3.3452978203215666
5494,8.023252134965961
5495,4.0242143635985546
5496,4.685846821664682
5497,8.276250334880974
5498,6.788781786611702
5499,7.2098320049258735
5500,5.27846213812263
5501,6.538600805484677
5502,3.893626324738937
5503,7.555614321794334
5504,4.38961416139774
5505,7.130197308939538
5506,5.3082809599140806
5507,6.249056840773692
5508,6.420210318374747
5509,4.26243697400431
5510,9.44375675691797
5511,7.331848594352133
5512,7.33701469427745
5513,8.706048899474068
5514,5.5513813991791086
5515,8.572883499871878
5516,4.5745339237924805
5517,6.907417407680599
5518,4.49964185383393
5519,8.380514938239765
5520,4.274823769926501
5521,7.7860606616936385
5522,3.9464181531502978
5523,7.252974039292933
5524,2.975477849715318
5525,6.0109594057918265
5526,6.685970916686641
5527,6.326043105393743
5528,6.03882493856378
5529,6.293595083495034
5530,3.927605170277869
5531,5.939807233319545
5532,5.502655038579438
5533,6.715455218417302
5534,6.123687085657569
5535,7.397070557004033
5536,8.731118503812628
5537,6.804713062558831
5538,3.483407223603018
5539,4.107357836547597
5540,2.8698571172128537
5541,4.985028343881732
5542,4.981294311842047
5543,7.120222146325778
5544,5.30407059950002
5545,7.82350113532898
5546,3.797902534354143
5547,5.783811308821481
5548,5.687519680292158
5549,8.044952388715924
5550,5.514797253382174
5551,6.598019838343506
5552,8.46807400916055
5553,3.3511648835444934
5554,6.1910005613109655
5555,9.331061416590174
5556,5.512914870741233
5557,6.5562250021574195
5558,4.146025588664283
5559,5.518390076359943
5560,3.9658625700934107
5561,4.049459563436973
5562,4.877213903879983
5563,6.302933625284766
5564,5.741102393730219
5565,4.586744836946296
5566,5.971014552338791
5567,3.6436203806306713
5568,7.993583725340201
5569,7.457466499383421
5570,3.4781110374924706
5571,3.8821028967014075
5572,5.852767509181509
5573,6.00821738209434
5574,2.463823922219816
5575,9.745486054779116
5576,6.859269041260868
5577,1.7972660479993374
5578,6.292390532979104
5579,9.393235251703036
5580,6.290400806285747
5581,5.424890479356728
5582,7.121372832470025
5583,8.887690616847225
5584,8.341846469609191
5585,5.588719943300019
5586,4.191015661716536
5587,2.715848911443624
5588,10.043146994673261
5589,7.080335693956929
5590,6.829029947544715
5591,5.025575807503721
5592,3.896746116375098
5593,5.865807367996155
5594,6.706853344642356
5595,5.673633103611905
5596,3.9941781427568745
5597,7.671746284479743
5598,8.455829421825666
5599,5.4754235417305415
5600,4.51858332370473
5601,4.729743622911021
5602,3.372116299582268
5603,5.309825889457102
5604,5.120012975158603
5605,6.986613721039775
5606,4.813280507832742
5607,3.679679364636741
5608,8.589296138593225
5609,4.2860153588059475
5610,7.364187944574361
5611,5.007538896451
5612,6.866833441776235
5613,5.926957329856411
5614,3.1484677753995003
5615,5.81427896671293
5616,7.042352624371151
5617,4.064256698957119
5618,4.02094023094551
5619,7.021487606272455
5620,7.846198253813489
5621,4.088068645424219
5622,6.639415976266794
5623,2.5608378944327663
5624,4.694389276439416
5625,5.781506309258308
5626,6.407846366840306
5627,3.7272289131258582
5628,7.789013443780735
5629,7.737562154196171
5630,5.200794649581293
5631,3.014996922012756
5632,5.138937111438526
5633,5.879871758937532
5634,7.3721055357423335
5635,5.417965569181891
5636,7.066508322322212
5637,9.545757912705698
5638,7.3380887230854945
5639,5.451237331574262
5640,3.4942414802683666
5641,4.00076472952429
5642,7.7702657862057265
5643,4.674881676849606
5644,6.106436791414129
5645,1.5380810758006707
5646,3.6383596995818404
5647,4.606811426603306
5648,5.204183950701262
5649,2.5138318876035917
5650,5.98576121030964
5651,3.276489866419003
5652,2.0921360504945237
5653,6.445129503570089
5654,7.387568231428636
5655,6.3340559536539365
5656,8.428183085112085
5657,1.3957095718485801
5658,1.6628242552068464
5659,5.2518849072495515
5660,8.51872333340571
5661,3.462257957468703
5662,7.911837001533108
5663,5.897349760487431
5664,5.936842230863542
5665,6.725791017791321
5666,1.2627465989358306
5667,7.0509292601972975
5668,2.013365487251808
5669,8.950049497060835
5670,4.24925701873647
5671,8.666657943043878
5672,5.399738559784204
5673,6.7810897759248565
5674,3.484868907488493
5675,6.341392138520953
5676,7.2995223229294215
5677,6.905056794549762
5678,7.253707267434323
5679,8.842349578752607
5680,7.007302943799233
5681,3.4968861467206147
5682,2.230123152213226
5683,8.389985479919652
5684,7.280636179178879
5685,5.264506275046055
5686,8.195297451264047
5687,4.325009568052677
5688,6.57999287715062
5689,6.122412373033096
5690,6.697203096650209
5691,6.538146175638543
5692,8.187613567381923
5693,7.152044588848814
5694,6.4443203840781
5695,4.486953199287131
5696,7.016689063435365
5697,3.5202753969493847
5698,7.072698965856923
5699,4.532200108904612
5700,6.849510706767445
5701,1.5999127224127943
5702,5.278875309432289
5703,4.877293483991165
5704,5.711488126907977
5705,6.2650849537517805
5706,2.343071857328887
5707,6.545906619675064
5708,8.047445759590909
5709,7.10035047078299
5710,7.267315928761353
5711,6.034991002125668
5712,8.527338908077567
5713,6.6014529309804715
5714,6.363437032850137
5715,6.7289266202533335
5716,1.4315130650846841
5717,6.117136728586105
5718,2.7571506318192114
5719,6.411050552601802
5720,5.494907702237353
5721,3.883012053544669
5722,8.295245204265916
5723,4.885791915534011
5724,4.075597916334085
5725,8.193649964111282
5726,5.047389660892065
5727,7.45469024193241
5728,5.192494145507148
5729,6.526244031524559
5730,2.9077961616336245
5731,4.250593844321343
5732,6.6543060219076855
5733,6.517853860590125
5734,7.3724733523550485
5735,5.002612368458183
5736,6.5795605181584484
5737,5.6056143774101015
5738,5.106445576551716
5739,4.102183319909054
5740,7.130456360586504
5741,2.8786168941050483
5742,9.524134811977824
5743,5.7427973668198335
5744,4.802978493572177
5745,6.996988707168715
5746,6.334178174639122
5747,3.4771733517832484
5748,6.397682385692086
5749,4.913313050235318
5750,6.1018788344129975
5751,5.5667547690752
5752,2.581727744055527
5753,7.5412693550371355
5754,6.207356740758271
5755,6.774147754656491
5756,1.8714824107079417
5757,4.627909063235735
5758,6.622227433522085
5759,9.378651035189163
5760,5.177900193373464
5761,6.115239215529571
5762,3.5954258668308734
5763,3.480959192905507
5764,6.641975411925054
5765,6.585508159299316
5766,3.9889345098053064
5767,8.302841285220548
5768,3.350454923979741
5769,7.118761461430495
5770,0.43474343270044535
5771,4.600994102363686
5772,7.922518714882475
5773,4.704776235896362
5774,6.281735202440501
5775,5.245630080766617
5776,2.8144337278063127
5777,5.556493873284665
5778,4.478273903735542
5779,7.9196376509956306
5780,5.432742592122384
5781,6.371141336179144
5782,2.1087473432076997
5783,2.642679287707286
5784,4.482776906967455
5785,3.7952516574014092
5786,7.919122134531388
5787,7.620393286540362
5788,7.766567105061397
5789,6.001828204772992
5790,8.374583671112081
5791,4.008172308210295
5792,5.695239386591877
5793,7.27829739471138
5794,3.5548107680019254
5795,8.942257654466099
5796,5.972649040873364
5797,9.323295148623327
5798,8.874551933687645
5799,3.958570239491987
5800,6.729957261605846
5801,5.027781109756359
5802,5.560916367006326
5803,8.305085411069454
5804,4.001140151690885
5805,7.822137435862599
5806,5.987871388195948
5807,9.532860897504614
5808,7.26852534292711
5809,5.838692354609032
5810,7.243372685843364
5811,5.30632596739453
5812,6.531817448869208
5813,8.808399476765922
5814,5.068109594435791
5815,5.067418879938916
5816,6.510596941526258
5817,7.137750942765953
5818,5.959585564191746
5819,7.592944381669486
5820,8.18094233230433
5821,9.230166853643743
5822,5.495588322128527
5823,6.726245624213904
5824,7.0660407579053786
5825,7.580825934120556
5826,9.373765244151183
5827,4.774679342989967
5828,8.5429593175523
5829,5.449341959511822
5830,3.0328988150962073
5831,5.100535425027079
5832,3.7888468990170288
5833,4.377321021640004
5834,6.083162321268266
5835,3.248490797637709
5836,4.4622326806498585
5837,6.285179548117109
5838,6.352492568003951
5839,8.373551760552141
5840,5.1020275288790184
5841,5.094657418270216
5842,7.719021636101273
5843,8.660386186935003
5844,8.588577036842434
5845,8.952644215224504
5846,3.1828402466847847
5847,4.818447443874313
5848,7.318032768761794
5849,6.114400761131966
5850,4.7668512251027515
5851,5.401084138105046
5852,5.2357492067383085
5853,6.875707083607569
5854,6.942112092506405
5855,4.539276815688949
5856,7.065016096181036
5857,6.574141111939941
5858,8.898241240027879
5859,8.235425431260692
5860,6.598874751079247
5861,5.35902733367375
5862,5.132058853513014
5863,5.245487725688675
5864,9.058145067488168
5865,6.3266224000143785
5866,2.6127750137005155
5867,3.390220337828522
5868,3.1871420223475697
5869,6.359405846915457
5870,2.174560946427744
5871,5.736981681395623
5872,5.298585857773439
5873,7.119445210566485
5874,7.107615493628018
5875,5.953357819105364
5876,3.7153447492069165
5877,6.519887478685208
5878,5.715787026482108
5879,3.200579002748197
5880,6.1710316662197116
5881,5.603908934720162
5882,2.6287625540266024
5883,4.545734973890368
5884,6.873720773601562
5885,4.479154939987044
5886,5.392461680686846
5887,7.772880531827628
5888,9.218945610448431
5889,6.163851617317399
5890,6.952999579293766
5891,5.507022060651844
5892,6.741254077059097
5893,8.82946167217704
5894,5.261010509128816
5895,7.912942084409101
5896,5.978642936863243
5897,3.589520181857786
5898,7.233785866983495
5899,5.883823902982473
5900,6.558434885019875
5901,5.647203432786844
5902,4.242600494373299
5903,6.730784172447825
5904,8.754104315848735
5905,7.130552822102949
5906,1.2878961822379411
5907,5.053385645746711
5908,6.580391209638209
5909,4.45778006246554
5910,2.898407010436212
5911,6.45414099621142
5912,5.67042348904859
5913,6.450799862571613
5914,4.1552768679819865
5915,6.941454760135237
5916,7.629416296635757
5917,8.518080048676051
5918,6.54875173483976
5919,4.081963608355347
5920,7.501955267994004
5921,6.489476558132849
5922,5.778470580195981
5923,4.983289185372635
5924,9.778162173898085
5925,8.570208743734431
5926,6.146324770130492
5927,7.59794748557556
5928,3.9734439332135607
5929,6.521512006116983
5930,6.78730753703557
5931,7.254453277923211
5932,8.044881550651612
5933,5.036605403710455
5934,7.986278970908852
5935,3.9235636480396976
5936,6.082566371048322
5937,7.141474710354743
5938,4.878873846574157
5939,6.434454386055034
5940,7.834995031351578
5941,7.430622852032194
5942,4.047993384447707
5943,6.031172088684013
5944,7.320189781562254
5945,8.630260604250829
5946,9.635784563329961
5947,4.83650164847243
5948,5.007113110132604
5949,4.447791276643616
5950,0.09221118721960142
5951,5.84038601687016
5952,4.286853830434579
5953,4.8670415715066655
5954,7.652117595430524
5955,7.451599963122287
5956,8.685437257001126
5957,7.977294639970495
5958,5.716421265300748
5959,5.693212820743698
5960,5.2439434033636765
5961,7.991050677008551
5962,4.953757797660268
5963,3.711776732054367
5964,4.363446236643204
5965,5.586503888435149
5966,6.593785770603572
5967,8.547194215120633
5968,3.0643010510377593
5969,4.756161006903915
5970,4.732249560868914
5971,5.215854582661307
5972,8.716068222096055
5973,6.429891929933707
5974,5.72533693199797
5975,8.164562271417527
5976,7.424487765905449
5977,8.936513526961406
5978,6.479136421145238
5979,9.457277174240412
5980,5.01811379084821
5981,6.802232237148466
5982,6.536703516202306
5983,7.569630922995243
5984,6.468045226225643
5985,7.62631042828081
5986,6.673280131053852
5987,4.947530222307473
5988,5.538879049341552
5989,4.486033303486609
5990,6.413525816969745
5991,9.000255046391016
5992,5.655026623146422
5993,7.7555571163205315
5994,4.316538807341363
5995,3.0339161513350454
5996,5.418595983739442
5997,5.659738616568769
5998,6.0589912379398925
5999,5.4685420679495955
6000,6.197868529863764
6001,7.629642361101546
6002,6.175300217654772
6003,4.324188383113167
6004,5.016192691349602
6005,5.916841958897839
6006,8.882395506535268
6007,8.489055446164366
6008,9.432123022842411
6009,5.0155565550839345
6010,7.380549594622606
6011,6.0430435802355875
6012,1.465621265943744
6013,4.032719585916885
6014,5.505814246763384
6015,6.271499904859759
6016,8.238096933625474
6017,5.650133386334205
6018,8.662494600602958
6019,8.064665924417817
6020,4.040589607076097
6021,8.966729710628169
6022,6.9848957065414945
6023,4.06829701672944
6024,4.5831657521602125
6025,6.4452027498151025
6026,8.235980713182304
6027,8.654543311473349
6028,3.6836154441734115
6029,7.530787551581161
6030,5.943794825792153
6031,7.070468296078417
6032,9.729707874329131
6033,6.891219609587983
6034,5.19903769741261
6035,6.401590127597135
6036,8.826189635611644
6037,7.798475232128738
6038,6.467571552517315
6039,8.228247875350215
6040,3.4180634383432253
6041,7.062786124123659
6042,7.190934324493956
6043,8.766196915505667
6044,8.123190071369802
6045,6.396366541036026
6046,6.619291380005522
6047,1.5422160293744982
6048,3.55593639738418
6049,6.8567291108533865
6050,8.1859379694589
6051,4.120394455274919
6052,4.967944034311627
6053,3.1536498022596438
6054,7.703031018965084
6055,4.793825531058506
6056,4.23805463277917
6057,5.143196854142039
6058,8.885470863681006
6059,4.3588971346556455
6060,1.5439807905151612
6061,7.318927313061263
6062,7.431647385712082
6063,6.14144630707089
6064,5.7993111585535075
6065,5.2586430267019075
6066,6.944733543816772
6067,3.464221297924982
6068,6.740615527820799
6069,2.1496445258362806
6070,4.00650856305689
6071,6.163425867353222
6072,5.421433085939567
6073,4.326223091424366
6074,5.734955227154484
6075,3.2462572783013286
6076,6.088338358908572
6077,4.594393271920705
6078,6.472884997470122
6079,3.5598352675078018
6080,3.6518540421723977
6081,8.65293673182331
6082,3.137502321995603
6083,6.207717226752476
6084,6.358383715192258
6085,5.225393694482577
6086,8.187866799295652
6087,5.204112052051707
6088,4.651653151874585
6089,5.879560541602044
6090,5.7626474382180835
6091,5.146087499314924
6092,6.7208518695661015
6093,6.158100780095895
6094,7.3877019945601905
6095,6.656603990278734
6096,7.807982995047686
6097,3.854802722370229
6098,7.6858263842130645
6099,8.4636475368912
6100,4.725427614770566
6101,6.365152217414001
6102,5.8948792126614915
6103,4.02917544976202
6104,7.4852888877480765
6105,8.06697619007229
6106,6.444049026433597
6107,6.8271960335625455
6108,5.240863271516973
6109,9.129784824411619
6110,2.788755518905234
6111,5.975774423540191
6112,4.92061472694936
6113,6.314949914064349
6114,5.098982022640964
6115,7.148319488230601
6116,5.143032613608823
6117,8.19115528738056
6118,7.6858523155377165
6119,4.904133716895953
6120,4.116980621242385
6121,8.769071734417187
6122,3.787629793064988
6123,3.068655940192876
6124,6.844927798946435
6125,9.49229556172411
6126,8.635497268062723
6127,8.416368828101422
6128,4.589687421444383
6129,3.3220769448601555
6130,4.904688552322264
6131,6.441849236024522
6132,5.083554266510292
6133,6.055768407851341
6134,7.8478217626145454
6135,3.055593994813127
6136,4.209476649637464
6137,4.271702553118397
6138,4.249146730769155
6139,4.943932423334237
6140,5.8596874504514345
6141,4.360927137108039
6142,5.358900731422607
6143,8.011228883760506
6144,5.661391770502171
6145,4.9831173735113925
6146,6.671090421082138
6147,6.817613949784789
6148,7.532606954869054
6149,5.114548254058956
6150,8.204911759091647
6151,2.937478172183762
6152,6.988669025872249
6153,5.699235567099075
6154,6.1149174419044385
6155,9.36911636466316
6156,2.9179668404616486
6157,6.065859662535313
6158,5.518793491370007
6159,6.2845287793706035
6160,4.802516261695282
6161,4.786406988619087
6162,7.342382108755168
6163,6.276940898189254
6164,5.127338295030482
6165,3.7899253787700378
6166,6.3560888619915055
6167,7.066936024572067
6168,5.830722091460483
6169,3.5757609984612952
6170,6.180926896217534
6171,3.683374387943748
6172,4.8067219691123455
6173,5.328014202042649
6174,3.6646436604834625
6175,5.735739494520113
6176,7.568458976723709
6177,6.679888956678345
6178,7.780783006119419
6179,9.280880436981045
6180,7.319468028167738
6181,3.0871305863459146
6182,5.2953563560435315
6183,2.108793748048515
6184,4.3909394687778
6185,4.008190656616234
6186,7.811714902076328
6187,4.374456784608281
6188,4.293477229900745
6189,9.492110769824366
6190,6.818018993282045
6191,6.4382003261559
6192,5.993666038419439
6193,6.7851657144601285
6194,7.121575372202513
6195,2.3193773046124715
6196,4.790327670234487
6197,4.672593242124524
6198,4.524532319416313
6199,7.617825122395467
6200,7.808525740477294
6201,5.637056504383833
6202,3.962858560279117
6203,4.365791915887112
6204,3.2556262995627403
6205,7.486235424942748
6206,7.356428724488072
6207,3.8419813684434314
6208,7.70566483415546
6209,4.2553077562538855
6210,4.8287983262843035
6211,4.685368467602853
6212,5.939076270496214
6213,7.018758277870668
6214,5.933707033855776
6215,4.270000530784474
6216,7.499813825719846
6217,8.897671909309668
6218,4.291365360494957
6219,6.456949478802142
6220,3.2833980438496377
6221,5.9497218355635875
6222,4.3448115844071715
6223,6.0202111015266855
6224,4.3043167615057
6225,6.063857028433607
6226,7.462411312334712
6227,4.663072863474667
6228,7.107171114153049
6229,5.497833041353234
6230,7.344740261169267
6231,5.604978179554481
6232,6.005066101476615
6233,9.479790945345432
6234,8.289444244768847
6235,7.484249520020155
6236,5.316299241411956
6237,6.3507075843256215
6238,8.85801894309867
6239,4.413823964913023
6240,6.92498890275793
6241,5.162206676000797
6242,5.806636355028729
6243,4.411201517417407
6244,6.469451371954118
6245,5.181453579665971
6246,7.972863013922823
6247,6.290341228299951
6248,9.221647600289096
6249,5.260514855859101
6250,2.9155892959649843
6251,10.138109367239805
6252,3.880801906842729
6253,6.576888522576062
6254,5.506032412139902
6255,7.077575418311458
6256,5.639281087352106
6257,6.063084150666313
6258,4.442096028687863
6259,3.2087235278072748
6260,3.0630754530113036
6261,6.0056079073515045
6262,8.662096387568196
6263,8.807283978334727
6264,5.810718212348019
6265,6.68288547004413
6266,2.6871777283607114
6267,4.772804810094797
6268,5.103028703713619
6269,6.451076619806073
6270,5.625859711111604
6271,3.9405741981979667
6272,1.9946984076409517
6273,7.601034045657083
6274,4.079064330427224
6275,4.6266522173358435
6276,5.399451907314757
6277,4.318153234678157
6278,6.776407344629828
6279,7.1767566867248505
6280,6.758917131490277
6281,2.816451763688396
6282,4.871894166605587
6283,5.993628951332072
6284,7.093058296747752
6285,8.23397267443977
6286,4.052600406566153
6287,5.257493190238337
6288,9.267068237210749
6289,3.4275340089977666
6290,6.380305227481085
6291,3.7202084438171577
6292,2.733757686104003
6293,6.182409386411313
6294,5.948571684606636
6295,5.965303267715362
6296,7.809978949076123
6297,6.72571537079823
6298,6.811268554789566
6299,4.263376779680163
6300,5.212987567846213
6301,4.621896855666786
6302,5.891219195507658
6303,3.72637579693459
6304,3.347196552212665
6305,6.694835206788982
6306,6.132172144843905
6307,6.677739568268446
6308,5.025946678930616
6309,5.588313831040722
6310,4.9964325480230976
6311,8.687727539621925
6312,7.330048679621919
6313,2.9954242896656305
6314,7.2798264649862965
6315,4.977549753786358
6316,7.8700216352564505
6317,9.525120432395433
6318,3.122651062425689
6319,4.095185208326233
6320,5.176171957700327
6321,5.3197911391640345
6322,7.861047266800643
6323,3.0936121059287314
6324,3.5438535785294163
6325,7.062994317675891
6326,6.404356391386783
6327,4.51890900125547
6328,4.97746281430067
6329,9.132655120387756
6330,4.745873528951777
6331,7.094134494623883
6332,6.069122974388475
6333,8.05419634728424
6334,7.131264553308056
6335,5.922549133615962
6336,7.043305771974629
6337,3.287495072690998
6338,7.472753541264282
6339,2.6557866220195434
6340,5.259599586410896
6341,5.05572786553907
6342,4.81175886422828
6343,6.838606114103927
6344,1.5568240049669928
6345,3.571708125135871
6346,6.974075898380232
6347,6.564695342674014
6348,5.447323205929143
6349,7.236799946550805
6350,6.753420225826584
6351,7.854309853208758
6352,2.348356082499718
6353,6.975052750492509
6354,9.209550522497421
6355,7.248525109401171
6356,5.181306375279551
6357,4.193942410933412
6358,6.2397426772529
6359,6.636020742561762
6360,7.302776492327441
6361,5.940184175660136
6362,9.412741433962104
6363,6.719106728216678
6364,5.885560022917356
6365,6.396011578190863
6366,7.883870731390446
6367,6.713181693573591
6368,7.417530485052222
6369,7.651024354690359
6370,4.309515512772687
6371,8.409139532337514
6372,3.831229175726327
6373,5.720884440241335
6374,9.032132905774597
6375,8.827607949080843
6376,4.9050790629630505
6377,4.335456674323256
6378,3.488543956473837
6379,9.04550976208563
6380,4.357570900552669
6381,1.7606154508512688
6382,2.434791748098185
6383,7.220906127401831
6384,7.004350967450151
6385,8.090778115610565
6386,7.820013772035137
6387,5.350143414019071
6388,6.000488915753312
6389,6.2343900385150315
6390,8.915985537899664
6391,7.265073082078608
6392,4.4626465566760825
6393,4.3560713802464
6394,3.286523905357703
6395,6.0778143096680415
6396,4.501374315510609
6397,4.863607833501481
6398,5.722218263694098
6399,5.278422080443137
6400,7.609108516827201
6401,6.644850992295941
6402,7.532766631433946
6403,8.091094235875815
6404,1.052957505306372
6405,8.464139517104405
6406,7.123440500827761
6407,4.923737505360922
6408,7.523323705860605
6409,6.329470869529668
6410,5.904671824701241
6411,9.318814927720094
6412,4.275447081498036
6413,4.268993948675856
6414,2.4960828122899876
6415,4.207617389857588
6416,1.7788422827407828
6417,4.455971825399873
6418,6.306950968353939
6419,9.123741502357177
6420,5.969372728526978
6421,9.653410320490359
6422,7.843550130808497
6423,6.556581730797827
6424,9.379745896695031
6425,8.195142658855662
6426,4.710382123712733
6427,4.8601585266726435
6428,6.323285895585936
6429,3.337390448585569
6430,5.9663558748594
6431,3.3291871400934374
6432,8.046725889688215
6433,3.136848840349189
6434,7.315762597716821
6435,8.51892570679267
6436,4.380911443619109
6437,6.886902444648157
6438,7.604949787953764
6439,6.196458349061768
6440,6.400814230221592
6441,6.131399991762384
6442,2.393088738065495
6443,4.657994296082725
6444,7.577702558725066
6445,7.9974189949796886
6446,9.64797485461421
6447,5.650024288839135
6448,4.912610821449273
6449,4.545092760251187
6450,5.8621257420270085
6451,9.024684672282547
6452,9.606449430163202
6453,3.849465115880848
6454,6.717560058956485
6455,7.376682363507738
6456,5.491822266541438
6457,8.40334885902233
6458,4.560768964581509
6459,2.890722893382188
6460,6.185956050630973
6461,8.501142662655731
6462,7.9881135624890796
6463,6.48845350050599
6464,7.989466732771402
6465,8.459554724238993
6466,4.950330816962317
6467,7.1686489463248595
6468,3.834325935548704
6469,7.356431684246667
6470,8.665797408539387
6471,6.804597875515171
6472,4.82627249058773
6473,3.7031733668080165
6474,7.607389660348492
6475,5.28974978986921
6476,5.125205025206143
6477,8.47825546107127
6478,7.153639968846415
6479,8.488335802310138
6480,8.099287549441197
6481,6.309112631333401
6482,5.157167417925432
6483,5.635845096278241
6484,6.08869658700863
6485,7.825040523315665
6486,5.110026678520834
6487,3.9692099330165163
6488,9.931930231010705
6489,5.287319696939945
6490,2.8230143785936272
6491,4.84605540227742
6492,5.9350896340805335
6493,2.9934202165944948
6494,4.837850007321196
6495,5.14868176206007
6496,7.281660985210815
6497,5.764503315846031
6498,5.7688159393726215
6499,5.777275716175626
6500,8.843585337267331
6501,2.7541151824593033
6502,2.417855609667497
6503,7.888877000817253
6504,9.219614996975936
6505,4.51350652260727
6506,3.948688717202971
6507,6.647838598899064
6508,5.765907312997804
6509,6.532878594208278
6510,6.8770603532799655
6511,7.345166022019174
6512,6.798103300889646
6513,6.527985037397427
6514,4.866445251178873
6515,3.8114942748640384
6516,9.524525457533688
6517,6.377087880157179
6518,4.743962843437763
6519,6.343400194850973
6520,7.624023946132977
6521,3.0101403563301075
6522,3.643349031875821
6523,3.488410146271047
6524,8.289029920084758
6525,7.855521886341958
6526,8.619583346033098
6527,4.202172121338241
6528,6.424500105607831
6529,4.093995036210068
6530,6.3435695145711355
6531,7.149523789245036
6532,3.2836056132396823
6533,8.824017863125627
6534,5.5504122476756965
6535,5.399012797278759
6536,6.649336427733143
6537,6.413390409611104
6538,4.704064729539882
6539,7.109689271796014
6540,6.232225880344902
6541,6.685840992176517
6542,4.232601838111218
6543,7.358011740352016
6544,6.871073062929412
6545,5.864570256460586
6546,8.19486524580961
6547,3.858002574106784
6548,5.753179440446045
6549,3.399520675846766
6550,6.697666975455487
6551,3.511053223316068
6552,5.02131896051436
6553,6.554361566765933
6554,5.607430231424133
6555,2.266912020830978
6556,7.3909928023596
6557,2.4128512954126617
6558,7.133766828282826
6559,6.7603148173014125
6560,4.036481567346199
6561,6.375006196183243
6562,5.261934003732604
6563,5.774444064969719
6564,3.1877157822210282
6565,3.7851311301158486
6566,9.298356729423057
6567,7.841961708220065
6568,7.366247352444934
6569,2.905356610313511
6570,7.628546481231404
6571,7.464919817160162
6572,2.9496984494239333
6573,3.7436848782856624
6574,8.036944405353534
6575,5.75930839390418
6576,4.682339505696051
6577,7.175586782359199
6578,7.915854113622366
6579,4.570938263379574
6580,3.53686927375981
6581,4.0691596529096845
6582,8.696873778296661
6583,8.730828242753704
6584,8.125762425430404
6585,8.869957817471246
6586,8.657013238231269
6587,6.703810873022912
6588,2.3616860702937323
6589,5.705916359600906
6590,5.624997303095136
6591,9.431651825794923
6592,7.613158655322266
6593,6.205317345119418
6594,5.994718599262212
6595,6.721170598662133
6596,6.085906002372953
6597,6.070695375998842
6598,6.921566729601775
6599,5.284353124717525
6600,8.332476907002714
6601,7.760459982217341
6602,4.031085785892511
6603,7.8245119762121895
6604,6.776710042820007
6605,6.29616389582267
6606,7.476167729590447
6607,4.905447968463058
6608,6.685324903168903
6609,2.1436937726165772
6610,0.6418573584645388
6611,7.463315454647258
6612,6.25117636812623
6613,3.8027169705628077
6614,2.652405834273142
6615,6.713488393307621
6616,4.615075949366055
6617,3.533767650051256
6618,7.720624037972206
6619,2.695962550018607
6620,2.110860159495342
6621,5.051764944512868
6622,7.712872128970213
6623,6.541059603280926
6624,3.973328121911871
6625,6.903114766581727
6626,3.5095087204131685
6627,7.991577007537866
6628,4.481407249820601
6629,7.637486738872004
6630,6.2110397204201595
6631,6.754713130688249
6632,5.694126685203614
6633,7.87288006573986
6634,7.124037661658755
6635,7.527021319893465
6636,5.466583951593847
6637,2.173536808701968
6638,4.366131373416287
6639,5.453240436091921
6640,5.862944242403525
6641,7.00388809405053
6642,6.547385868686065
6643,3.8498950779136947
6644,5.962189789484224
6645,7.341245849929405
6646,9.047047217563458
6647,3.1839860047800896
6648,3.397610302515941
6649,5.264157564074251
6650,4.207355201086032
6651,5.449406186488336
6652,8.590206929723369
6653,5.873960056362951
6654,9.176147896469903
6655,6.337645901247522
6656,6.984688103898716
6657,7.640082801291712
6658,8.34321324185498
6659,3.085456024292124
6660,3.9422754740482073
6661,7.171781462033104
6662,9.269650284960026
6663,7.919172055734258
6664,6.549078089506456
6665,6.116338478035339
6666,8.770962501165634
6667,6.1368693557948575
6668,6.429751975825701
6669,9.404723298692577
6670,6.0576709276829925
6671,5.819769226054629
6672,4.740783927812903
6673,6.333017892415924
6674,7.321491575138198
6675,6.210676527494809
6676,7.38867107482081
6677,8.81499128652246
6678,7.008371180686911
6679,6.9408354198829265
6680,6.905576167408531
6681,5.015194274967169
6682,6.882950916242581
6683,7.22471898102873
6684,5.283506522884734
6685,5.560625191968769
6686,6.758741754200679
6687,7.382691065759916
6688,6.32217057987803
6689,6.908517613231647
6690,6.666027347201283
6691,6.600480725470491
6692,8.915261667837395
6693,3.856695229015381
6694,7.621287062992514
6695,6.43856359594823
6696,4.257656397018509
6697,5.881540152613482
6698,5.868405257967744
6699,4.389301797138871
6700,4.472014949998762
6701,4.072750752864199
6702,8.700124436642916
6703,7.8305881213189545
6704,6.657507985085873
6705,7.160538860648373
6706,9.347348169829797
6707,4.004749405974433
6708,7.809211112663639
6709,3.4093734754868197
6710,6.647761721820467
6711,8.334793010499181
6712,7.832938472365336
6713,5.1251624941191904
6714,5.424957366774766
6715,4.569602444192549
6716,6.874021229083507
6717,5.604378420290195
6718,3.5787595368837852
6719,6.54987491863343
6720,6.06220613566973
6721,3.91173256024056
6722,3.9323376707303317
6723,8.64784803140356
6724,8.623817545172585
6725,6.0007790726752415
6726,1.9248366470461375
6727,7.438821163386698
6728,3.077247897682593
6729,5.331785635361556
6730,9.308907208753663
6731,3.576070991215217
6732,4.557628443434322
6733,7.0871502939193824
6734,8.233493917916299
6735,3.264272089059025
6736,7.547738808095259
6737,5.027523367911726
6738,6.030571661085391
6739,5.85697735282586
6740,6.820271876809991
6741,7.193411450668089
6742,8.915785374386623
6743,5.669332262348537
6744,8.794465764299915
6745,1.3733434702458442
6746,5.73086051285613
6747,7.8472612689274595
6748,3.9411244711979236
6749,8.875081490968059
6750,4.520129128833572
6751,5.168293684886243
6752,8.802748082352702
6753,7.0783694733027716
6754,7.286292478448738
6755,7.473742473419206
6756,5.319896719509937
6757,4.910004929458259
6758,5.485456466572722
6759,2.038042017552241
6760,7.240381842992166
6761,5.284567464718258
6762,5.833262921222756
6763,7.349900731550167
6764,3.7822446670742624
6765,4.073590492812257
6766,2.7132443164369753
6767,8.352913712843907
6768,6.389820842387274
6769,5.401763866302886
6770,5.87389185121699
6771,4.087146742101912
6772,7.8127641686387825
6773,1.4348561522983418
6774,4.667654274745112
6775,6.906646315522524
6776,2.9340177643389724
6777,6.637130018133302
6778,7.23490079872584
6779,5.637626922152489
6780,6.519473743452397
6781,5.823793926904037
6782,7.16805557503424
6783,5.9212062272146335
6784,5.051045458792482
6785,6.184822917920701
6786,6.128511548381572
6787,6.5496381758256765
6788,6.025355434273254
6789,2.621006677214762
6790,4.793991587971673
6791,3.973637956634236
6792,6.792744628569148
6793,6.074770970754894
6794,6.473756062724904
6795,4.457660464397888
6796,8.23470646443985
6797,5.427205550356806
6798,4.369051048699038
6799,8.948369193676163
6800,8.392364633107878
6801,5.943381819391266
6802,6.14811157180782
6803,8.617545344788896
6804,5.633895391995843
6805,4.55556493025866
6806,2.8652758329635986
6807,3.301383790996333
6808,5.180033759451682
6809,6.970129216518037
6810,4.577959140786486
6811,4.7762984717836705
6812,6.327734711284134
6813,8.771349054323839
6814,6.208683477434172
6815,2.8311839133036347
6816,9.29290187778812
6817,3.7145826586554618
6818,7.055081948891848
6819,6.097218924861149
6820,6.1414975562019185
6821,3.078764568078616
6822,1.7636934597559364
6823,6.826035929353369
6824,3.3067322876284604
6825,6.097946549832405
6826,7.350315080572589
6827,9.433773677528901
6828,5.511068407325063
6829,4.477925709459858
6830,6.217085798016031
6831,8.356515868524017
6832,2.4564647051170296
6833,7.643795922224703
6834,4.763980267563152
6835,6.929232867417093
6836,7.312369343367596
6837,9.784777624002546
6838,4.032640141752405
6839,7.582385622465914
6840,4.85838737821023
6841,5.856429639971044
6842,7.822119295391307
6843,1.805658877092907
6844,5.648744641554637
6845,7.575734107321794
6846,6.509627783698632
6847,4.916771402069495
6848,6.5789022325574305
6849,4.292170451447107
6850,5.248488482992842
6851,3.3830857712113733
6852,5.28812089587169
6853,5.350386113305215
6854,9.064667812492093
6855,5.392823204379445
6856,2.356991185423741
6857,8.858478157588046
6858,6.7234488245594894
6859,7.8653260791650705
6860,4.184849048210149
6861,4.259411862811971
6862,7.916230221526811
6863,4.524249469324817
6864,3.8911047870845064
6865,6.746935045279486
6866,3.179640804445054
6867,8.851614345001781
6868,4.499484951199292
6869,7.69948005639238
6870,4.825098989189997
6871,6.248866899924969
6872,5.424222912563821
6873,3.4836670608413454
6874,8.61599273354615
6875,4.3952521738313575
6876,7.309458936509209
6877,6.481398656454161
6878,4.604063171110144
6879,4.303087742888258
6880,7.562685662091844
6881,5.359660845769928
6882,5.8342733616308164
6883,5.923103253269339
6884,8.774904551245147
6885,7.766836890528498
6886,3.8200983658620467
6887,5.170111987717818
6888,4.492583800760613
6889,7.9817785721070145
6890,3.9245880934628534
6891,6.506329049478569
6892,7.631968289941944
6893,5.268012287563597
6894,8.279580354392115
6895,7.650221683354864
6896,5.458812825630654
6897,3.909494335704539
6898,8.457088932993491
6899,7.1686630064380505
6900,4.422743696829314
6901,9.666314657380994
6902,8.403227157551186
6903,7.151240713879179
6904,5.116774544128582
6905,6.0207072195773055
6906,5.764501178705828
6907,4.3179617185457
6908,7.848510624019643
6909,8.365276417434016
6910,4.253198883201874
6911,4.752250276900157
6912,2.6188761965423946
6913,7.604532075271596
6914,6.650095149844889
6915,6.940858005618637
6916,5.174971434636366
6917,6.127567951029619
6918,7.300888842266324
6919,6.021705694428818
6920,2.0452184722376545
6921,5.319924079621855
6922,8.594279849325769
6923,7.7768103801133766
6924,7.490162906477122
6925,6.3547598146491495
6926,2.856179962954336
6927,6.378923460488692
6928,7.8763729967695575
6929,7.360163219714147
6930,9.041480087129493
6931,5.04745586883678
6932,7.503853112481752
6933,6.07990669641077
6934,6.195954963120887
6935,9.562367527760957
6936,2.9608753103322614
6937,8.724337590205758
6938,7.870629141804454
6939,8.192226590915606
6940,2.1372043177006876
6941,6.323916823093864
6942,4.152962628433892
6943,3.768825925742657
6944,5.152407767985175
6945,4.338192266242616
6946,7.232768409015588
6947,4.816448612125938
6948,4.209113931061031
6949,3.2691727464906184
6950,4.809265751637194
6951,4.58161062539304
6952,6.070023436288198
6953,2.318690588854763
6954,3.491649990504116
6955,6.807766165241519
6956,6.429825046933818
6957,7.462746204811905
6958,5.88094804925611
6959,3.983054166834964
6960,4.3292861988469085
6961,5.4508962212919965
6962,8.036633812579652
6963,7.527325835099775
6964,3.974497072674195
6965,9.968494776443702
6966,5.219392422510948
6967,5.593460776663164
6968,2.949889533867899
6969,5.458201877769117
6970,7.134800193842929
6971,7.2156596176756045
6972,4.151613934492689
6973,3.269148426030337
6974,4.4409135297001106
6975,6.161736880564423
6976,5.912214236989638
6977,6.021311808759084
6978,7.616226194017516
6979,8.567825840303007
6980,4.238337611809069
6981,3.478403228900818
6982,4.2865099265215285
6983,5.271320427859955
6984,6.657329084693238
6985,8.133271031420268
6986,3.676091854001291
6987,2.8510923194079423
6988,9.04462164446364
6989,5.642399753949132
6990,3.374014151064016
6991,3.0698539695529474
6992,6.839762620309874
6993,4.337044009670962
6994,5.612773858383777
6995,5.069919734034766
6996,3.2050549220019118
6997,3.364233682297545
6998,6.840145940833486
6999,7.936345357717208
7000,4.350099835787229
7001,8.301817547593556
7002,6.710839691316309
7003,4.465269770350214
7004,7.831901125432674
7005,6.339715839338461
7006,7.54126393857439
7007,6.697537738484543
7008,8.366540938544325
7009,7.176570419878141
7010,6.221028399946837
7011,3.024646215767176
7012,7.237461815872724
7013,9.362368036866016
7014,3.3134488172185756
7015,4.30418697936632
7016,6.350805913493581
7017,2.675207338781906
7018,7.9620116876544165
7019,5.476830803693307
7020,8.96947419581953
7021,4.288747901602999
7022,3.0216744780748837
7023,6.268467192924971
7024,5.13308120432592
7025,3.1303977090361994
7026,4.995040984214591
7027,8.144441262348922
7028,4.230338786399102
7029,7.909066962441936
7030,7.442321352213277
7031,8.871745365154233
7032,4.355482720789687
7033,6.606745410741437
7034,7.341686162303944
7035,5.917607368345297
7036,7.647713622231289
7037,7.253274412233099
7038,8.148910204727699
7039,6.057774257286104
7040,8.642788068160499
7041,8.714743716384486
7042,5.014862461939915
7043,3.295330213792521
7044,6.160450337472811
7045,4.780410493561019
7046,9.177353709775591
7047,3.1445768546409805
7048,5.134422861995626
7049,7.782908284724515
7050,8.936225695132102
7051,5.676760928510858
7052,7.145773060848499
7053,4.289857608195922
7054,5.174974188367732
7055,6.199978855205642
7056,4.418563578556651
7057,4.993822349861156
7058,7.076435223113011
7059,7.9795997347971985
7060,5.5183009620688805
7061,3.541553216632819
7062,5.969541551223471
7063,7.881225810450192
7064,3.7566159341638206
7065,7.185577833457107
7066,1.399250055969432
7067,4.030794775412552
7068,6.975799349579157
7069,3.6919244734173278
7070,2.653506622644752
7071,8.349281180398792
7072,7.512119976329419
7073,4.785304859693994
7074,4.683765869748844
7075,8.849725918839361
7076,9.4120251990432
7077,8.27888169172223
7078,6.5760490434922385
7079,8.441366596695024
7080,5.006857381198495
7081,6.562243224402788
7082,7.350329190519767
7083,4.372420784412098
7084,7.063993088928983
7085,3.5857456823542164
7086,7.928639188636998
7087,6.406036076104184
7088,4.351579496230933
7089,6.613329165308225
7090,9.402141272732296
7091,6.202642296132689
7092,4.668267270302072
7093,4.776065792499541
7094,9.158302056635465
7095,4.334121534836651
7096,5.055399289720494
7097,8.223156824894213
7098,4.68819056399258
7099,7.4061162204844955
7100,6.999587605058803
7101,6.217943202178476
7102,8.168726416981297
7103,6.970007942585946
7104,7.968191726716447
7105,6.47257701616996
7106,3.335504793736678
7107,4.884629247237398
7108,7.307378726005656
7109,6.296383491592853
7110,4.105277526523843
7111,5.439204193189619
7112,3.9853033318634954
7113,6.655477291656162
7114,5.781607151625622
7115,8.420741584206471
7116,8.720181571580124
7117,4.787108310995969
7118,6.507011452883363
7119,7.899917953686481
7120,4.655472652565733
7121,5.251271218156378
7122,4.695279390407172
7123,4.274248964290437
7124,3.7678116138214377
7125,5.231282953761465
7126,7.906044219349692
7127,5.4699044574958195
7128,7.141690558453722
7129,6.576744426274538
7130,7.118770862104507
7131,7.171065767080964
7132,6.844257272541586
7133,7.253582108462478
7134,7.4755941291183845
7135,6.560155180884369
7136,4.042854042684958
7137,6.0033418729627375
7138,4.762974558375632
7139,4.212503998022716
7140,4.223549625524189
7141,9.37947644924205
7142,5.636112603799279
7143,5.262232943308732
7144,3.2410042155567242
7145,5.4510477611976125
7146,4.930207850987149
7147,7.873534199326533
7148,5.567899661792796
7149,7.252720674568942
7150,5.359799641172899
7151,7.701827502590484
7152,5.974923853612831
7153,1.591004338227303
7154,8.94259580036484
7155,6.846484804555957
7156,2.051590015040564
7157,5.124648880589356
7158,4.094239620973804
7159,5.923380176498626
7160,5.40022411938879
7161,6.730931173991334
7162,6.124061141567144
7163,6.666158632577288
7164,8.734668688905936
7165,8.505517045483055
7166,3.677822890484658
7167,6.3893617275234895
7168,4.506136040410352
7169,4.975133041145073
7170,6.445391375274441
7171,4.514895038634256
7172,6.259788320791952
7173,7.794886423609386
7174,9.248723002936693
7175,4.253089612617193
7176,7.419822897599877
7177,3.450311757116199
7178,8.446859158560532
7179,6.553843232700162
7180,4.792146139544566
7181,6.519306246262939
7182,5.870076880557835
7183,8.14497621816092
7184,2.2663846256806246
7185,6.046821877465417
7186,7.180513685119449
7187,5.4350084391846005
7188,2.0686904695605004
7189,5.822951617914352
7190,5.478048168838618
7191,2.879101110828324
7192,8.436334515391795
7193,8.309713889940468
7194,3.613805269083049
7195,7.58247808485304
7196,5.8723986813045315
7197,6.951928332566725
7198,5.824552716666168
7199,8.319664650086361
7200,7.404805668172049
7201,5.426443511443196
7202,6.516950597293729
7203,5.592267056326148
7204,5.897028543042921
7205,3.127200245642843
7206,6.9341210284099
7207,6.431770262782636
7208,6.11780511490489
7209,5.982692002976324
7210,7.325144443476463
7211,5.067231831868273
7212,5.085539614398064
7213,5.531310741210382
7214,6.03913811761549
7215,5.10996123462666
7216,4.363682086999608
7217,7.1488472321647105
7218,5.696770289774145
7219,7.737957292965412
7220,4.393106562213585
7221,6.822501238366632
7222,4.585483741703132
7223,6.6554584980830205
7224,5.991123830702308
7225,7.243421746127375
7226,6.85582488401559
7227,5.877049061768942
7228,3.603796795317332
7229,8.29714229633073
7230,6.252172548052161
7231,3.1056905137964
7232,7.490548121477689
7233,8.456494219403307
7234,2.9258481034683763
7235,5.135156201394846
7236,8.175071929042968
7237,5.816032838871915
7238,8.69817024503956
7239,5.701218085170932
7240,3.4557046275118837
7241,4.07957425646282
7242,8.60469288825103
7243,9.174719063229904
7244,3.069487624813485
7245,3.8252303219163255
7246,3.4806074120659263
7247,3.962932997642022
7248,3.73313185933681
7249,5.670063859263606
7250,7.686349422664044
7251,6.277971718676818
7252,5.196600388055665
7253,7.605516205493091
7254,7.542684907747688
7255,3.7067512329051997
7256,6.721741268114947
7257,4.318525884759882
7258,3.098300772380125
7259,5.359803476708407
7260,9.43781548817352
7261,5.840632527364746
7262,5.503354601882444
7263,4.791611040360588
7264,2.787253729323938
7265,8.15400508395971
7266,4.506700980036696
7267,2.65921949392986
7268,6.240654220517745
7269,4.8188087273363145
7270,7.065643936714629
7271,4.1375267363619255
7272,7.168032655200469
7273,6.8103687978501535
7274,5.005948661314614
7275,6.881423595223968
7276,6.102156842114971
7277,5.289789140279727
7278,6.049272573228958
7279,6.375407704481739
7280,6.217489073596662
7281,8.852738788197003
7282,6.214208317445883
7283,5.673101545018264
7284,8.353691098941828
7285,7.238357062539437
7286,2.924657787591741
7287,4.4166570231249525
7288,6.105133635653362
7289,5.237795583182274
7290,6.892875205230258
7291,3.8930477759140576
7292,5.338513733480024
7293,4.606446022620319
7294,5.071161910526436
7295,9.365582255682753
7296,8.08650908735796
7297,6.920321158489073
7298,5.268567675539642
7299,7.2939585835011975
7300,4.571669196506379
7301,6.951855524172681
7302,4.975235133724663
7303,4.7467833365177174
7304,8.34797378534057
7305,5.745447340185329
7306,4.964240455679411
7307,6.91763992536128
7308,4.921119770858528
7309,7.885386123078518
7310,1.783815815934016
7311,7.2227012114900635
7312,7.9873685451003595
7313,6.449906539529059
7314,5.45517636691385
7315,5.60930514494252
7316,4.271835849401732
7317,7.507838785286509
7318,2.66348402435585
7319,7.357784565801554
7320,3.692641889218457
7321,4.715962057501043
7322,5.510358408783781
7323,5.938669967447751
7324,4.521580381669369
7325,6.750304701688748
7326,5.704986188512682
7327,3.869022397045486
7328,7.010610298839515
7329,3.4053301002744534
7330,8.191584614166166
7331,3.798363281902592
7332,7.318191191187554
7333,7.5300550677817295
7334,5.721765990195004
7335,6.145549600360235
7336,5.8465929792529225
7337,3.9996113176634696
7338,4.338213486248142
7339,5.4243248892555105
7340,5.414200360364903
7341,4.343351097420037
7342,4.7016045428724
7343,7.768770523241402
7344,6.001012007533396
7345,3.527950980073034
7346,7.718213874415798
7347,7.761089629776035
7348,7.107609067500127
7349,6.487145148094031
7350,4.7300486081447355
7351,5.226297983558174
7352,6.281019649538011
7353,5.314757709712859
7354,7.224282582362997
7355,7.731709871152185
7356,5.3432808384599
7357,8.701413708067543
7358,6.643340665906876
7359,6.209155640185104
7360,8.067029728862096
7361,9.200201322186558
7362,7.256710898049377
7363,3.341535170351356
7364,6.871019234897061
7365,6.654531691779683
7366,6.211103461581736
7367,6.05818818914643
7368,3.547022630927429
7369,8.459740395548938
7370,6.129097990187928
7371,8.676835914893047
7372,5.9030244226755695
7373,8.562961738670703
7374,6.539359107505929
7375,4.154524765088202
7376,5.320122421720104
7377,5.752517982572135
7378,2.7373626170997047
7379,9.221457500139342
7380,6.726400047796273
7381,6.147910129996068
7382,7.996743832962058
7383,3.262000203269648
7384,8.217036603714133
7385,4.630287331279748
7386,5.951219006370822
7387,6.263974745073303
7388,5.7411582234785214
7389,5.043685226421764
7390,6.2107502598414355
7391,6.92955792867744
7392,6.1609995016286065
7393,9.295746930994696
7394,7.7505008472222015
7395,3.251655629628273
7396,5.652102717932299
7397,8.038803126408231
7398,2.015359596377232
7399,4.719353556739261
7400,8.008223606504941
7401,4.33370639705216
7402,3.2633950310617292
7403,9.430428199400774
7404,6.65769367581677
7405,5.003738094123244
7406,7.571540788681705
7407,7.398565983646621
7408,7.5326641405652035
7409,8.393067465895363
7410,7.466848492895975
7411,8.033767798906993
7412,3.234263288213688
7413,4.790125266954859
7414,4.703741411825218
7415,5.933585218725647
7416,5.163463962378205
7417,7.001162786651329
7418,4.126950591218135
7419,6.212296907265307
7420,5.490394918953328
7421,3.4499648288447675
7422,5.700228698289552
7423,8.583086549976349
7424,9.521365725789492
7425,3.336782658023611
7426,5.478639426744931
7427,5.715878971122462
7428,3.828338156569591
7429,3.835768348821328
7430,2.151049429791644
7431,5.718052519764338
7432,6.155101509512493
7433,5.0617407339691205
7434,4.442265509999969
7435,4.7395190242415275
7436,7.7092417853766815
7437,8.653719551773234
7438,4.637051533061494
7439,6.103102702111697
7440,8.236800191703413
7441,6.292266853691704
7442,4.156417376745147
7443,8.558317719009764
7444,6.20073319324196
7445,7.7059620307516665
7446,3.9241568813680963
7447,8.121505244053377
7448,5.226087097814395
7449,6.055340278824794
7450,8.611935325519065
7451,5.980100288547679
7452,6.38124008696578
7453,3.9389209771427813
7454,6.737150181900866
7455,3.8721948310904772
7456,6.764612411905364
7457,7.2642473513965635
7458,5.100317253170838
7459,3.552520569340355
7460,7.318467315648643
7461,8.133077569248167
7462,2.99113896871266
7463,7.916787033451216
7464,6.076806325694085
7465,8.550058648821667
7466,6.981530565908833
7467,8.909223019132924
7468,6.7989881562240715
7469,3.6238776961459127
7470,6.44929149676115
7471,6.260030524759713
7472,3.3120851983928725
7473,5.68486007040014
7474,5.185531211679842
7475,3.354892961644993
7476,4.912333991812395
7477,2.084633409045102
7478,6.304951323155447
7479,4.854881350858405
7480,8.917471719518057
7481,6.948600421474005
7482,4.672746517127512
7483,7.674582160783339
7484,7.716636236599981
7485,4.9003220662338585
7486,8.779917552926408
7487,4.845576413328776
7488,5.188065662592716
7489,5.196854164688753
7490,5.150227781421304
7491,3.932394958087783
7492,4.673698825472151
7493,8.33025568968219
7494,6.244698931276485
7495,6.847976133480917
7496,7.500192693824665
7497,6.1536772656750705
7498,6.430770682847374
7499,9.41973925499411
7500,5.798124132993699
7501,6.421482299926479
7502,7.955440681683625
7503,4.739712649537928
7504,7.047474839036266
7505,6.206752731235744
7506,6.201265494188839
7507,8.360865952303332
7508,5.256548302216364
7509,0.8435917643255424
7510,9.366912867705958
7511,5.021169119035296
7512,5.6165038263182865
7513,5.644102985402969
7514,8.152218117324145
7515,4.303301435434728
7516,7.4572412668719625
7517,2.513077047451513
7518,5.817862371292218
7519,2.889538992453117
7520,4.540068503228121
7521,9.031455801878206
7522,5.435003544670632
7523,3.3134550372950518
7524,8.099332195765987
7525,6.333395031282224
7526,7.641557500059889
7527,6.014213812049486
7528,3.4597700838738077
7529,7.247484435686754
7530,5.486891406832331
7531,5.418740145673287
7532,9.452047582479986
7533,6.695378518850028
7534,6.746828140781382
7535,5.1547807872719
7536,7.683398437344154
7537,7.803480058037349
7538,6.534376868168186
7539,5.845211747545795
7540,6.128611662971174
7541,3.9683499803082474
7542,7.771772084431329
7543,5.259298900276145
7544,2.4563657822015212
7545,5.199990236218028
7546,5.193980573826437
7547,4.0836795593777495
7548,7.328128494233437
7549,7.739448935322277
7550,4.45807232357704
7551,8.049283658151783
7552,5.817107092336368
7553,6.762489492555298
7554,9.167087090738388
7555,6.7159949307368745
7556,6.404489549584346
7557,8.292213314405327
7558,4.398988716131118
7559,2.8187977308550964
7560,2.43379745481559
7561,5.971789703162306
7562,4.915405791912619
7563,7.604984068940054
7564,6.496338186831969
7565,8.797566545037004
7566,5.169143404203977
7567,7.027113859805808
7568,7.615009097864508
7569,5.804549625204264
7570,3.2191037274897556
7571,6.729822224361261
7572,7.145586216384406
7573,9.545015814791288
7574,5.3642084391843206
7575,7.695125800963534
7576,4.950342442918235
7577,6.983074443584798
7578,6.496345128411034
7579,7.838562298413809
7580,3.939526642603275
7581,7.155254307526951
7582,2.042146298923827
7583,6.07705060346314
7584,4.082579752031402
7585,6.4159304557847525
7586,3.780282790448531
7587,6.058822361602715
7588,4.670460705956463
7589,8.326953570437285
7590,1.998603925476834
7591,3.3412849813959085
7592,5.949112596136015
7593,6.631169103798935
7594,3.5490205469818465
7595,6.493758495074811
7596,3.5528200018312037
7597,6.73118082408137
7598,6.250038237811249
7599,3.9712499938111887
7600,7.6404325360633365
7601,8.825576374438658
7602,1.3579992227007276
7603,3.855317235297794
7604,3.3413351280798658
7605,5.310029573570971
7606,6.067103987208026
7607,8.277803772272177
7608,8.721299280698151
7609,7.625863437617026
7610,4.649127690379527
7611,5.1771321671961585
7612,6.547587510633769
7613,7.956002984136401
7614,7.053077653771985
7615,8.071757807253988
7616,6.413686239759722
7617,6.848204504453455
7618,5.624967456758307
7619,3.6529451264995823
7620,3.6805772555246827
7621,8.073442288109359
7622,3.6038205338202522
7623,7.348306901228108
7624,7.459307744231694
7625,5.476724241318353
7626,1.4744337196732182
7627,5.461317041038998
7628,5.895425904363233
7629,4.142643877615159
7630,3.159830627166851
7631,6.162927615940921
7632,8.283414651934557
7633,6.965148126300436
7634,1.6250702349814663
7635,4.807272006985463
7636,7.799940522516826
7637,2.540322707976275
7638,6.581392348490577
7639,7.522217597930588
7640,8.433100307686235
7641,6.799455288480688
7642,8.842936525294103
7643,5.523067791500341
7644,5.716921003272829
7645,6.602529800345252
7646,5.11791478217095
7647,5.1022153401131956
7648,3.2387912293866243
7649,3.5748011320786333
7650,6.374255889810483
7651,5.4525456769528065
7652,5.807917294207755
7653,2.961170836907709
7654,6.139778272242337
7655,7.388614074320337
7656,9.587796739926274
7657,7.164835977163076
7658,4.4304081158672854
7659,1.5417869728827434
7660,3.7273976744267836
7661,4.2322349116276445
7662,7.0576534572746
7663,2.5908550796297174
7664,7.679482943918817
7665,6.529376827451392
7666,5.99867291369236
7667,5.2769746272551465
7668,5.07545315023692
7669,6.857997504772788
7670,8.725739952642552
7671,5.695559875883103
7672,6.087757219076161
7673,4.7446509286275225
7674,5.004208710951888
7675,9.050916976489399
7676,3.1050876442533206
7677,5.512143343480789
7678,8.642933636341091
7679,7.833011243817589
7680,7.730560713535317
7681,5.411223438427381
7682,3.6935617619824117
7683,5.320529473149748
7684,4.84329032230316
7685,9.552254784557501
7686,6.169818280969058
7687,8.909836316186727
7688,4.0388615512121735
7689,2.923316346531926
7690,6.573964422636861
7691,3.6574263387995614
7692,8.626402584346149
7693,7.7556117498302735
7694,4.706768434954858
7695,4.540643458803192
7696,8.842075928006254
7697,3.544027920531605
7698,4.967847985261286
7699,6.896405515938654
7700,7.305844872484425
7701,4.78347983153014
7702,3.2231024035388427
7703,5.6487744320380076
7704,4.989874312100223
7705,4.051857735706221
7706,2.3986379365049175
7707,6.899747148117284
7708,6.30979302470063
7709,7.776146458935891
7710,7.120453169984743
7711,7.877766109676121
7712,8.03759754604429
7713,4.840082864161121
7714,9.550638429089716
7715,5.563618297549683
7716,6.875718592593755
7717,7.102246295706323
7718,8.053923709437662
7719,6.500571407214868
7720,8.928044766955317
7721,3.447408706211367
7722,3.7826335970838634
7723,3.6406829998020505
7724,6.146949368105617
7725,5.507205850190596
7726,5.19229286796813
7727,7.031650752370035
7728,6.429348827135784
7729,2.8204812519671094
7730,5.875695497659025
7731,3.286444301478663
7732,7.558741249875662
7733,5.377871537738795
7734,5.8770245053688726
7735,8.42266670883549
7736,7.007895733373642
7737,5.321125794549512
7738,6.77145533496888
7739,4.102963797306037
7740,6.205286458178783
7741,5.5887600056581235
7742,4.644870933258047
7743,5.170747004422403
7744,3.353302721908924
7745,9.270250239162365
7746,6.355503045293339
7747,6.018085150213638
7748,5.921343599366396
7749,6.476951605710436
7750,4.080200325736122
7751,6.618318383145566
7752,8.2543874005354
7753,5.8545148535202385
7754,4.864573504041205
7755,8.586981741248794
7756,8.223708879598917
7757,7.914146514915135
7758,6.566026676109594
7759,8.857846195643276
7760,6.976989967910929
7761,7.586368555913537
7762,5.1028671039649485
7763,6.44457317697731
7764,7.275616684787607
7765,5.125131119747046
7766,7.049979779137875
7767,4.973017659770917
7768,4.7418166508732105
7769,3.4673568295552397
7770,8.892053921060533
7771,2.7494054085335966
7772,5.382974343237632
7773,4.793991701540689
7774,4.852040248297971
7775,7.350423605182186
7776,6.268959712846172
7777,7.063379562807501
7778,8.10284953236614
7779,4.307244731754466
7780,6.784877769979097
7781,5.548138447301252
7782,2.817583743920516
7783,6.1937051976625925
7784,8.623917817025536
7785,2.3400187994892567
7786,1.8870251269179468
7787,2.824339102563275
7788,8.645389756988479
7789,1.6442297987317254
7790,6.407617598382535
7791,3.752175622743118
7792,7.756064668176471
7793,8.03818382466327
7794,6.466897431261037
7795,6.967890699523351
7796,6.8768684807083105
7797,6.054475247689368
7798,8.054463361500694
7799,4.757771264172655
7800,3.7935300758618653
7801,2.815986795796918
7802,3.2483540283120393
7803,4.751349050632461
7804,5.242944919439941
7805,7.632260216483267
7806,7.439031417867023
7807,4.541206562126037
7808,6.15041156685588
7809,7.797589102239
7810,5.682305038507906
7811,4.659058603604574
7812,4.858333530076811
7813,6.2921070389785125
7814,3.7956086475710804
7815,4.5064656902425355
7816,7.00154129863432
7817,3.1171593796147405
7818,3.4524475006013104
7819,6.085511409197261
7820,5.362803610337615
7821,6.839551052536567
7822,6.736080390241666
7823,7.474001955311662
7824,6.526886359211563
7825,6.06238960833962
7826,5.718061866237312
7827,4.241062271116926
7828,8.174196627730783
7829,7.496970126204159
7830,7.139209509625904
7831,7.283941707003228
7832,2.670135493772963
7833,7.55493306962224
7834,7.87382677434305
7835,4.0061124515585185
7836,7.544710862083841
7837,5.871480876892896
7838,4.9978319994531395
7839,4.846867809544431
7840,8.85251645434467
7841,8.195510486683435
7842,7.966225611544891
7843,7.145529432572861
7844,5.197219574437256
7845,5.568142398666075
7846,5.564197669305663
7847,9.347064205318917
7848,4.401630651964801
7849,2.4985197210793406
7850,3.9584671807849943
7851,4.177320257257844
7852,7.810100268939008
7853,5.232477294313195
7854,4.308347934847129
7855,8.286832321378155
7856,6.472073100342813
7857,9.625791054981592
7858,6.991424794649679
7859,9.608210321491244
7860,6.7243984721064045
7861,9.718064237448164
7862,5.122847193939498
7863,5.3840021072296675
7864,8.200497057065553
7865,9.266679683083101
7866,6.580716033618395
7867,9.523485213689511
7868,4.673865508968301
7869,7.353047412359479
7870,8.53788697490877
7871,2.253219305766693
7872,6.146860856316243
7873,8.146753843106936
7874,7.1735640753199075
7875,3.7065538426067457
7876,3.9255144100891277
7877,5.509314733571955
7878,4.446976761039409
7879,1.9131826752645722
7880,4.175296188610637
7881,5.787922888702232
7882,7.734866947463137
7883,4.775382586976955
7884,3.861793409174026
7885,6.965945826538278
7886,4.957622083103282
7887,6.562418505331741
7888,7.5148293872260155
7889,8.617856393418819
7890,4.247829924669947
7891,6.305677410031951
7892,6.4386710476921385
7893,1.7832635223089737
7894,7.400225594907866
7895,3.4561837420157833
7896,3.5190816367077247
7897,8.566908460333417
7898,3.139896355628327
7899,7.968033026748433
7900,3.8520327544425266
7901,7.213291862753609
7902,4.004665179372862
7903,4.3130688937153305
7904,5.90642849373683
7905,5.057229067746729
7906,8.018677202062776
7907,3.9463373032954467
7908,8.21003652007425
7909,8.07355028917933
7910,7.142438144359469
7911,7.248847301846217
7912,6.011442739309737
7913,4.024585814944775
7914,3.715517161070793
7915,5.3476781908161675
7916,6.652799395461242
7917,6.94935050095331
7918,4.577169614569743
7919,7.495348290518326
7920,9.31184717820241
7921,6.2367963884011575
7922,4.956404502262289
7923,6.3348749422921
7924,8.0509405479228
7925,4.506835690258475
7926,6.421466757172631
7927,5.357373618390104
7928,4.564198411978443
7929,8.802413530746861
7930,8.204218880020939
7931,7.739936369394599
7932,5.800639332442843
7933,5.322625051044691
7934,8.050838395382314
7935,8.12543367475716
7936,5.097534617662315
7937,3.31453159872537
7938,6.1366351231881975
7939,8.08088706761
7940,3.6924395382388813
7941,3.6286280874454175
7942,4.454187469962971
7943,6.289553843657185
7944,5.900963890851026
7945,5.6439159821083
7946,4.546348881821616
7947,5.142374942332357
7948,7.29859708235649
7949,5.81444564649418
7950,6.833036058792895
7951,6.342147669870253
7952,7.738590193786813
7953,5.940912854398329
7954,3.580505369923823
7955,5.424398081149638
7956,6.683555993878211
7957,2.918911966732471
7958,3.173204796667674
7959,4.629082903002034
7960,6.215326474356871
7961,5.792218170258368
7962,6.9179641273703165
7963,8.07008402395222
7964,6.143438976629229
7965,5.984847764792627
7966,7.40209391644763
7967,4.423340369338243
7968,6.523740181884036
7969,7.5621201439827725
7970,7.341302918081189
7971,6.378528365847876
7972,6.265814068383985
7973,7.784995334519504
7974,5.897182681416652
7975,7.342096673403018
7976,6.578792291288283
7977,7.882415949012993
7978,1.2632561523279309
7979,5.583031860226949
7980,7.675582572918493
7981,6.661414392734838
7982,3.255505923212754
7983,5.245041170911201
7984,5.3974512329910755
7985,5.471448584696988
7986,7.238924546955636
7987,4.241845487907446
7988,9.576647631927456
7989,7.439847575431352
7990,7.723746697239669
7991,0.7144294014339367
7992,2.645253769683069
7993,6.883624423813794
7994,4.705310983328908
7995,2.841545359977449
7996,5.946312534387799
7997,7.781170886237513
7998,2.035907618223553
7999,6.924910720604421
8000,5.645357249207157
8001,6.493422045891943
8002,3.380598728195814
8003,8.172417783407443
8004,4.696775609405925
8005,7.949301307657439
8006,6.254217473353782
8007,8.872819886484528
8008,5.552374972830778
8009,5.618880314637096
8010,6.464839068023704
8011,5.377438507335318
8012,6.785739421550714
8013,2.305301953055729
8014,5.543039031397446
8015,5.380534334051578
8016,6.685506570682833
8017,3.759219945428761
8018,5.017997470063985
8019,6.0173847724472225
8020,4.416052136838323
8021,3.284732506281338
8022,5.268940326489113
8023,2.8516370689191852
8024,5.786739642171146
8025,6.378820127059066
8026,8.69508218724429
8027,8.780964460998845
8028,5.511623931113186
8029,6.693211942024125
8030,3.10780049247659
8031,4.3713313793814885
8032,4.143833415973811
8033,8.743456895569297
8034,4.3462957951354415
8035,4.886322927781449
8036,2.3199816069033816
8037,5.584718423065798
8038,6.941449372274192
8039,7.733188190193736
8040,6.273559978993156
8041,6.378011101840324
8042,8.347506062408605
8043,3.160846951050448
8044,5.730437202002789
8045,6.276831993603954
8046,7.986934397641604
8047,3.346469483613305
8048,7.257544300558474
8049,3.2782097933068712
8050,7.286490193245086
8051,7.197728481342779
8052,9.147308588587567
8053,9.778504534585931
8054,6.620074752072338
8055,7.759371221538957
8056,5.357373306145313
8057,7.094894413409803
8058,2.499050330852896
8059,7.898620572873696
8060,6.061030117865451
8061,9.087438778166108
8062,4.753378484132293
8063,8.22948693000895
8064,9.150111967304241
8065,6.31676946621015
8066,5.797198794071582
8067,4.4959840283132575
8068,3.0397886194721506
8069,5.028635163155993
8070,5.206875055437801
8071,7.981369840745016
8072,5.604878054121233
8073,9.33183765128589
8074,7.8626025653138765
8075,6.8535453201267105
8076,4.640461138987003
8077,3.983821832335041
8078,5.552802825166094
8079,9.517200020227204
8080,9.00749588159227
8081,8.423690036908633
8082,2.505342268969446
8083,6.175639292525761
8084,7.811167891340442
8085,8.688848391369682
8086,6.290849627188985
8087,5.0753504572959205
8088,7.198421764605038
8089,5.481622546791309
8090,4.931269073800606
8091,5.804506770924854
8092,4.434799585601061
8093,3.565721529670037
8094,5.874321105346052
8095,6.696877165074858
8096,2.7963554125700254
8097,9.115748859412458
8098,5.889863337138976
8099,6.743878919045952
8100,5.2678544819225435
8101,7.950031832716421
8102,6.37687428522211
8103,8.838726562298474
8104,4.427062939984277
8105,4.462255547726464
8106,1.2355907449388361
8107,4.749988841374954
8108,5.258537486675158
8109,4.801921859249077
8110,5.046135125290176
8111,5.109299754380995
8112,8.662330292725306
8113,6.037490178531701
8114,2.8365547841157177
8115,5.739986067564217
8116,8.323276029108198
8117,6.617479831256296
8118,6.580401425237534
8119,5.800326063049146
8120,5.24081167087108
8121,2.899987138754844
8122,5.747047036552958
8123,5.62494355873969
8124,6.0602078238281365
8125,7.241221206140344
8126,7.878653464538855
8127,3.3191292006277533
8128,9.10468189016851
8129,9.036872670238601
8130,4.049678139878984
8131,7.777763362288667
8132,8.94682879056824
8133,6.258746339068823
8134,7.304661448331436
8135,3.799201151774295
8136,6.153450062267849
8137,4.907105006633378
8138,8.252685452426753
8139,7.543431989919691
8140,3.380238262272469
8141,2.330823610199698
8142,8.699016159330489
8143,2.7495784678253914
8144,5.745815739608721
8145,7.170978607456
8146,4.196855349419671
8147,9.25225297648344
8148,4.924989506314591
8149,4.911785440809813
8150,8.655901642304995
8151,4.440995047186286
8152,3.7112471444001787
8153,3.789264733560181
8154,4.487444404179174
8155,8.444115289410494
8156,4.509363508662634
8157,3.9524421372500025
8158,4.850240737373923
8159,8.727445821995081
8160,2.126365226476779
8161,7.215262491983102
8162,9.135579168388816
8163,6.166367354599084
8164,7.349390815049473
8165,4.634361118563155
8166,4.8322952141704265
8167,5.8265423683681785
8168,4.244223193496348
8169,3.2464108416034985
8170,6.767037709684467
8171,6.136193656321745
8172,7.505512291152687
8173,4.623978619907296
8174,6.689039214429145
8175,5.547675995754978
8176,7.112549981575864
8177,5.577580196741248
8178,1.8892960769161844
8179,5.961704212933941
8180,5.126450727777195
8181,4.508563873876473
8182,6.972104700673026
8183,3.8329606893827712
8184,7.653925759104708
8185,6.824483393081513
8186,7.416233073833216
8187,5.919398093634848
8188,8.243962710603293
8189,7.069266084977261
8190,8.519058804390525
8191,8.085043616624855
8192,8.872946026611665
8193,4.061966993979844
8194,6.843515135790808
8195,7.07820433648458
8196,4.124209387797566
8197,3.5075860353638
8198,6.982144536504293
8199,0.5704663459791748
8200,5.012751777128372
8201,7.3614042702982125
8202,3.989568283004284
8203,4.399728469390161
8204,5.904496199366459
8205,8.753440239975134
8206,4.50349271660969
8207,8.080848537275308
8208,4.064868525109118
8209,4.908964724792877
8210,5.384608677075871
8211,6.776133084873349
8212,4.651407306723096
8213,5.288814835693156
8214,6.127003475593784
8215,6.173886450322418
8216,2.9689456215120122
8217,5.766687274203245
8218,2.5646556191252756
8219,7.046814775306073
8220,8.728981688875516
8221,4.1753775459875015
8222,4.21385294296936
8223,7.880042359355829
8224,3.755958948571756
8225,7.329448203102197
8226,6.862723474637745
8227,5.316166957167026
8228,4.601936674237713
8229,3.8622830777387214
8230,8.957274938463357
8231,7.6493590630226
8232,2.086397576936125
8233,5.508946225614151
8234,8.221432378205968
8235,4.994162316247213
8236,9.114305705519419
8237,6.233051864274591
8238,4.200356451138157
8239,9.853173801692867
8240,6.412681804200566
8241,4.809164090228704
8242,3.3682960687876955
8243,6.85912836096779
8244,3.448760274598186
8245,5.535240896052315
8246,3.535193103652011
8247,7.504355022145567
8248,3.588609596948013
8249,4.895529738208726
8250,6.647148815941527
8251,6.307111862881642
8252,6.423257854545062
8253,6.8855805491082265
8254,5.23264990898497
8255,5.976661038559306
8256,5.044825404712359
8257,1.9061589830878187
8258,4.305868682083242
8259,4.115484867833713
8260,4.414595939014239
8261,3.5029130766676833
8262,6.812255943771509
8263,3.7032053965944725
8264,7.6273391617942305
8265,4.749085391293453
8266,6.335724034083686
8267,7.2892888594395355
8268,6.198956815829664
8269,3.2293951601949487
8270,4.78376528352352
8271,6.334287127391247
8272,4.132691930231208
8273,8.181232488886764
8274,7.278801514906265
8275,9.911441138364111
8276,5.1735068580088654
8277,5.081905248808601
8278,4.549426218572929
8279,3.926608730673153
8280,7.433053517364137
8281,8.668581703585962
8282,6.85717458231395
8283,4.434994480958737
8284,3.9328121628195123
8285,8.294521282494337
8286,7.7290183635561
8287,4.810376011363541
8288,7.930941713376336
8289,4.947188190328619
8290,6.360296279618459
8291,5.282848141978211
8292,8.74138507043589
8293,6.866077836681804
8294,5.789118286002126
8295,5.671777026172547
8296,2.819821037548282
8297,7.551237643228944
8298,4.221938996667905
8299,9.559504874186908
8300,1.4611109507510234
8301,8.270656559898104
8302,3.9814281933791156
8303,2.766334360073341
8304,5.444435207985925
8305,4.484516006437378
8306,2.154905864850271
8307,7.583651221730377
8308,7.002302703048149
8309,5.719664309861462
8310,6.206122034482051
8311,7.345509292374899
8312,7.437259224127705
8313,5.135710582163969
8314,6.388912330174729
8315,2.94447182053188
8316,7.2572433185019465
8317,6.817943086226502
8318,8.418902415372482
8319,4.184755661818365
8320,4.641254172658099
8321,5.55774016261279
8322,7.394841433442965
8323,6.212961385213479
8324,4.059267801574983
8325,4.556153735509933
8326,5.071111506802859
8327,7.909253583047321
8328,7.3591325998977695
8329,7.825008818679894
8330,7.822626349686626
8331,5.844236218046982
8332,3.2154761011132234
8333,6.539267425050851
8334,4.423625472572226
8335,5.883269003712625
8336,7.014838916559993
8337,4.358898974991288
8338,2.501391290444741
8339,8.079909234252735
8340,5.172431240954377
8341,8.517159373289777
8342,1.9949916077247494
8343,8.608495855624719
8344,6.318557176971933
8345,7.352435767130112
8346,7.06960487148533
8347,7.052318211633844
8348,7.936006262345976
8349,4.858977341280774
8350,5.216449264028338
8351,6.601967704156648
8352,8.36997141919433
8353,1.3526522500465852
8354,9.59062178399011
8355,5.865211834945594
8356,6.981363435359185
8357,2.048574917925194
8358,7.404299304166039
8359,9.332578529791132
8360,4.427193495964994
8361,6.415486364036103
8362,9.737354008661502
8363,6.99861276997258
8364,4.524311376326173
8365,7.892139597979298
8366,9.028328018819979
8367,3.018441315265175
8368,7.245777457060963
8369,5.462719918900662
8370,3.2863942753936444
8371,5.41215693983386
8372,5.9141037612635925
8373,4.914044286584778
8374,2.446575358511204
8375,7.182817262013312
8376,8.132787155504186
8377,8.17250808392103
8378,4.345177369893125
8379,6.54011284792163
8380,2.388515640167912
8381,2.0377394123178463
8382,5.4342201362799925
8383,7.091301281927159
8384,8.15946857121122
8385,3.7741091415089643
8386,8.039688022951427
8387,4.969493341900841
8388,7.811004916291274
8389,7.3140962402722005
8390,9.249824528452216
8391,9.483030770650716
8392,6.679001357701096
8393,3.9128942825036797
8394,7.832026950163105
8395,5.7936361557148155
8396,5.679150070100451
8397,5.832072884388705
8398,6.507559824440966
8399,6.037164218817731
8400,6.4258003476199255
8401,8.700298840304708
8402,6.0352352160946845
8403,7.293953386225223
8404,6.833149303285179
8405,3.7509128743189937
8406,5.010939002600012
8407,5.8062744166700035
8408,7.741595845482694
8409,7.784062145020322
8410,5.364758246784682
8411,6.38005923805143
8412,7.044992108923176
8413,6.179579652092344
8414,4.149832230529948
8415,8.667732203992712
8416,7.419062515961656
8417,3.912287667078579
8418,5.202797180985319
8419,6.569367413029126
8420,2.82490579198777
8421,1.23064831473725
8422,6.137829397555099
8423,6.171586306682186
8424,4.565975748752978
8425,4.495156442065994
8426,7.263777544148616
8427,5.4382891119025665
8428,8.771995073066936
8429,1.7079025841667734
8430,6.460794530075807
8431,4.057442395529543
8432,6.407886986326986
8433,7.985338852455088
8434,7.887774605109154
8435,5.4941234811419175
8436,5.194677627952158
8437,3.766881272163883
8438,8.077221470952567
8439,7.214959517821155
8440,3.1313572620773944
8441,3.323208888562014
8442,8.593578580620978
8443,9.850441548519601
8444,8.217462332002302
8445,8.36505477326179
8446,8.142614009829726
8447,7.644669150526064
8448,2.5720155171946057
8449,3.700647016714453
8450,3.2883424559413843
8451,6.239905198222031
8452,6.495832815692009
8453,2.4474457169999475
8454,3.1133282053354994
8455,8.424083020901639
8456,6.320320900564308
8457,8.949846308376813
8458,2.769052505360375
8459,7.478767212894901
8460,8.706551927902167
8461,6.087032347298358
8462,5.966139770425853
8463,7.635522019375896
8464,2.403423582178891
8465,7.08472519262223
8466,3.812372933947726
8467,2.879000309438029
8468,7.7347722127655025
8469,5.869641277039193
8470,4.279868246477566
8471,8.62145116668329
8472,4.037377089140085
8473,4.887202481964727
8474,4.507961482148561
8475,5.909318958912978
8476,6.604261503713112
8477,7.89518091543199
8478,6.76495626920234
8479,5.778849146418846
8480,4.423207964680968
8481,6.7332758643130095
8482,6.778843730876602
8483,5.800933205673835
8484,5.979218496778669
8485,6.478688650322434
8486,8.963709748001023
8487,4.147358470709934
8488,4.227493761888977
8489,6.878993255091617
8490,4.771084158605692
8491,4.641417256826424
8492,6.414016246601564
8493,6.399309496735129
8494,7.055027398008831
8495,6.545247832712297
8496,3.6951974601663813
8497,6.942092626261681
8498,7.279448623427909
8499,6.27635055080327
8500,6.527054100045019
8501,1.9215562047015116
8502,4.933492313581731
8503,2.498194599466129
8504,7.202364664075204
8505,6.96896486253174
8506,5.6960591253588095
8507,6.966452127416842
8508,7.023685803888929
8509,9.203978519613356
8510,8.38542933168416
8511,6.753705589557261
8512,4.6148281950144545
8513,6.610878325641097
8514,7.291245460731881
8515,7.311073737173663
8516,7.086276525048084
8517,6.841278668835657
8518,4.711717001173182
8519,6.193292757815059
8520,3.487219533940718
8521,9.716550390752174
8522,3.6178767814902155
8523,7.844436533906419
8524,4.46255808212318
8525,7.805084490115328
8526,7.897491130890865
8527,7.457310142510939
8528,6.2896160580308065
8529,5.473649729113827
8530,5.905211002213155
8531,3.2415192778050583
8532,7.467024097080657
8533,8.867862272068546
8534,3.930605030202801
8535,6.038828476482154
8536,2.523686302893631
8537,8.003867124086106
8538,9.833119928247015
8539,6.277409644154419
8540,7.016381878668422
8541,5.451570416924009
8542,1.6523901324139416
8543,3.3548683519748677
8544,8.049324433536636
8545,7.223715132723184
8546,4.525108175336827
8547,7.101026802122691
8548,5.326459774162544
8549,7.4478771456927815
8550,6.992134828243902
8551,7.680550264887995
8552,7.246357804622693
8553,6.097760638995919
8554,2.4984914417881545
8555,8.067443141767
8556,6.797545337854746
8557,6.307309471394868
8558,4.920868866449374
8559,6.208009442834305
8560,3.950682175461251
8561,5.737382610843422
8562,7.555316618894367
8563,8.937740014413942
8564,7.230187688296887
8565,4.818285435983626
8566,6.824504428413571
8567,7.599952435753217
8568,7.006635329360116
8569,8.156886863514627
8570,9.550118297825499
8571,3.4770693615729793
8572,5.075724198210333
8573,7.35273323111277
8574,5.4606524815275055
8575,1.9302443300089296
8576,5.912834543591136
8577,7.420835455658313
8578,8.002028616986545
8579,5.874345402755603
8580,5.362486104555844
8581,5.205380727629676
8582,6.605097275575298
8583,6.178704179339257
8584,5.488314600886219
8585,7.7577162643346576
8586,3.1250638411288967
8587,7.9128035947828215
8588,6.272112747091609
8589,4.689719644174424
8590,9.242232240947864
8591,6.871817130463449
8592,3.2450310937495432
8593,7.251829514462472
8594,7.871687880659693
8595,3.7816488108443003
8596,8.119825317219407
8597,7.3980803852692665
8598,6.027595171595919
8599,3.0964223589866786
8600,2.0627020699478344
8601,7.559018054078699
8602,2.503373721008195
8603,1.6127720897629425
8604,5.1032194033901614
8605,5.906706745798286
8606,6.947405321153636
8607,3.442327389891575
8608,7.681570628710443
8609,6.0237428434536096
8610,6.330240124125895
8611,7.980438218659527
8612,4.372241987326779
8613,4.776241073334632
8614,4.913471416322702
8615,7.7984623876884624
8616,4.929756166313683
8617,8.047716876284197
8618,5.198350387452053
8619,7.3642644327968
8620,7.826795232193993
8621,8.712895100165655
8622,7.676484631320217
8623,5.98388792665154
8624,6.8907328462782935
8625,7.18372602398225
8626,4.971654889564708
8627,5.2791447352680505
8628,6.7961959738194135
8629,2.2724274788447367
8630,6.015961345176614
8631,6.927683419898543
8632,7.266390386499097
8633,6.790813994146469
8634,5.853674863304637
8635,7.73160257358878
8636,6.247524180808121
8637,6.240465922394495
8638,8.663668912530047
8639,4.154300990663363
8640,9.277535448905015
8641,5.276973846344012
8642,1.316471390246842
8643,3.824664023248239
8644,6.662332915375625
8645,7.828695263722784
8646,6.351165485592692
8647,7.675675431265187
8648,5.442057176600539
8649,8.527672484795694
8650,6.722490812533753
8651,5.8098023617416645
8652,5.078867698544961
8653,7.917828154503181
8654,4.442938189322246
8655,7.802003382063959
8656,5.46361672492996
8657,3.703497719574466
8658,7.464172384889826
8659,4.499816708866501
8660,2.780065881439029
8661,4.5780606172910865
8662,6.652279040231499
8663,4.842583252264103
8664,5.3726614458555115
8665,5.505529904416731
8666,4.027718424864895
8667,6.811937850700756
8668,4.983708023465373
8669,5.857821276947612
8670,6.830536364576016
8671,8.81255954567202
8672,4.799092428896973
8673,5.412936148357994
8674,7.004540439272848
8675,4.257074716847786
8676,6.825422655027226
8677,6.383266275691516
8678,6.466032024098276
8679,7.345598071311146
8680,8.119961633657121
8681,8.193578261879889
8682,4.486917627735243
8683,3.8532907401787635
8684,9.974942460511633
8685,4.058377246896733
8686,6.193748749776608
8687,6.631529672628444
8688,7.780454588305851
8689,7.171956882703098
8690,5.833379000676163
8691,4.571658341474301
8692,8.314597465872888
8693,9.871696998095372
8694,3.797916279803415
8695,6.182564702984873
8696,6.8368371887999935
8697,2.72525147786038
8698,5.805730465472094
8699,4.782390574171183
8700,8.577529939838335
8701,3.668416303734494
8702,6.530999437541677
8703,9.795412959087244
8704,7.758926668217512
8705,5.958452442366164
8706,4.811908820909108
8707,8.018111749722214
8708,3.1568823066298366
8709,4.940155601143482
8710,3.2796488865879025
8711,7.411119621235376
8712,2.9349196193371547
8713,4.860727470655619
8714,9.184263910099478
8715,3.460089378303342
8716,4.265741114693124
8717,6.236530008645966
8718,6.983470119581706
8719,5.956116218775757
8720,5.470937071863828
8721,3.8676594662444086
8722,4.1059417071263
8723,2.442198687824934
8724,4.843479638761089
8725,3.928513717166461
8726,3.60594741025419
8727,7.945661554440554
8728,8.888959833097172
8729,3.828055648077912
8730,4.611105891756357
8731,7.589344312971483
8732,9.529386350221994
8733,8.200413910812465
8734,5.600151772996292
8735,7.228938449330942
8736,7.97301839342656
8737,8.1198649124843
8738,8.179403033384641
8739,8.242738146407955
8740,3.4299032585451394
8741,5.3005455233925325
8742,5.938075308104571
8743,5.2881070552665355
8744,8.59965274554559
8745,6.530439294494136
8746,6.960518596536136
8747,9.20452297603607
8748,2.891279783526913
8749,4.11149287058624
8750,3.585973484503587
8751,4.921726507186538
8752,5.562651779925992
8753,7.57435771175537
8754,5.0415861502774835
8755,6.968517203008075
8756,6.834610366230948
8757,0.5725413531054899
8758,4.849171462199493
8759,3.0453805898905952
8760,5.198751732011246
8761,5.813128531846171
8762,6.15838680560755
8763,7.942728293903998
8764,2.9223220672033294
8765,9.141294120555688
8766,6.741984293820698
8767,9.076223318869385
8768,3.849900886722895
8769,7.615023004851852
8770,9.062918087646468
8771,7.529243002532037
8772,8.098308264779725
8773,5.211986662681203
8774,5.729007559159519
8775,4.995492939606656
8776,6.393106589784243
8777,6.790444798373962
8778,6.249347229661133
8779,5.95060652708076
8780,6.913197967493665
8781,4.830591216861892
8782,6.277723655615474
8783,7.154892183483501
8784,7.974543943635076
8785,3.6845819460150246
8786,3.5811745359092253
8787,2.551199650860819
8788,5.436173210253019
8789,6.981028600987431
8790,8.701686267485073
8791,6.700627468710092
8792,8.346553352377144
8793,5.1547259617634325
8794,5.02378486762343
8795,5.227171127638711
8796,2.952864495851715
8797,4.291232181780726
8798,7.275860712938921
8799,5.381913837615671
8800,5.146793661596699
8801,2.744425792259829
8802,4.927618504807264
8803,6.820294908586333
8804,7.941348644098091
8805,7.064248073697097
8806,7.292690251198861
8807,4.467126351303881
8808,7.29131376745896
8809,5.7122719247846
8810,5.202475559362716
8811,5.535775304687184
8812,5.84427763838801
8813,6.576750679383312
8814,6.98263944676117
8815,9.225204627416918
8816,6.667098721992167
8817,6.310225888514814
8818,5.7465936668395825
8819,4.655914244865358
8820,3.0132659757130953
8821,9.228617356191489
8822,5.4838207291801115
8823,7.849914539993295
8824,6.049153544583147
8825,8.17055646324048
8826,9.45258477775505
8827,5.670940700046692
8828,6.547199282542099
8829,6.019199118856109
8830,5.010101292747244
8831,6.631682025085056
8832,8.845516597360144
8833,5.92736707275472
8834,3.369486838298431
8835,7.9068308550248725
8836,7.236376809050633
8837,8.224323957291205
8838,5.4509310879956265
8839,6.240531687671664
8840,5.983266382197873
8841,5.980167217366818
8842,5.036896814804935
8843,5.85200357323336
8844,8.423678120550967
8845,3.7234607918074327
8846,5.8830871819341395
8847,5.237416965827076
8848,6.3395023513480355
8849,7.434569268659425
8850,7.09977744692542
8851,5.947161491828974
8852,4.581491567685766
8853,4.409026841723395
8854,6.448747202421085
8855,9.128493904291126
8856,5.185022752065956
8857,4.531867353009881
8858,8.613159955597432
8859,5.862219284377609
8860,3.5265044486821315
8861,5.8940162775408895
8862,4.3207099198173715
8863,6.6887878488151715
8864,6.186256948691651
8865,6.0558339183782905
8866,6.914891334362597
8867,5.236283376663043
8868,6.695775068028973
8869,6.568822213110112
8870,6.595549721118542
8871,8.312665893437782
8872,7.194236617566183
8873,3.5608182731418028
8874,2.975926360708348
8875,6.766471270258728
8876,2.3122816508171935
8877,9.203363396082677
8878,2.5431733362061504
8879,7.221737466822183
8880,8.842070081101468
8881,7.577046690048546
8882,4.768690227078191
8883,6.899752848646603
8884,4.185818858004362
8885,4.902416257865258
8886,5.110445923799392
8887,5.357545895860668
8888,4.910066057032153
8889,5.780970974108424
8890,7.890521851233188
8891,3.7359974433517675
8892,6.059163238640906
8893,6.107203125063661
8894,7.776655036889686
8895,2.3922591604958896
8896,8.076476810487797
8897,5.117304948470022
8898,7.322431241775841
8899,4.923880406020105
8900,3.8070756856249894
8901,7.709084476146172
8902,4.18145972821345
8903,6.073816313575724
8904,2.44584048288117
8905,7.224061530823228
8906,6.493702430932789
8907,5.725319718713554
8908,6.778526540984291
8909,3.8860840811377457
8910,7.904182256851291
8911,5.857682444041212
8912,5.084858819601848
8913,5.423645691886354
8914,5.490042659226717
8915,6.346149790695527
8916,3.295002129047245
8917,5.042549907221629
8918,3.65742973408433
8919,6.76835445408574
8920,5.359479657718554
8921,6.558770252779145
8922,6.383214543254976
8923,6.233327546053833
8924,5.6018548174610645
8925,5.9671929676776765
8926,3.2222672423331544
8927,6.404307964587578
8928,5.654965483223763
8929,5.3592251038682575
8930,7.031186409929339
8931,7.201415556277214
8932,7.955243461329463
8933,7.873614103125116
8934,6.143108473771409
8935,8.574806599084987
8936,7.550257321108851
8937,7.952043648309143
8938,5.570144917148024
8939,3.4621711673276847
8940,7.031414637237783
8941,5.670113002586393
8942,2.113131899055382
8943,7.176072357381253
8944,8.802725349370547
8945,4.821630690216558
8946,5.808150881552835
8947,6.448020609829291
8948,7.9523585707064735
8949,6.078736526254857
8950,6.446964117327784
8951,4.842484103702409
8952,3.4166694968159006
8953,5.912587587681277
8954,7.35279126657658
8955,4.46991759523144
8956,5.254314905140975
8957,4.883953983398491
8958,5.603088145144631
8959,6.937386695397709
8960,8.96718207470784
8961,5.842820949552945
8962,3.860253865283703
8963,6.486439440183783
8964,5.938474739012137
8965,5.16313131505882
8966,5.239616302447898
8967,9.400114147208612
8968,5.14419696013895
8969,8.071002916500602
8970,6.005240439710474
8971,4.33783871416236
8972,8.136404862476748
8973,7.784853755545686
8974,7.06762655854109
8975,5.3688484771257565
8976,8.768071514605246
8977,6.080474371203974
8978,8.952874444327579
8979,6.460709691343381
8980,4.442574349745924
8981,6.593330227286491
8982,7.7183320970395926
8983,8.665564242312117
8984,5.937826245141567
8985,3.8562659780712023
8986,3.6461324365801513
8987,5.167745274195569
8988,3.87457037832492
8989,3.771636879237195
8990,6.864028030836012
8991,5.128400969432411
8992,4.276271920219593
8993,5.781424903688863
8994,4.4014200567828885
8995,8.278072837906583
8996,5.308025669443669
8997,6.838829422068948
8998,7.133349525242215
8999,7.946425227529892
9000,6.903486023440595
9001,7.076917568493444
9002,8.190389383027318
9003,6.300596020818542
9004,7.688415826983249
9005,3.042470666774591
9006,6.421799359429726
9007,8.590042565978665
9008,6.189285625628352
9009,6.114133704700694
9010,8.069239642441989
9011,4.581758976211964
9012,2.590861104473397
9013,7.006637832485058
9014,7.498482781651208
9015,3.4251365622227077
9016,4.5140568565441
9017,6.378420939834639
9018,5.857796266672726
9019,3.5310990208234214
9020,6.440871303864021
9021,4.697636459575769
9022,7.775144963231175
9023,6.356684938113086
9024,6.9400563617995985
9025,6.249413518673547
9026,5.572265818497189
9027,6.8813076846492605
9028,5.3471111513443415
9029,4.473037561855797
9030,4.883896032848471
9031,6.10877196536084
9032,5.221697349407257
9033,5.068175599574301
9034,7.5061805591288575
9035,6.310351391179263
9036,1.7168961183581324
9037,5.672468208998176
9038,6.685705525648711
9039,5.532316494348369
9040,6.649542382859958
9041,4.826979166068526
9042,4.130059959927912
9043,5.684370512062191
9044,4.8837783823580665
9045,2.1711632454909995
9046,6.349337463087808
9047,9.508816794864513
9048,8.038437654037374
9049,9.92314284130531
9050,3.557482834831393
9051,4.431122184469191
9052,7.404388778666405
9053,3.583700899047574
9054,4.18063852477381
9055,8.026284253616423
9056,7.8655152221278355
9057,8.735769800928347
9058,9.275279497205743
9059,5.8845532273639565
9060,7.3991994742728435
9061,2.4807474097697404
9062,5.440613152753412
9063,4.877954925093024
9064,6.448610145476239
9065,6.564425179630398
9066,5.215870461070619
9067,3.503324947964386
9068,6.638005075334435
9069,6.538823411833735
9070,6.818943788837554
9071,5.964200572859656
9072,8.727733122451106
9073,4.612871343522878
9074,2.8158738134357053
9075,6.184746801386956
9076,4.968105928206044
9077,4.6955812958944225
9078,5.749321351377281
9079,5.2090585057043155
9080,3.7222810631360317
9081,3.891672194710991
9082,7.194621588173737
9083,9.859619363289344
9084,7.102507452702591
9085,8.161127516183473
9086,4.539971582936566
9087,7.922717194096852
9088,4.184417899729427
9089,7.163781707582725
9090,6.613188179203858
9091,1.3527502713958413
9092,4.329202104036892
9093,8.16165176709221
9094,4.109583088744213
9095,7.4989029482402
9096,9.361961902030492
9097,7.500925593703969
9098,4.436201707181062
9099,4.984027004360793
9100,9.437591570245678
9101,7.483794051678467
9102,5.313921486089524
9103,6.345520671145492
9104,4.426252925068819
9105,7.69389553166756
9106,4.064241789660752
9107,4.800001216397965
9108,3.7638052785887934
9109,6.5495940566417
9110,7.545185698782539
9111,5.572480775677497
9112,2.2337257328261484
9113,6.227129736052501
9114,4.427042008467852
9115,6.144349209147054
9116,3.623115846061588
9117,6.370772302925558
9118,7.913977655298541
9119,6.851689046865443
9120,5.348278562334373
9121,9.36231239098451
9122,4.052846648567282
9123,7.802316463674108
9124,9.445333307718418
9125,6.253766142599828
9126,4.602566888926752
9127,3.76881776030179
9128,6.080075146754217
9129,4.408762791332858
9130,5.9663545659267845
9131,5.196218547122191
9132,7.235807739662454
9133,2.180588782984184
9134,4.781655798990136
9135,4.641205589630834
9136,6.604989513976603
9137,7.405067877427738
9138,4.696345821212292
9139,5.287407550150913
9140,5.965871218606047
9141,5.858192668434883
9142,8.151355725070498
9143,5.394205703770451
9144,2.1449149605541025
9145,4.064382184577349
9146,6.090579950616772
9147,6.756505209615969
9148,6.956253737887665
9149,5.47447015909819
9150,5.6497200806110355
9151,5.67403545789911
9152,6.865315518356149
9153,4.801827026477259
9154,5.520267011624185
9155,5.6294643212652105
9156,9.080785463053832
9157,5.1909706884828966
9158,5.377099387593209
9159,5.528149369997889
9160,4.69882720298677
9161,8.04958852683051
9162,6.434545365626004
9163,4.743131695316809
9164,6.908172386303448
9165,8.199622415144233
9166,5.982521046523062
9167,3.697150648800438
9168,6.3965032447137355
9169,7.514309896627653
9170,6.217436009268454
9171,5.243253142973809
9172,8.176015154113404
9173,6.630195942465609
9174,5.254190060618745
9175,5.4210396160048635
9176,4.00449726506049
9177,4.923990011935942
9178,4.41666713424404
9179,4.949192152246338
9180,7.528089168025678
9181,4.018482246287867
9182,6.444940003294058
9183,9.85480051298751
9184,6.7356032534486046
9185,5.836505161435389
9186,3.420326179924165
9187,8.434704054009945
9188,4.795636732904201
9189,4.7284781149804695
9190,5.561714877452468
9191,9.528663107899579
9192,5.838376277370393
9193,5.262135474203812
9194,8.008357027939898
9195,8.420217904999793
9196,8.98204012700296
9197,5.511064127554082
9198,4.266514250765283
9199,7.8185279956302285
9200,5.023409098826804
9201,6.928406887203949
9202,4.233674039354292
9203,4.052897692926036
9204,2.697810551261906
9205,8.001398322627166
9206,7.4945009680962995
9207,4.550846912507327
9208,3.6376661305659765
9209,4.396207643615471
9210,8.694742538278778
9211,5.601602475664698
9212,5.390724003525711
9213,4.112450124477434
9214,6.04037858423004
9215,6.603374594907193
9216,4.076226955965092
9217,6.700030645888365
9218,5.914717647847631
9219,4.834337987268476
9220,6.4604656591451874
9221,5.317783880115296
9222,2.05936052277834
9223,4.724060704209668
9224,6.025371800887666
9225,3.3428832930541095
9226,5.209975500922797
9227,5.893161791296668
9228,5.1342145256116405
9229,9.489407733398979
9230,8.741724220493126
9231,0.9781124996729593
9232,8.769948772149473
9233,5.490098219510057
9234,4.067318866442485
9235,3.012620754628385
9236,4.599714564585194
9237,4.303467519054962
9238,6.72167554143513
9239,4.651295962097269
9240,3.1162368025560663
9241,6.786282113842442
9242,2.8450596981530647
9243,5.817989024379061
9244,5.919407001128936
9245,9.25183057559217
9246,8.381275699520323
9247,4.551879582254375
9248,5.658371933289142
9249,4.116580771990718
9250,6.166035153664736
9251,6.677495289265757
9252,4.906343158244273
9253,6.151684903184342
9254,6.012633078168497
9255,3.156439024291123
9256,2.655472821677872
9257,4.431876926878136
9258,7.3357896851300115
9259,4.318912212039206
9260,6.623698947672725
9261,5.037347941882498
9262,5.6123852752460515
9263,8.297313211347138
9264,2.5640232581797764
9265,5.241683406153075
9266,6.191298570756002
9267,7.656383076072197
9268,8.642890764619837
9269,7.033441607560001
9270,6.249942130125907
9271,5.586047273911173
9272,6.806508883216738
9273,8.25568865826777
9274,9.322488778846349
9275,5.058556373857753
9276,9.321478153270334
9277,4.3075011071995934
9278,6.255474657854919
9279,8.687560311912314
9280,6.819325815076399
9281,5.239136381892837
9282,3.3858205510322374
9283,4.223124098504722
9284,7.126177635273649
9285,4.22939740798358
9286,5.681752550197218
9287,1.9185347335377436
9288,2.206313000069293
9289,6.767563536814402
9290,8.578298550754976
9291,2.032070517832725
9292,7.51374507026714
9293,5.248656139854708
9294,2.2746677154267743
9295,5.090950366003655
9296,5.211661684120751
9297,7.474189432846972
9298,4.821941793002044
9299,6.099056511641331
9300,7.301941928367268
9301,3.826051158724975
9302,5.036775906181062
9303,2.610378940644087
9304,2.79258091013487
9305,5.708709409018783
9306,3.4352392378605225
9307,1.8506842486970756
9308,5.314212918186745
9309,6.124045591328809
9310,7.835397555762575
9311,8.918456922312327
9312,2.22862380063543
9313,7.171687842185488
9314,9.109852244120969
9315,6.510495722712168
9316,4.284036881322977
9317,2.131491318445345
9318,5.720460155182559
9319,6.4244039003363245
9320,6.7645652934951315
9321,8.318334993339302
9322,7.520447686425356
9323,1.7456576308585818
9324,2.535798976063203
9325,6.027891636133867
9326,7.807281527175632
9327,6.97330162177936
9328,4.0370891504753414
9329,3.344523011416663
9330,2.0887131246285078
9331,4.607095347208564
9332,2.912099617003742
9333,4.34927190024232
9334,7.514903710237813
9335,6.527537059229909
9336,4.607846579080076
9337,8.936772171490922
9338,7.0712250131469325
9339,8.87298545161374
9340,7.480473385441977
9341,5.466661027097811
9342,6.040084187000687
9343,6.169511240139284
9344,7.861261933975194
9345,5.430592399023233
9346,4.720912383169939
9347,9.314551972781302
9348,4.488092493948539
9349,6.501483278460619
9350,4.821055619660017
9351,5.603306062408779
9352,7.087105612569085
9353,4.670608267554239
9354,4.944120392199259
9355,8.43208648281212
9356,5.7338011869295205
9357,5.50686977840955
9358,4.368363458365141
9359,7.864249623163704
9360,5.99900712218666
9361,4.405369373129072
9362,6.033860966489099
9363,4.944923212311482
9364,7.068111994807243
9365,3.33402683037813
9366,6.964986495270079
9367,8.70617752011375
9368,7.871285922833643
9369,7.945752587761938
9370,9.491025418691102
9371,6.434960908244143
9372,6.351948946305649
9373,4.38887576993846
9374,4.10234410115186
9375,4.684526138883132
9376,7.060289582527166
9377,7.385174280582209
9378,3.005345429531627
9379,6.1293042903798245
9380,3.788833844153239
9381,7.047880201881124
9382,3.0520417072716137
9383,4.837002577802538
9384,8.552199028567406
9385,5.765135585237963
9386,4.517732385006348
9387,4.917970930151354
9388,4.495876170555972
9389,7.781449035977996
9390,6.448610147252174
9391,7.05408591099119
9392,6.173667996610844
9393,6.718051562397465
9394,5.046387989936459
9395,6.696648259490416
9396,5.261016428125793
9397,5.307842086413489
9398,5.031278117200179
9399,2.925993091379647
9400,3.5540411594658528
9401,4.945153592114298
9402,1.2254084204922737
9403,8.112218684757927
9404,6.277421167543737
9405,5.323110595913642
9406,4.7721951845315
9407,7.152731403812506
9408,5.560587440817035
9409,6.33945678012845
9410,4.815019381840585
9411,3.619455593124012
9412,5.824409085391534
9413,7.129810573968486
9414,6.3313879328173766
9415,2.571215258680647
9416,9.495709453907097
9417,5.32811665962664
9418,7.8792701010231685
9419,5.116028185851631
9420,2.922942556161158
9421,4.108194157601343
9422,5.664364018151762
9423,3.9260606091346477
9424,8.1471015318327
9425,5.741690587802458
9426,7.366619463482711
9427,8.953484522020121
9428,2.0132245470355246
9429,8.901316256583627
9430,5.152910678750141
9431,6.847612678929183
9432,2.6624636081088227
9433,7.5515292820269755
9434,4.7055364062634055
9435,8.331790437192875
9436,5.907653010887755
9437,7.748177363177257
9438,7.260014503848527
9439,5.889771263594008
9440,0.8238350032311228
9441,0.8876398402164689
9442,4.279240121966572
9443,3.751807832298736
9444,4.928861045464068
9445,8.356328096757569
9446,8.046824387632451
9447,7.9112244232359785
9448,7.6740569153966955
9449,5.484483482851349
9450,4.487068039743056
9451,7.590248210015277
9452,8.555528802637616
9453,3.2671198851554846
9454,8.549934858701288
9455,7.13762647116961
9456,7.489776304940927
9457,5.839742074595183
9458,8.236271124073804
9459,4.552112349302741
9460,6.99445105708529
9461,6.306707645753101
9462,7.9275000921844505
9463,5.250327654842213
9464,3.273019521025755
9465,4.039341952724411
9466,8.118967664043275
9467,3.918508370534536
9468,5.989369657907232
9469,3.045245670797262
9470,6.211863889245073
9471,6.810710249157046
9472,6.163535784436225
9473,4.838107311648114
9474,0.9902218058190044
9475,6.667702213361677
9476,3.7003401649447762
9477,5.8374337169467765
9478,6.838095481532976
9479,7.495754845898401
9480,6.618830068903282
9481,6.198553016634607
9482,4.463064438501142
9483,7.200837869692474
9484,2.834880077638064
9485,8.697902635828397
9486,5.858227815606705
9487,7.6713441314104225
9488,8.009351455429375
9489,5.931165677899796
9490,1.7485205223337656
9491,6.120225067690861
9492,6.64092299871312
9493,6.160732183239281
9494,6.730755005869562
9495,3.5830925560294764
9496,2.567523072756949
9497,7.176192990489573
9498,6.593305884371427
9499,6.159779714188179
9500,6.314899484624104
9501,3.563881552381884
9502,9.158398012063182
9503,2.5427740190788275
9504,9.158088810301322
9505,4.456187358780324
9506,6.571070438612253
9507,9.175599083863522
9508,7.535851117683162
9509,3.245729540170459
9510,8.697106484599118
9511,4.684328034777597
9512,4.617180055054985
9513,3.9710907644577036
9514,5.204494615324149
9515,8.878760205486358
9516,6.469542270920377
9517,6.632131292762312
9518,4.839217304651319
9519,5.770953158912897
9520,8.572158807109155
9521,5.64619639994576
9522,2.404847491842944
9523,6.03605341675248
9524,5.950619633389383
9525,6.95107578523544
9526,9.048105024269178
9527,7.755380061941507
9528,5.4161366611396575
9529,3.2938846858689828
9530,4.671998228854687
9531,4.525431474891483
9532,6.593593747034553
9533,5.085150313115289
9534,5.066067723886981
9535,5.515123746851395
9536,5.25969474188694
9537,6.235895923787885
9538,6.31804396671192
9539,5.98083790020433
9540,3.9832159111305665
9541,3.3155173094381927
9542,5.426957449152241
9543,4.546308885259289
9544,4.008067276407718
9545,5.8180895831604404
9546,3.5610362897556502
9547,7.412771819280797
9548,4.415250731435593
9549,9.055056299912968
9550,2.1940135282183464
9551,6.530307793839569
9552,5.305658258521377
9553,2.22604545069267
9554,6.156495300855555
9555,5.172354590297353
9556,5.632391206025488
9557,6.959397437598497
9558,5.375993078362155
9559,4.704298299560615
9560,4.022815824377366
9561,7.172883379237672
9562,8.632522660480742
9563,1.9884372223473843
9564,5.590987618477058
9565,7.54768253958734
9566,5.864492682333335
9567,3.9116243740212995
9568,5.839140178629708
9569,4.7473277780495255
9570,3.404019674629799
9571,4.550188091062533
9572,4.92201476086169
9573,6.925813412209847
9574,7.873819735169905
9575,6.924183637552212
9576,7.806441146532842
9577,5.439994081066895
9578,5.923286863124481
9579,6.070686220490399
9580,6.4356329337974705
9581,7.904764494457137
9582,4.61564111824689
9583,8.81664237479716
9584,3.1456005165715815
9585,6.737415621723356
9586,5.352351720423564
9587,7.614165985070725
9588,4.007760195621984
9589,6.456270520885813
9590,5.990431475276397
9591,5.730802535296545
9592,7.796968970212957
9593,5.52014972113448
9594,5.717522833970841
9595,6.390973671177818
9596,8.904692208777853
9597,6.396147777468508
9598,5.583029991777478
9599,6.446430633736531
9600,6.0939737287478275
9601,4.269314742068076
9602,5.95127613581577
9603,5.707705864190953
9604,8.813003799167957
9605,5.1852294602523346
9606,6.71073930802236
9607,4.860066985380136
9608,6.340578936822201
9609,2.7467726744147645
9610,6.032446311237645
9611,8.428617635845093
9612,4.276748713599066
9613,7.18999020510265
9614,3.912239623854926
9615,7.693040851238415
9616,6.9829117215814405
9617,5.870674223987462
9618,7.465281739496237
9619,6.296102554831789
9620,4.610935760250754
9621,5.451931260555537
9622,5.336309496445786
9623,7.764448472233525
9624,6.312882129937062
9625,6.29686583503945
9626,7.322585118303141
9627,4.8692495102713735
9628,7.656848591208223
9629,4.46111493153155
9630,7.642342430734479
9631,2.9076217601535745
9632,1.9309807357400457
9633,3.7243452454149675
9634,6.965697453830424
9635,4.258719398145139
9636,2.5012308537425283
9637,3.8639717449070123
9638,8.211964177526351
9639,5.723385299038035
9640,6.914843301249334
9641,3.4912826392419363
9642,3.926634262510396
9643,4.333032966526923
9644,6.393333041816562
9645,5.7993043055229645
9646,8.288782928848308
9647,8.232633748498277
9648,2.5894255338738703
9649,8.694305899821625
9650,5.805690011186212
9651,8.273805073200514
9652,9.307123288634001
9653,6.331662038606683
9654,8.115382043817064
9655,4.181572346398126
9656,10.058356639517832
9657,7.926843466781804
9658,3.2247524930951137
9659,6.959950355844502
9660,4.954132181143831
9661,7.878094751294892
9662,1.7062617114392395
9663,1.8064529020632305
9664,3.3359083120747512
9665,7.794088574757834
9666,7.720347861768936
9667,7.824752262055357
9668,2.540153913668444
9669,7.047008041680118
9670,3.9480413880683627
9671,1.9340603608146978
9672,5.654897006091362
9673,7.868231927069157
9674,4.353141860727543
9675,5.930268889627791
9676,6.4265637780226665
9677,8.628093091327404
9678,5.033500151070788
9679,5.474023602145639
9680,4.887288219184285
9681,7.597380909778721
9682,4.326190806568156
9683,5.805950980176986
9684,5.721736485635826
9685,5.863405948159413
9686,5.962216060705613
9687,8.343797975041227
9688,5.979301039762889
9689,9.214124386059996
9690,5.9943310629233535
9691,8.003299520410922
9692,6.708292737832728
9693,5.765630925832019
9694,3.173426428486076
9695,6.047610447961922
9696,8.927964437744535
9697,7.870982099359056
9698,6.638220838080703
9699,3.982906188966417
9700,5.999259032435758
9701,6.421560032311943
9702,5.377669318558861
9703,5.11431838355367
9704,9.966092623896756
9705,8.603798571627697
9706,6.964065187859693
9707,6.2927889244609645
9708,7.189682664950098
9709,5.2446685594302345
9710,3.242715684177047
9711,5.796965543510931
9712,9.040119419994936
9713,8.575515276415503
9714,6.7950927187882
9715,6.703814603990052
9716,4.3580671478893
9717,1.4355874385631795
9718,6.948484848261646
9719,4.68403699812272
9720,8.559224236643251
9721,2.9930511359072045
9722,6.067957387370356
9723,4.344613974833819
9724,6.4903747645030245
9725,8.210076781693648
9726,7.064846496696665
9727,6.7137863044690915
9728,6.929687481527792
9729,5.705075147734075
9730,4.902545641952836
9731,3.2889558749937438
9732,6.588181564587726
9733,8.834537736529452
9734,6.923196484075807
9735,8.308967926853969
9736,3.193763836566841
9737,8.341388443039564
9738,3.4508657899925383
9739,7.752247570828651
9740,5.767870799905518
9741,7.032776996409366
9742,3.2034513822761252
9743,7.246464133218751
9744,5.396030005208753
9745,5.873178290424716
9746,7.174475590726736
9747,4.36045000589038
9748,5.767772101438678
9749,5.383444753994088
9750,1.7912279581248542
9751,5.600268569357182
9752,3.732908080508162
9753,8.97972432637667
9754,8.557879597038415
9755,6.53826976964254
9756,6.590371276007881
9757,6.821726782906049
9758,7.135337869288206
9759,5.966949793334096
9760,6.542331512543735
9761,6.507938398787776
9762,7.125757504415477
9763,3.438843174281397
9764,9.327873308072355
9765,6.066841428938018
9766,5.304506957103214
9767,5.784126019363587
9768,2.4935006585029535
9769,3.856798758967517
9770,3.646515089905759
9771,5.597596398590754
9772,4.882610779361382
9773,5.554454703902647
9774,9.097335850907841
9775,3.413448744196416
9776,4.950134593105017
9777,6.504838738486207
9778,7.916176069399956
9779,8.166804785377314
9780,5.481249742252677
9781,8.85259122106631
9782,6.772821528167492
9783,7.442699409601027
9784,5.366157795683267
9785,5.764816189614234
9786,8.637510916262412
9787,3.1022122480821137
9788,3.8935008073887953
9789,8.106470534167123
9790,4.580976296807377
9791,2.4907991399555867
9792,3.520789963169853
9793,9.639094567951222
9794,6.730183817536417
9795,7.367401599934432
9796,4.187996374914081
9797,5.9886899015952055
9798,6.926483945125316
9799,4.546663598387779
9800,6.2917859444748885
9801,6.93079223192954
9802,8.703928064116514
9803,3.8322420149085974
9804,3.374441577205029
9805,4.752675498882018
9806,5.760157882905881
9807,5.549663355311027
9808,6.435706836305011
9809,7.450930204322735
9810,2.181825666269774
9811,7.758653621533569
9812,3.414434975156642
9813,4.529339686676307
9814,5.831397100263332
9815,5.199484985076405
9816,2.4197151865072155
9817,4.737384469844523
9818,7.919649787855669
9819,3.1783165422747417
9820,6.753534914197473
9821,4.928077687239425
9822,5.159664289403002
9823,6.505572709550714
9824,6.436778010136489
9825,8.281765092524088
9826,7.680112517770626
9827,5.104293794672556
9828,6.656938698079506
9829,6.800834607355508
9830,4.228930018988733
9831,6.839666603412475
9832,6.561130748816631
9833,4.630685411397737
9834,8.209549742853344
9835,5.74824515905817
9836,5.87563245109293
9837,4.416639459726742
9838,4.116334300020313
9839,5.150052765493919
9840,7.710893307929979
9841,8.793384287608571
9842,4.9311757144052635
9843,6.260641881962416
9844,9.868239110100054
9845,5.243232320239845
9846,8.284047048420588
9847,4.583527360659399
9848,8.644179038177862
9849,3.0744541701809425
9850,6.691557709229966
9851,5.5278701714719505
9852,7.765540185544404
9853,6.4696593837129655
9854,6.632478404627662
9855,5.659660037489686
9856,5.663464587109186
9857,3.4471832991357565
9858,7.159070788487446
9859,9.025833659966072
9860,6.409093285878575
9861,6.2363367236779945
9862,6.699048037043851
9863,5.910603297360397
9864,4.554364045142535
9865,4.986095411253583
9866,5.969723268905929
9867,8.48109420967674
9868,8.879447598170364
9869,2.318644306418618
9870,6.8926917204687665
9871,3.0168127481663345
9872,9.378982618238272
9873,5.190088966963868
9874,6.834113098672393
9875,5.495227230425096
9876,4.958276552782346
9877,7.793140613370374
9878,5.593392581395299
9879,4.189259923456109
9880,5.644881653689919
9881,4.784208163477096
9882,5.180201594445635
9883,7.0804870672621
9884,5.2374299386367795
9885,7.201317169612597
9886,4.333329121367619
9887,3.570056428036608
9888,3.643649568218573
9889,7.8341052697297116
9890,3.504755887471266
9891,7.7275536533840565
9892,7.7577452213862665
9893,7.346994218688902
9894,5.347888145457146
9895,7.1250030237305895
9896,4.720509945215445
9897,6.699916175364965
9898,8.340304789886355
9899,6.717110277625832
9900,6.76545055592632
9901,6.579103770165409
9902,2.540265552247381
9903,6.659401379794618
9904,7.409331914858049
9905,2.2665186100100723
9906,7.785110104923055
9907,5.0460238806991065
9908,4.701877901042882
9909,3.82157066504928
9910,8.496211188757762
9911,8.407487342004146
9912,7.83970789944028
9913,4.146140937870563
9914,9.412904176888265
9915,3.9693982982398643
9916,5.51609783592352
9917,7.103052702300359
9918,4.822489522106483
9919,5.058387850591922
9920,5.460921169660543
9921,8.212798930262975
9922,5.351688066016546
9923,7.37902536793726
9924,6.419180861386394
9925,6.582038097473395
9926,3.0776474527848934
9927,4.03270106682841
9928,6.512701684466157
9929,2.4931637694327553
9930,6.519313871209249
9931,6.972979994392795
9932,3.034516207654942
9933,7.739981598744493
9934,6.874935133833791
9935,6.681015206283681
9936,6.418440639473293
9937,3.316299720502321
9938,5.884990609909019
9939,7.158222188287331
9940,5.167924342445168
9941,9.113805728862522
9942,5.056865823208959
9943,2.6130197971995384
9944,7.325735845439462
9945,5.364623499701676
9946,2.488861231211261
9947,6.5396279381746645
9948,5.26760536379417
9949,6.07048760968811
9950,6.61388027230646
9951,8.114274153166143
9952,6.8519420404643245
9953,4.887654630004608
9954,4.751889224951085
9955,6.608289339419017
9956,4.307964724474443
9957,6.037569658295216
9958,4.815703150362723
9959,4.000122986196464
9960,5.378517775243256
9961,5.896094244768667
9962,5.6577225591559595
9963,5.935272103292667
9964,4.7648923885741
9965,7.633383582469321
9966,3.848447859617578
9967,4.352763332050459
9968,7.789465607102145
9969,6.95286618984276
9970,4.807875711709407
9971,0.6589312979712316
9972,9.978936681754925
9973,4.427216147383956
9974,6.20850969697779
9975,5.231800971152115
9976,3.806990257142665
9977,6.378569345703173
9978,2.013221558260531
9979,7.222935908214134
9980,4.019984744548807
9981,5.79953359500253
9982,8.459341101162439
9983,4.7905768608477635
9984,7.805258474050257
9985,6.881294918231022
9986,8.56858865590737
9987,6.706484395522949
9988,8.319760025347398
9989,2.984569106488611
9990,6.037560222885793
9991,6.183302318932402
9992,3.4573875655209974
9993,2.971465173835865
9994,4.2736179237862615
9995,5.244400273878171
9996,6.8673636494550765
9997,7.575357664508773
9998,5.638302436403605
9999,2.679654871336978
10000,6.664748825495062
10001,5.1279964939914215
10002,3.6497768952325083
10003,6.719003014070517
10004,5.179939505407957
10005,1.7403260753029022
10006,8.031321495628827
10007,8.676561918263937
10008,8.55595022853431
10009,4.676276804456746
10010,2.8390803270662137
10011,6.120778370823489
10012,4.382996779338447
10013,5.942399985797554
10014,8.28362091565825
10015,7.379216541109378
10016,6.766455089728703
10017,8.130964512376428
10018,4.312464958925401
10019,4.964770104333599
10020,9.246351588143323
10021,4.5069706160283625
10022,5.204803603549434
10023,5.483654119911247
10024,3.176963753321119
10025,3.824459308785543
10026,5.823503677885054
10027,6.195506960839885
10028,7.073339646246378
10029,4.773068176698494
10030,5.585357392189816
10031,7.376914359353766
10032,7.8597140942666535
10033,6.175735155201461
10034,5.466925363324747
10035,3.0140169164800983
10036,3.857271394614105
10037,6.057871103158166
10038,5.4031762030328725
10039,3.7638295475889723
10040,6.9821585731900555
10041,1.354419481184805
10042,6.9846947924046905
10043,2.286213369544162
10044,4.994892502188779
10045,7.092756340074942
10046,5.636629078201529
10047,3.749546762912212
10048,5.054566226097786
10049,8.028806594024719
10050,5.908166881853587
10051,5.082001800792687
10052,5.459154735679437
10053,4.8527881248029665
10054,3.4425892154277737
10055,5.497803174297859
10056,9.275446732795832
10057,6.618865853508076
10058,5.085711240409197
10059,5.850850901128082
10060,8.430063498628819
10061,7.365664888413118
10062,3.7424076016267898
10063,5.024000818298364
10064,5.515913310740136
10065,2.8177150284078274
10066,8.693125608765632
10067,5.493011728059455
10068,9.523504282192123
10069,5.802544985471755
10070,4.692765211058535
10071,6.799998526304655
10072,3.8055016036945277
10073,4.277205864751249
10074,8.498722128171114
10075,8.00623187515023
10076,4.629900084645595
10077,9.021806801831358
10078,4.235064335248307
10079,4.938074007301812
10080,7.98639338202452
10081,4.117525602390544
10082,3.5901740135029616
10083,7.294221758224927
10084,5.409208187375546
10085,3.4349482039628447
10086,8.290223913196964
10087,2.880432817091616
10088,5.111937549614763
10089,3.879664727601447
10090,6.873225175321706
10091,1.7332282405333093
10092,5.603564012377162
10093,7.864897609016812
10094,6.911603441260309
10095,7.744212194331926
10096,2.4110103093209045
10097,6.551240691396302
10098,4.359581611273157
10099,7.467692039417728
10100,5.080412330105267
10101,7.243818801799406
10102,3.3108738869844854
10103,5.166586273421654
10104,7.9224492440916565
10105,6.731899973605723
10106,7.069314489587255
10107,6.771408765433542
10108,8.183872817969126
10109,3.23208227645677
10110,2.5838258272729964
10111,8.555146061943239
10112,6.9743072814910505
10113,8.4647353897861
10114,7.024390895302236
10115,6.6173503927674115
10116,6.523112139770283
10117,6.550707312317097
10118,5.386962331122983
10119,6.732123592713212
10120,5.777048546306978
10121,6.654337829467371
10122,5.607499969610899
10123,7.129644785513923
10124,7.704289179256203
10125,5.790566734506974
10126,4.798822796797112
10127,8.971950065850926
10128,6.5804627554878445
10129,7.863300990905333
10130,4.450651795589776
10131,7.9643364800645555
10132,5.280977110116301
10133,3.905776625485556
10134,3.7688423923988204
10135,5.764255198205921
10136,3.005592178336271
10137,4.2601230905621215
10138,4.192759632662569
10139,6.707875516707494
10140,7.873802247345916
10141,7.950283432949474
10142,3.518927974800685
10143,6.744064512337305
10144,9.029683662751252
10145,9.911507850533114
10146,2.281221413328258
10147,4.25122318466997
10148,7.921733894675107
10149,9.247869057833054
10150,6.979638711318639
10151,2.222294679818627
10152,7.535044450250343
10153,2.999561373597707
10154,6.236743582491939
10155,6.059336331386472
10156,4.988044156169115
10157,7.827700938938317
10158,5.005159188373549
10159,6.4962846724709475
10160,6.044784189893676
10161,2.4151840148927435
10162,7.729158761244446
10163,7.13982142934079
10164,7.911764122480742
10165,6.410309567722141
10166,3.4331541904075085
10167,8.228664270810363
10168,5.210698784074305
10169,8.893956776117303
10170,6.239293772859244
10171,5.920600342547443
10172,6.65945990789281
10173,2.0297384131058838
10174,6.306259574718848
10175,7.705478867051911
10176,5.044661101719678
10177,4.532543834881084
10178,2.65579387593399
10179,7.23917613991572
10180,6.756062076657779
10181,3.5540781271553326
10182,6.233325767187328
10183,2.9436972253068627
10184,6.31159022281388
10185,6.284541976636591
10186,4.638304328217125
10187,4.529006000506016
10188,2.0931463952812495
10189,8.833830591661599
10190,5.445007364129205
10191,9.489458681906326
10192,5.32769237275971
10193,7.331960923256652
10194,6.586505343711644
10195,5.581562766738067
10196,7.038706792596518
10197,5.014120283776659
10198,5.989245948876476
10199,4.855241983044542
10200,7.457819215243487
10201,3.90151076378481
10202,1.5225790624638496
10203,8.460271391735146
10204,7.871559663680333
10205,7.609733531979961
10206,5.721327270725659
10207,7.979328245514121
10208,5.148329676503098
10209,3.2407955362123015
10210,7.460851156274044
10211,6.691251607555993
10212,5.021168986923799
10213,5.634306099856928
10214,4.583108923971772
10215,4.944330923027822
10216,7.19769416500404
10217,8.48512114987682
10218,6.39781022932834
10219,7.52840913551797
10220,6.957125430196214
10221,4.966400674849475
10222,7.151792757495698
10223,2.6888180424828607
10224,4.601768336550344
10225,7.7062732236700295
10226,5.793728181994023
10227,2.108843540159626
10228,2.807463389393784
10229,4.394792693952969
10230,6.646884472581597
10231,5.78423895707491
10232,5.055465650738122
10233,3.929061810311051
10234,8.030399011297467
10235,6.285905604804908
10236,5.588400748483896
10237,6.184296040511676
10238,4.307087747238876
10239,3.5232056741160362
10240,6.546490818346744
10241,5.518851368945518
10242,3.2615408118906712
10243,5.392621545089819
10244,3.519735176515922
10245,4.452372503954306
10246,2.8552408878797526
10247,7.733778138044258
10248,3.5037137392400175
10249,7.492732541488439
10250,7.746589305074501
10251,8.34534295820507
10252,5.911193114691537
10253,4.337450925768729
10254,4.7450441970704675
10255,4.2813744588837706
10256,6.881818657455967
10257,4.829615380975563
10258,3.5050996273300465
10259,6.025045274749663
10260,6.280597461681189
10261,6.342506653529159
10262,5.5902379754117355
10263,7.625565779595209
10264,6.244226109086334
10265,3.008959638772704
10266,6.440288502127513
10267,4.756649749942943
10268,7.08397772073374
10269,7.593944403263714
10270,6.936359261372662
10271,4.217317641208393
10272,5.125248900621719
10273,8.486132976491069
10274,5.6501830664905315
10275,6.429917772918915
10276,5.027323059166083
10277,5.674660632787951
10278,7.775266470395371
10279,5.160507870472749
10280,8.629586727779111
10281,6.6502564147545185
10282,5.929655396845104
10283,4.531899192232474
10284,8.562530716544435
10285,5.3106309053204095
10286,9.058147105734303
10287,6.412534028214332
10288,7.062267306720692
10289,5.375758122172612
10290,4.442656487378265
10291,8.11357603558106
10292,8.266517412360743
10293,3.668001854255321
10294,6.040826975884595
10295,5.658337180035755
10296,9.052445137461069
10297,3.2626397276473607
10298,8.860468562299364
10299,6.297027077598312
10300,6.982799074645992
10301,9.605204336644753
10302,6.680990437137164
10303,7.21791033823692
10304,7.860921547196926
10305,4.235197819350379
10306,4.199979107891166
10307,7.275340162754947
10308,5.038806167772844
10309,6.387562720236257
10310,6.675986924279925
10311,2.950532991656046
10312,4.379412149739369
10313,5.712853624234242
10314,5.683513126838684
10315,5.123094418845705
10316,9.416052779018012
10317,3.2826431294908365
10318,3.2071020046389953
10319,3.7687370398013167
10320,5.523269953446072
10321,4.2988812277964605
10322,6.779217351918883
10323,7.493744937538678
10324,2.3340334056198158
10325,6.273443722502198
10326,4.062442470873449
10327,7.285881150545091
10328,4.259129535579041
10329,1.0437331589164787
10330,8.480610781143977
10331,2.9820730585826243
10332,8.923089070522504
10333,3.9953933998941746
10334,5.5985437265090585
10335,8.70322294263943
10336,7.694354095573292
10337,9.24888210065311
10338,3.7910160479728736
10339,4.028993685404359
10340,8.027975217417758
10341,9.701515399626103
10342,5.8794673111987885
10343,5.218760976200955
10344,8.621149068503854
10345,5.6413230941691594
10346,6.13980077138669
10347,1.9093331199364547
10348,7.208346714614249
10349,6.507198552944809
10350,4.160268839240551
10351,3.1392595888321124
10352,8.383078584401126
10353,3.967590661426625
10354,6.029635337337071
10355,6.210800022623182
10356,4.624834720792534
10357,7.2078696029281035
10358,3.6990018994775733
10359,4.622574051447851
10360,6.340843842769704
10361,8.367726690453456
10362,3.417363992448283
10363,6.126577071169206
10364,3.7331394874663655
10365,4.674814642219746
10366,2.9365149038226774
10367,2.8327390556913503
10368,6.917924606537757
10369,5.294685573679265
10370,9.055391415366627
10371,6.764837256631233
10372,7.513034875492854
10373,3.707507548188714
10374,4.694024128882784
10375,3.5040756401270086
10376,4.1520475930668415
10377,4.906991276164849
10378,3.9652890391582813
10379,5.1999133394500525
10380,7.749849973717699
10381,4.368010104225428
10382,7.66442597264656
10383,8.159558154066668
10384,4.3419364561917515
10385,2.354891970376016
10386,5.1481919688896856
10387,4.0788813619233455
10388,6.413255892494831
10389,8.293777447215318
10390,8.295388662109058
10391,9.364548879766302
10392,6.254599745179375
10393,5.058719298770929
10394,5.220626195573634
10395,3.7230549454114343
10396,2.1909358423157803
10397,4.216482497286572
10398,6.788118609384737
10399,3.142606804076382
10400,2.3552703808920303
10401,6.155320965923993
10402,8.318054868824339
10403,3.2969742121184664
10404,5.591212532807212
10405,7.343702634620003
10406,2.20639705383551
10407,8.740264366856842
10408,3.1210983118741726
10409,2.2043524231932494
10410,3.3536921985943517
10411,9.777583504267145
10412,4.365087103255903
10413,7.753258315176612
10414,9.101301733754623
10415,6.729990424497985
10416,3.1668819358825573
10417,4.1561792211742405
10418,8.51562638365421
10419,2.7509458102675173
10420,6.299942752742344
10421,7.228834045747177
10422,9.376473776891808
10423,6.469915431698081
10424,6.099411172864866
10425,7.096434064017859
10426,6.19745362562833
10427,8.692510320000814
10428,6.182821989408853
10429,8.062154676208353
10430,6.7981857150868725
10431,8.49485085384956
10432,7.97851452762026
10433,6.554319918323164
10434,6.368984099701852
10435,6.748350421996709
10436,4.944624603578066
10437,7.571467247180756
10438,5.359688606622071
10439,7.2625454327898415
10440,4.427912408507087
10441,7.8730827325423896
10442,7.240240783130854
10443,5.4511285413915544
10444,6.444591716744323
10445,3.426848595792941
10446,5.68969260884893
10447,4.3830836998051
10448,4.785718893019054
10449,3.1600542753005665
10450,7.11229338132638
10451,4.023674521638804
10452,8.30653942991802
10453,7.240960681710739
10454,8.073526695964082
10455,4.958884562375927
10456,5.4029514787610236
10457,6.454299631172107
10458,7.120234380936819
10459,6.85567371335654
10460,6.311318298793516
10461,5.96658373751091
10462,4.107390978276091
10463,1.8865346138732795
10464,5.839505764511933
10465,1.9501914022409386
10466,9.299978834249503
10467,5.119346740350115
10468,8.858188532456145
10469,7.490178829365386
10470,4.213829759442116
10471,5.183019467640854
10472,7.341009525742656
10473,4.387850749366862
10474,8.706240845949722
10475,8.028308943203037
10476,8.073622269863055
10477,5.067496545226621
10478,9.521766290523608
10479,5.36862732159326
10480,6.337050261050565
10481,6.254996266711415
10482,4.157420944902182
10483,4.899466526676532
10484,4.825579942085049
10485,4.080441479975639
10486,7.308217801380774
10487,2.663184135708343
10488,6.045752255874605
10489,2.8011176334511267
10490,3.940463358666556
10491,7.558506164981122
10492,6.123109168771504
10493,8.01411552351118
10494,2.908875516174079
10495,9.383501541300411
10496,8.790335615170754
10497,7.341968056301928
10498,4.4133785232597695
10499,5.659681712845604
10500,6.151286531393385
10501,7.839358739027421
10502,3.699770230040073
10503,3.048475349859166
10504,8.580885004646127
10505,7.586151069908881
10506,5.6833496372025945
10507,9.278940364545232
10508,3.6523698621739595
10509,3.1345665435959686
10510,1.5175684456752014
10511,5.240742442152794
10512,4.390339361191396
10513,1.4732331685754447
10514,6.0405588295088695
10515,7.269980330728282
10516,6.670092503661178
10517,6.388299405179412
10518,4.991658641456668
10519,3.75171909294847
10520,2.3013638070384155
10521,8.126096176602909
10522,9.762960720732812
10523,8.090964734052909
10524,8.582135124375109
10525,4.377869850898946
10526,6.962221635091694
10527,6.48660678913969
10528,9.878484262692787
10529,8.498854013312535
10530,3.5873112587095464
10531,5.010344205675688
10532,7.16715869333058
10533,7.278947220816896
10534,9.07611455641148
10535,4.569304546990936
10536,6.818413612498998
10537,6.109262070551014
10538,7.220048159048934
10539,8.023792775725305
10540,7.885862450239079
10541,5.163227215463781
10542,3.7149659200103042
10543,3.633731580928504
10544,4.660562331407158
10545,6.7350279344762685
10546,6.188658409804788
10547,7.946786178820136
10548,7.425992275124207
10549,6.8794304088866465
10550,4.208559238758832
10551,4.949194857053059
10552,7.152409171870564
10553,4.566881802252672
10554,6.161771102867936
10555,2.1446338315110443
10556,7.867263826962428
10557,5.672617620324683
10558,5.864382312157172
10559,6.051882156496139
10560,7.478015748572499
10561,1.4667082163427567
10562,7.583694115148141
10563,4.888911712547541
10564,3.742451573534014
10565,6.007455325156593
10566,9.486490585111115
10567,5.435280871154028
10568,9.506463813115193
10569,1.556518452968846
10570,5.471210378732774
10571,8.47777758339474
10572,5.531269473556837
10573,4.110575834560723
10574,5.547465129297254
10575,6.084512420255077
10576,3.409567710428777
10577,6.437787041340524
10578,5.870027745347174
10579,4.330719033046819
10580,7.6405166114542675
10581,6.178038564144271
10582,9.43355712491616
10583,7.302393623173702
10584,4.055059958749877
10585,2.4358834963958684
10586,4.9297142600528465
10587,5.973425294998674
10588,5.502160975827751
10589,3.831083166500295
10590,7.2619242900632415
10591,6.662832454321702
10592,3.3314541759423992
10593,8.62333901541629
10594,6.950420868146532
10595,2.5962375807078093
10596,5.773885525860168
10597,7.63912617120643
10598,5.301734742857979
10599,5.9566152503264505
10600,3.104341428998903
10601,4.726832212660963
10602,7.808289061959915
10603,7.7037822709557195
10604,4.3509676663448245
10605,8.719885497730345
10606,4.1823539249410535
10607,7.875996922073805
10608,4.419188134746272
10609,4.705230547832765
10610,5.503254099364371
10611,7.369635415148923
10612,3.435865973682528
10613,7.191320802304601
10614,5.639458399493471
10615,6.632334581306929
10616,3.0284966636026125
10617,5.442333898925232
10618,5.538971845006182
10619,7.5181320839589345
10620,4.3540794752060705
10621,7.451270653299897
10622,3.9200001936634026
10623,6.835095656658052
10624,7.120407390903251
10625,5.678520867020213
10626,7.971732042093079
10627,7.5917002551762645
10628,5.694993462275107
10629,6.566106931087132
10630,6.129003516298413
10631,5.590568814909445
10632,8.587196967199327
10633,5.916217757691476
10634,5.813312806872843
10635,6.714724310936006
10636,7.962578694064949
10637,5.324893030176235
10638,4.767696030370994
10639,3.912878939300294
10640,5.938732213861836
10641,1.7704680073488124
10642,8.892134713502209
10643,7.521948547203722
10644,8.77114064594321
10645,5.622380630455837
10646,3.805286054768185
10647,3.803768204831867
10648,3.8493015788555867
10649,2.923226157928071
10650,7.633846328855238
10651,7.543298601244519
10652,1.0015029449914588
10653,6.355771513424677
10654,8.45902967530703
10655,1.6241672348676612
10656,7.638590619516928
10657,4.675848719159994
10658,6.988544173566173
10659,9.57384090300098
10660,5.48335533279358
10661,4.635795335026023
10662,4.179281943775745
10663,1.2531247833114705
10664,5.824937782334277
10665,8.286437973077529
10666,9.245211181268514
10667,6.370897871133607
10668,5.662898050551576
10669,5.546492062303636
10670,6.678230285169564
10671,8.509115201234183
10672,3.8208765214195037
10673,6.294385873047457
10674,4.486108475789271
10675,9.021806621849983
10676,5.566566336523974
10677,5.778358284888379
10678,6.775503763449424
10679,2.167809300636132
10680,7.289822832863845
10681,4.770408844515592
10682,7.446901097720709
10683,9.030818762811263
10684,7.916619203454817
10685,5.90875385936704
10686,4.887375106241483
10687,4.041497217590457
10688,6.044617743510339
10689,4.080766287445505
10690,5.975971960146805
10691,4.188009004973483
10692,8.698859739551223
10693,5.844113285658386
10694,2.083860603109717
10695,8.580105540703144
10696,4.547134349906115
10697,6.354826012344047
10698,8.950063585082006
10699,6.829368973842674
10700,7.313872702310498
10701,8.832721345052317
10702,5.66087863485278
10703,8.174530984606426
10704,5.245428888622307
10705,6.732455229614351
10706,8.989859516646682
10707,7.104584600030476
10708,6.665193283264508
10709,3.5418313196326037
10710,4.648685608781515
10711,8.489266970023076
10712,4.099066816294522
10713,4.350439183924966
10714,5.469695208166854
10715,2.9679873316438496
10716,4.945471059191802
10717,7.430528812145645
10718,4.352990927725814
10719,5.937143898233994
10720,6.64034427489858
10721,6.537627588983554
10722,6.315393324396926
10723,4.71292703085795
10724,3.849312453776039
10725,4.913380385409425
10726,5.139702199870994
10727,6.925401912520803
10728,5.646935623752834
10729,8.283953353405735
10730,6.47277536378126
10731,6.338709946538167
10732,5.241419509747983
10733,8.295692263793978
10734,7.765610189506322
10735,3.9618783168062266
10736,6.813656668499075
10737,3.098087883545576
10738,5.018557463213789
10739,4.276639865357775
10740,7.682916067159974
10741,6.107680291320423
10742,5.7780956384697735
10743,3.9365441297992088
10744,7.876473939314413
10745,8.080635961382814
10746,7.523471443879916
10747,7.384335789744742
10748,7.399624503077901
10749,3.133505967755095
10750,5.010034716467786
10751,1.2953976548608734
10752,8.843742961436051
10753,6.544011455953601
10754,4.306141912382245
10755,4.43366357213277
10756,6.058970211125986
10757,8.464679307371657
10758,4.271662510636775
10759,4.778555762919607
10760,3.526586165972993
10761,7.3632624859060405
10762,5.02497528414825
10763,2.7821862375989164
10764,0.77639065311807
10765,3.2455745051326224
10766,6.586307869194497
10767,7.727349776515691
10768,7.399946652904063
10769,1.8323487734228001
10770,4.819046360063972
10771,7.485677854204621
10772,4.053078673915389
10773,6.946887747445389
10774,2.1567245365857692
10775,3.9651906012018907
10776,6.50335095839082
10777,4.7655073998662445
10778,4.673140251064283
10779,4.636952532080529
10780,3.0796728922459833
10781,3.8087975783398926
10782,7.681955844611875
10783,4.336040213762589
10784,7.739650272738532
10785,3.564921267213627
10786,5.66979209900962
10787,5.218948324462007
10788,6.366070861518941
10789,8.1705086037955
10790,3.389783292679862
10791,4.265202388563955
10792,8.376055042499647
10793,7.966834350426592
10794,6.243964996119853
10795,7.0801048010353425
10796,4.582497401429657
10797,6.093424617945452
10798,2.992866901239504
10799,8.158427866437389
10800,4.601523690621799
10801,7.404006002106093
10802,4.937431764385235
10803,8.379632087626737
10804,7.299239603163066
10805,3.849877528277634
10806,5.456694675469682
10807,7.481789059582597
10808,8.539770252821182
10809,8.11787440301135
10810,5.935108946388583
10811,7.490099997817484
10812,5.738847101238015
10813,6.478307009047367
10814,6.618180245643843
10815,7.632740745757884
10816,8.30827269132627
10817,7.681764390935821
10818,8.046198872649747
10819,2.7259936089924754
10820,7.698729017672097
10821,6.0592600461397135
10822,6.875555396531424
10823,1.6321214018397994
10824,4.059194931379891
10825,5.984646240737538
10826,9.212256136765852
10827,4.792677998758996
10828,4.566337302205906
10829,6.707677585214507
10830,4.826662189780743
10831,7.84467823160631
10832,5.5967514939194505
10833,7.701007697942962
10834,5.094147117426534
10835,6.031928637318279
10836,7.993538246375362
10837,4.165369893628003
10838,6.519467954372973
10839,5.1417772734276355
10840,3.381733653974017
10841,8.388335402861816
10842,2.439578133983996
10843,7.30088293113371
10844,7.8582267834057635
10845,5.387825346786942
10846,7.2469440323127206
10847,5.814722614608368
10848,7.828543308805123
10849,5.468190422127156
10850,4.722467509640375
10851,4.4547927960615095
10852,5.551242662095463
10853,3.9280687388267013
10854,4.5276732097963315
10855,6.2401270699077145
10856,5.483146716223716
10857,4.7642332982358955
10858,0.8675312862237492
10859,8.14470322498188
10860,7.4000429055205865
10861,6.015844808634723
10862,5.959911899821796
10863,6.520785690977526
10864,4.903287747903184
10865,3.88745926693512
10866,5.847845928566603
10867,5.788591751852455
10868,5.769483008751314
10869,7.116731470921247
10870,4.853170963547209
10871,6.800967185764869
10872,2.265889343551329
10873,5.14875523824341
10874,7.263851878432831
10875,8.409278854184226
10876,7.087672349919156
10877,4.562406197491437
10878,5.4095873403624415
10879,6.657213725913165
10880,3.005592096475851
10881,7.011712730162127
10882,6.028419208791014
10883,5.170749583157384
10884,4.378773999967301
10885,6.42571676369733
10886,4.232473796487081
10887,7.176130256486252
10888,5.990909418438154
10889,5.3358788814775835
10890,5.759578127598383
10891,3.9987796173485064
10892,7.308521328364268
10893,7.018582226898648
10894,4.839509883105787
10895,7.16083674711115
10896,4.951384980285868
10897,7.5923293871464645
10898,5.857660857699084
10899,1.9167449960628984
10900,7.969839851597753
10901,6.255134427002207
10902,6.74529397963938
10903,4.0761009764719285
10904,4.16869709752118
10905,2.036284581455291
10906,4.781732808269197
10907,3.1586308203671134
10908,5.954540247794579
10909,7.126261063366836
10910,4.401058092161623
10911,8.077074807521985
10912,8.132719783679608
10913,5.917935136358478
10914,5.855316655740886
10915,7.31198938449602
10916,1.9072851253229768
10917,4.081234357891521
10918,3.876492180475319
10919,5.977103184469915
10920,6.023452989999964
10921,7.199324065669875
10922,5.0721359819443315
10923,5.0279187080067755
10924,7.520842134952902
10925,9.16223328581013
10926,7.386214267150609
10927,5.757304051488503
10928,2.1628200617667455
10929,8.336022581859078
10930,2.854923898666522
10931,7.542209285624752
10932,3.3207969657264877
10933,6.758448038228197
10934,7.86041868912464
10935,5.413973237467887
10936,2.185696661718046
10937,6.2614064453267995
10938,5.935520112551297
10939,2.3889654490751258
10940,3.1250153553216364
10941,2.992258366679912
10942,6.384836036265198
10943,5.498466111773429
10944,4.296720751905333
10945,8.965862299657932
10946,5.252231636677105
10947,5.514121868199175
10948,7.274551975086973
10949,6.572115940144888
10950,6.080759171528329
10951,8.70386541606292
10952,6.675275858550811
10953,7.195515748834709
10954,5.749502046422636
10955,6.842828502777693
10956,6.456597933032249
10957,6.65311673768216
10958,9.706531274688988
10959,6.454133046090648
10960,3.9921207506165213
10961,6.585739303711882
10962,2.312190504737592
10963,4.567921948255099
10964,8.820800290090345
10965,6.500797354486098
10966,4.734803414394889
10967,5.629635027857537
10968,7.757910185460606
10969,4.485547034596684
10970,5.329500410088921
10971,7.642696992529094
10972,9.296845455232237
10973,5.6200697194944835
10974,3.7965616515405367
10975,2.628862696577358
10976,4.38982019011499
10977,7.620137416487543
10978,4.713757957656252
10979,2.8452856534868833
10980,8.73738019925366
10981,6.6238773356396985
10982,7.410262141272245
10983,8.715567710795558
10984,6.783592270786279
10985,8.966641545645487
10986,8.463114824269951
10987,4.173523579198683
10988,6.62342354696493
10989,4.95169692072443
10990,2.4687460884583476
10991,4.576844365398106
10992,5.9790240687228895
10993,6.321013213914681
10994,6.071136588744014
10995,6.967439971133422
10996,4.93587426343481
10997,5.628192231960196
10998,4.97650020356021
10999,2.880334065429716
11000,5.630146564374443
11001,9.250275279330587
11002,6.733426736322346
11003,7.065577985252276
11004,8.375977767406173
11005,8.180273693787393
11006,5.607382053852602
11007,7.222527428011401
11008,1.93527098845024
11009,6.435055895846164
11010,5.600357396348229
11011,8.509541619873113
11012,6.038893285453749
11013,3.3030357125169107
11014,7.952473081035995
11015,6.669441259388363
11016,6.51313818976401
11017,7.312004266290185
11018,4.187986703297556
11019,7.14527243753096
11020,6.225023967682094
11021,7.624512859512711
11022,4.417667303100302
11023,2.2237923838601175
11024,8.239025521086432
11025,1.8218110288429363
11026,2.655604569308515
11027,8.05045836302814
11028,4.151888306341947
11029,8.407601564627223
11030,4.510013887816345
11031,9.280396070876336
11032,4.250906557832037
11033,5.456916773478838
11034,6.377628902529393
11035,4.9899798268719655
11036,6.19219131294849
11037,7.264428993046911
11038,1.505924629304797
11039,6.723174089905012
11040,4.504026683461154
11041,9.732960821928833
11042,1.631361239389049
11043,5.997043065772399
11044,7.359094935799321
11045,6.873040195036373
11046,6.543191217310061
11047,7.00453722164922
11048,5.468540025338079
11049,3.380889233889613
11050,2.801876960760599
11051,7.9974770410396
11052,7.636102313544999
11053,9.60601224623555
11054,7.907380656699501
11055,1.4118972957135725
11056,5.420079506146403
11057,5.701633182070133
11058,5.872339571916004
11059,6.093533358159159
11060,5.831482639159248
11061,6.147883962935533
11062,6.039378996433269
11063,8.872625419017016
11064,7.240079315647498
11065,6.438888264390002
11066,6.128436609809509
11067,6.684359043104707
11068,4.700727678980071
11069,7.151580362735429
11070,3.886250788532444
11071,7.8936457221222
11072,5.105208121091816
11073,4.572716920045048
11074,9.628816247847023
11075,6.231062405140984
11076,5.420557668481803
11077,4.841854290889615
11078,7.135330938415482
11079,2.9210444731934353
11080,6.920017375392458
11081,7.747104008034787
11082,5.316607601196981
11083,3.7707979662698254
11084,3.406517187224947
11085,5.341741722037348
11086,3.847992182893003
11087,4.378301240899967
11088,6.9623365510049275
11089,6.583109286257794
11090,6.829948723658363
11091,2.8665898937714513
11092,4.381028591492958
11093,6.7913986687873305
11094,5.039818522491298
11095,3.959637870142943
11096,6.707200606222014
11097,4.552433575321576
11098,5.1435169993340075
11099,6.006010632907763
11100,4.380717964076295
11101,1.748602928632721
11102,5.936559144492559
11103,7.609698626280858
11104,7.851105953530641
11105,3.1866583056477658
11106,7.096763828859515
11107,6.197784428100911
11108,5.535666541335631
11109,7.40950486949621
11110,4.123499812290985
11111,4.533977083377916
11112,7.616240666622806
11113,3.245952393827104
11114,5.860122039880296
11115,9.883656366719258
11116,7.617092696136264
11117,6.428662354101
11118,4.885143948327116
11119,6.790518994162508
11120,6.5852409821585915
11121,6.748881506768087
11122,6.128053646922323
11123,7.318310108038052
11124,5.9468613501482785
11125,5.5821292618618195
11126,6.631224573208259
11127,5.939354457337403
11128,8.631273262694902
11129,3.235800127589412
11130,9.666828309539978
11131,7.4413860895100985
11132,4.102892573092554
11133,2.3951212247954747
11134,6.526690032857072
11135,6.2527740227959185
11136,5.431670057264795
11137,7.427689894789477
11138,6.571650336087801
11139,6.369562081569412
11140,5.06092694799502
11141,5.046726661136095
11142,4.838450830570306
11143,8.194476304696419
11144,4.676071927898679
11145,5.399483048824611
11146,6.772018811214988
11147,6.942731686199444
11148,7.404770034131732
11149,7.594360627852691
11150,6.2853097887664395
11151,9.297746981016948
11152,7.243918901914562
11153,6.85131450740619
11154,5.90463099459636
11155,4.755177698063967
11156,6.540565396581928
11157,5.5955423866143885
11158,6.731403828278792
11159,6.718189145561849
11160,2.491985415210762
11161,6.3718675042310275
11162,6.847195811247358
11163,6.215043933022888
11164,7.689366897427479
11165,7.2155971713701605
11166,7.442029072078746
11167,1.516195787496752
11168,8.026644057239468
11169,5.631453336164435
11170,7.262939738113855
11171,8.082379744064163
11172,4.102891823356653
11173,8.239949543373854
11174,3.502021274927422
11175,3.1822655385096397
11176,4.782120365916216
11177,8.896165870188078
11178,5.384009264271343
11179,3.139135396769249
11180,7.4309131682135785
11181,8.823393212265849
11182,6.022203870638688
11183,4.204094741600014
11184,8.791132508259674
11185,8.60955295466558
11186,4.618446386973018
11187,5.891565981093662
11188,4.104976079865693
11189,3.2966169321046115
11190,2.2858205055458773
11191,4.738562654354741
11192,3.9784986510617784
11193,6.952208321681298
11194,6.014715870066732
11195,3.693606937203323
11196,6.664224973739786
11197,2.550472563180208
11198,7.919889251191671
11199,5.725791439710262
11200,7.439272665680457
11201,7.831630597861525
11202,5.086067968799623
11203,4.804015506999192
11204,5.893747648140685
11205,8.77873580113521
11206,7.1736211016555895
11207,5.042871583782902
11208,5.8056591335839745
11209,2.354115293516335
11210,8.70339218850941
11211,7.194713691665106
11212,4.060676497301053
11213,4.522560379855071
11214,6.346116452489241
11215,5.486931740389209
11216,7.06426430953324
11217,8.483487618435106
11218,7.932156060623981
11219,6.754841923273876
11220,5.336591425744051
11221,5.597604373686912
11222,1.1306943102877085
11223,5.40537310535489
11224,8.391816053054136
11225,6.700988539580922
11226,4.251939541359044
11227,4.423753503993614
11228,7.656444040420745
11229,5.020594725620887
11230,3.3830551160307816
11231,3.2722015378509792
11232,5.510007129570059
11233,6.500457721645677
11234,2.653754818638857
11235,4.928249951653314
11236,6.225955857117499
11237,7.818371999284998
11238,8.923651608536847
11239,9.045923744091896
11240,3.1209191828262863
11241,7.391122858914344
11242,7.887025652762871
11243,3.7157057964237272
11244,3.43429751969237
11245,6.824344361930658
11246,6.888392512982299
11247,4.324475820470646
11248,5.097044341562343
11249,7.127436355290664
11250,8.002100831405038
11251,5.938538413246049
11252,5.80472611488805
11253,2.023278525888534
11254,7.367528506563251
11255,4.842603856736333
11256,5.281774470751391
11257,6.682785973883598
11258,7.2715672399209685
11259,7.820828038818062
11260,6.485038544768338
11261,4.263824591893276
11262,8.449986886551061
11263,2.1937144744854526
11264,7.140967311665531
11265,4.201289414075049
11266,7.023540535250612
11267,7.162194891580104
11268,7.005811586609522
11269,7.536961674422212
11270,5.723369399837541
11271,7.787787060301058
11272,5.356809517721539
11273,4.939773596970285
11274,6.617141830581321
11275,6.770811577875171
11276,6.5250835582815885
11277,5.338237771070767
11278,6.395462814616558
11279,4.6670140002903295
11280,5.868020101234611
11281,9.449568202267814
11282,3.521637365783285
11283,7.40374259965031
11284,6.487258708092031
11285,5.0623599656130605
11286,7.220079771194796
11287,6.9790647048774295
11288,6.479892319653606
11289,3.9261987125288806
11290,7.73454948672249
11291,6.957479423241516
11292,5.811664078335763
11293,3.567060521443755
11294,1.6193034403394266
11295,6.7845363870399
11296,3.772807085520123
11297,7.5970690144876105
11298,8.28799938749115
11299,4.590769493654895
11300,8.739995901750268
11301,8.378445123739027
11302,7.659436281259801
11303,6.997726403502791
11304,4.7052070037485025
11305,6.653295792317607
11306,8.094281739724698
11307,5.744986371361078
11308,5.730917313267958
11309,7.1750456173391
11310,5.599078524220087
11311,2.8669830543841206
11312,6.891218796649666
11313,6.508182455103317
11314,8.798832992850143
11315,5.073869121983317
11316,4.379524241998812
11317,8.028743024140715
11318,5.911185703302295
11319,8.89604060469422
11320,5.669295970225932
11321,4.7395659703988535
11322,1.9224661388180788
11323,4.8173248589982425
11324,6.190809171022863
11325,4.479966508184875
11326,6.69430245585611
11327,7.319176964047246
11328,3.868602832369756
11329,6.772495250573998
11330,3.39020841893283
11331,6.343002060045917
11332,8.813696299670747
11333,2.4751357874165407
11334,4.4643297269511955
11335,6.257118732885494
11336,7.204600075115816
11337,7.8448598881776475
11338,6.386610270986725
11339,6.525101791877952
11340,4.3014126635300745
11341,3.520684889284572
11342,7.1667048433423615
11343,5.920317436019979
11344,5.167327155098201
11345,7.278263366584868
11346,6.452906622128636
11347,4.83440927678307
11348,3.3864532474735176
11349,6.237983333539101
11350,3.4130486367647666
11351,6.119253437545663
11352,9.036190559179845
11353,9.161284840938832
11354,9.197003014975348
11355,5.162804191143288
11356,7.627076012310408
11357,8.540270005061226
11358,4.637248394897595
11359,3.692651584405085
11360,6.4122534410945
11361,9.214750993099893
11362,5.937783944029145
11363,2.9719253469496065
11364,9.09178935504636
11365,8.90565505398309
11366,3.294357542997266
11367,5.812663157756868
11368,6.135469267176404
11369,5.056541600246773
11370,7.250769446597607
11371,5.09483003050192
11372,9.48809845400619
11373,7.914153217572908
11374,9.016659888344778
11375,6.825939316595622
11376,6.057542662399938
11377,5.984753156267012
11378,7.038167558801849
11379,8.210782321395712
11380,4.319333664302073
11381,4.359913379842979
11382,3.0367100257444446
11383,7.015964929011433
11384,7.247026195568138
11385,8.408376963444248
11386,1.6893745378310747
11387,5.450486230141439
11388,5.323605789639494
11389,5.446592761735093
11390,7.62642398826133
11391,6.659062642149481
11392,4.165050003728394
11393,5.309876171392627
11394,5.746611396711678
11395,3.864002248508292
11396,5.819747237105113
11397,6.2377851587307
11398,7.610404831205318
11399,2.1837846414651714
11400,4.859679814313552
11401,7.0938939558570775
11402,7.93578913507429
11403,4.957392370342891
11404,5.20252515714188
11405,7.3164274260923845
11406,7.366440060659158
11407,4.1978923654109455
11408,4.383691959958055
11409,4.29597648773424
11410,7.717446677223208
11411,9.200579015690145
11412,3.4198734323783397
11413,5.529214383186898
11414,6.046715462783679
11415,5.053726306069285
11416,6.8752822512235126
11417,6.134860604887005
11418,8.394439350832778
11419,6.8541829989440135
11420,5.241042968501419
11421,3.83947860268756
11422,6.103432757792146
11423,3.212042896274867
11424,7.715315834585054
11425,1.2449663414555463
11426,2.0556189955638513
11427,7.735849853331976
11428,8.84864068064358
11429,8.23674283885925
11430,4.100919949239092
11431,2.3387690919045236
11432,4.048980811455646
11433,6.1500706994698815
11434,5.901629178607638
11435,3.258956505055705
11436,7.11611756348708
11437,6.1218933006260565
11438,7.581839973524218
11439,7.543135464670261
11440,3.7254154990807726
11441,4.629572743927096
11442,4.1180926496532315
11443,5.03902250078957
11444,4.324304415165905
11445,8.746961043366886
11446,8.02250788674328
11447,2.2614155025156615
11448,6.731357017899583
11449,6.896743847374974
11450,6.45607351924097
11451,6.722405234905884
11452,3.027291194002151
11453,7.874249826447115
11454,4.447465461894648
11455,5.570314134173429
11456,6.182466896324533
11457,6.577477844306863
11458,7.645839779237781
11459,8.730520378826082
11460,6.69968390468934
11461,5.569498099997749
11462,4.960553003995294
11463,4.949943769791142
11464,5.7799748599887435
11465,6.417149548697869
11466,7.872884647421052
11467,6.904703020529148
11468,5.124205282043563
11469,6.117416523791328
11470,5.149484155080742
11471,7.794631060840343
11472,6.404126528173004
11473,3.7735009040261893
11474,4.90409453539565
11475,7.063346973570806
11476,5.0100474524383625
11477,4.335421318247761
11478,6.190540771125118
11479,6.150298419126763
11480,7.606622221861948
11481,5.965331977173298
11482,7.0306243758242815
11483,8.354423143507695
11484,7.407711447335762
11485,7.4212656128505765
11486,6.543300150852196
11487,2.331490465826535
11488,6.028410638052184
11489,7.556263088243458
11490,6.310454802593502
11491,2.8627111193565287
11492,7.398300100867949
11493,4.492836780836881
11494,4.798195753900811
11495,4.724386766677362
11496,6.314635322792186
11497,6.034397811949746
11498,5.359488407538812
11499,6.49289529413078
11500,2.1644153863601803
11501,4.632756288089883
11502,5.31275348630178
11503,3.32454442336138
11504,4.7650563282717275
11505,2.7442751989536087
11506,8.598747208541436
11507,1.3953144681729386
11508,6.125307515256714
11509,7.249969113944845
11510,7.92688314593484
11511,6.144851617157957
11512,7.4178032943248375
11513,9.8640725976923
11514,4.8867580642948205
11515,6.254439310059742
11516,3.311130509917764
11517,2.369027473505068
11518,6.390012248514443
11519,6.127219568875733
11520,8.456077733274507
11521,8.737184504492674
11522,4.788846610303282
11523,4.824535413695127
11524,6.912517177113339
11525,5.528874383798247
11526,6.428493510523521
11527,5.050489503064062
11528,6.614449734282349
11529,2.4818834020061953
11530,6.742965362775131
11531,5.7401313075455915
11532,7.1256843645671415
11533,2.4046893074456426
11534,3.4292889478273914
11535,5.446797187048776
11536,4.757523470038527
11537,5.752694236611163
11538,7.575706081488524
11539,7.2485682498328625
11540,6.447581938311219
11541,5.0383368426556325
11542,7.68534137235261
11543,5.64056485993244
11544,4.921124765878841
11545,1.5370438704995095
11546,6.742342142482307
11547,6.2776331865947546
11548,7.491937819977468
11549,5.0317640652788125
11550,5.481207106963725
11551,6.256785875844932
11552,8.0696780175989
11553,6.5734502992058985
11554,4.405484959758281
11555,3.6368440306583576
11556,5.3585537474273615
11557,6.075712078345049
11558,6.2869598582512465
11559,6.732657582632317
11560,6.291695081413518
11561,2.4132456157241062
11562,2.876363320055408
11563,2.484127620186566
11564,5.443280229685438
11565,5.482557829557199
11566,8.636221661792856
11567,5.3853165469401265
11568,7.525862808014807
11569,3.776864900874659
11570,7.237296490978799
11571,8.09429046198046
11572,6.481554735266379
11573,6.353812803820176
11574,5.2501158005154505
11575,7.834692726962543
11576,7.680976384184145
11577,6.162627180716385
11578,7.307218912693614
11579,6.181865472478126
11580,3.1103387499931583
11581,6.238465840856945
11582,6.279510570596054
11583,6.699635950102086
11584,6.5410381060999
11585,2.827158283937471
11586,4.704029210435332
11587,4.293622725787342
11588,8.044962648508587
11589,8.626161972190832
11590,5.262797692153933
11591,7.0296530134842525
11592,2.187457010912471
11593,1.7487032824274502
11594,5.849512143203981
11595,8.612816527368096
11596,3.9377797712060754
11597,4.992453064674123
11598,7.24815763386113
11599,5.367345116053848
11600,2.890907116430604
11601,5.252412629446862
11602,4.172914872028004
11603,6.133536471499325
11604,6.9992287567362474
11605,7.293248653000967
11606,8.534231190984864
11607,4.663855694034201
11608,4.0893194114450955
11609,6.537447439528623
11610,6.5387797870060815
11611,4.270166258091365
11612,7.354411102536319
11613,8.84139100465158
11614,5.230376297579202
11615,7.585889186250561
11616,7.864445124488287
11617,5.52500395055056
11618,7.077828263522275
11619,4.4157682180160265
11620,5.505405040806879
11621,7.692461890216859
11622,6.730795704066638
11623,4.880378571044253
11624,7.708089485651967
11625,6.520113758350625
11626,7.183711539160525
11627,1.3224944788683999
11628,6.006645431513953
11629,8.176248034510664
11630,7.061462797008266
11631,6.58674343385588
11632,1.4920569218557551
11633,2.8466457058275543
11634,8.519975368872139
11635,5.655158925873657
11636,4.9621636828679785
11637,6.061651527556763
11638,5.564210411681424
11639,7.9485380557202125
11640,6.198406311697915
11641,4.303599137087161
11642,9.838419736928035
11643,6.466128587312724
11644,5.883176073347317
11645,4.915671660318207
11646,3.688310781423967
11647,4.5891098022771235
11648,2.679466407175663
11649,7.732338124736484
11650,5.919324368139646
11651,4.492683189595397
11652,5.39349165490554
11653,4.392613148352497
11654,6.969621682601655
11655,9.07610318224105
11656,6.769441280956966
11657,5.420669523856426
11658,7.492970508875587
11659,7.0244552661829935
11660,7.76471592933356
11661,7.0232447578262
11662,5.970472940716269
11663,7.939026516119958
11664,7.2382415259710315
11665,8.392577283754914
11666,6.517362523201167
11667,7.644555256258428
11668,6.361190748046429
11669,8.005532204983336
11670,3.395218103445871
11671,5.017712685888816
11672,4.21065176844557
11673,8.239646955109912
11674,6.698280517804611
11675,4.395359952659527
11676,7.87066478430021
11677,3.469545371027182
11678,3.290648617974235
11679,2.707710274678093
11680,3.907045294305966
11681,5.515104307231519
11682,6.312226908953799
11683,8.6732684326928
11684,3.4384125955296247
11685,3.9351836885223577
11686,3.5987460240507447
11687,4.508697686188231
11688,9.814178272943742
11689,8.026695988051124
11690,3.3498216664712426
11691,5.846179754362362
11692,3.3797443736299124
11693,9.325613246482824
11694,7.844380371715978
11695,4.390006464915749
11696,1.7723587857976035
11697,6.198850647500297
11698,9.268396338287976
11699,2.859019751198995
11700,6.699078397797048
11701,1.3080427284211877
11702,2.7149824946110854
11703,7.181907949695663
11704,8.103885834292482
11705,3.110517319173621
11706,5.353650906596982
11707,7.196397577616416
11708,6.603752353223917
11709,6.575239543698718
11710,6.9957588178673165
11711,4.2699400445171545
11712,7.854907576924548
11713,1.6546002802840531
11714,8.188282374434925
11715,5.906913033631376
11716,5.748780118686576
11717,9.26176134076353
11718,2.8246140054017683
11719,8.801276594190913
11720,7.773158965531217
11721,6.8943410744150215
11722,1.6259540073500443
11723,7.188515563460992
11724,9.195730077092737
11725,5.494932895460777
11726,2.4868863764576847
11727,8.54602355128584
11728,6.587253933811361
11729,6.134472706039753
11730,3.9317876346960055
11731,5.636825084171945
11732,5.017770387334787
11733,7.455680481019079
11734,5.604771282619825
11735,4.6207167877396
11736,2.394305470022399
11737,7.104123977385448
11738,7.596981031611898
11739,5.6921837238197
11740,3.9920505408107028
11741,3.5964006180984534
11742,5.096999610931314
11743,3.346361541090234
11744,6.816543209598776
11745,6.362711436535676
11746,2.890332233774603
11747,7.999474456627212
11748,1.7052544037908826
11749,5.133503528396994
11750,8.554699278478337
11751,5.519209258300151
11752,7.448601144577595
11753,5.11931195596434
11754,7.713794024385712
11755,8.625700160858464
11756,2.2937630739638526
11757,5.451491257502004
11758,6.619306174163523
11759,5.9857793724335115
11760,4.441115928553558
11761,7.468271824687402
11762,3.686874671109528
11763,6.5934697679617225
11764,9.771331477311708
11765,4.721164843628716
11766,5.944816959652231
11767,7.110658852231303
11768,4.585540676042824
11769,7.475279209899977
11770,6.796633192376992
11771,1.8326773901576061
11772,6.404421365256104
11773,6.097690190740291
11774,5.738644662323098
11775,5.527927877450031
11776,6.341444691917731
11777,3.205982370052636
11778,7.179622966303413
11779,7.75874260230321
11780,6.717082072977049
11781,8.004481806950267
11782,4.072506965351514
11783,6.820126302231833
11784,6.22226263625573
11785,8.24283824341686
11786,9.137482901593334
11787,4.682538386491483
11788,7.0295238268555025
11789,4.683162989167688
11790,6.1123446433959945
11791,4.333626962167239
11792,9.699931341421951
11793,5.667194633318811
11794,8.041672223736581
11795,8.430574237956895
11796,5.135386486240293
11797,8.553359162231509
11798,6.852689623185047
11799,3.4665622024561884
11800,3.740212348011191
11801,7.299633542738232
11802,3.3546815089221536
11803,8.080087377425327
11804,5.377891467451823
11805,6.557750424408585
11806,4.649408916310659
11807,7.562424151439545
11808,7.467111088681848
11809,4.457996638014709
11810,8.396846135015874
11811,5.84477702174833
11812,4.825131191802153
11813,5.553053769355995
11814,6.664068557366138
11815,5.970874140726169
11816,6.4657596761988865
11817,4.141114303037849
11818,3.682276679980763
11819,5.273334687637086
11820,6.881593895175439
11821,2.656143093294494
11822,4.448191292984326
11823,5.000156761851905
11824,8.101127245134885
11825,9.723106000399124
11826,6.963194505574215
11827,6.421561121490103
11828,3.5958623922618065
11829,6.141801529443316
11830,2.821728244957672
11831,3.14451375576878
11832,3.386052720151234
11833,5.1146659937867405
11834,2.983038158306127
11835,7.0333400674286235
11836,5.206347521946721
11837,4.530970683626889
11838,5.511606839792506
11839,4.952792129175432
11840,7.403938591917797
11841,4.513848033517978
11842,2.893081043350397
11843,6.347872481208632
11844,6.729268629753299
11845,4.353424685456751
11846,8.901667360528586
11847,8.181054256360653
11848,8.0155752207934
11849,3.3383812809820848
11850,3.948204021909456
11851,9.19418656008951
11852,6.843293667149799
11853,8.245680151159878
11854,5.703640863564256
11855,6.283707203165818
11856,7.224853551773631
11857,8.029306029581619
11858,7.282576395243831
11859,6.156501335863182
11860,7.553589020887935
11861,3.4870275905819517
11862,7.162064432020716
11863,5.4317344767613145
11864,6.185950003853213
11865,5.299617651431753
11866,3.1006626742279915
11867,5.6821637846831266
11868,5.362974567636404
11869,2.87913676044567
11870,3.2146746996043385
11871,6.7825224143970955
11872,8.583227682561125
11873,5.1682622115155885
11874,6.764805636186309
11875,4.404740274780112
11876,9.583941164676872
11877,3.7615035599284825
11878,9.992990438419262
11879,8.362466997936307
11880,2.7026481434110883
11881,4.632840680343236
11882,2.9680154437241675
11883,2.9888765588618402
11884,5.576834380608264
11885,3.6847852097413454
11886,5.913362312767606
11887,4.81568612894121
11888,1.57579040328105
11889,7.452824295850387
11890,4.707675989506278
11891,8.127980119514756
11892,1.6851693648935555
11893,6.861588050531342
11894,3.649363000929844
11895,7.440714212743653
11896,6.715841952816654
11897,5.833867584678304
11898,3.675039919935502
11899,6.811870681244417
11900,7.86648285580152
11901,7.229800383106555
11902,9.341938984652316
11903,5.022042496656186
11904,7.0826944966261225
11905,6.501696851708668
11906,5.958379555242854
11907,4.480131415446174
11908,9.204234065266114
11909,7.362934166349442
11910,8.423773777140884
11911,5.0172641732448096
11912,5.755310863001217
11913,3.125797002054305
11914,5.216015045006589
11915,6.836012481489712
11916,5.806254721601442
11917,5.616737217174003
11918,7.1011314220254285
11919,5.250822498765734
11920,8.690981239531856
11921,8.058837901452788
11922,5.676217587434889
11923,5.966035893251798
11924,4.159497257872946
11925,4.353600466616565
11926,7.849241343987588
11927,3.546107338443636
11928,6.438771115134141
11929,6.53381142377073
11930,6.197824093726928
11931,7.56150989626329
11932,6.7047544323465065
11933,9.720126152049506
11934,4.902400535941323
11935,3.06618198329296
11936,4.205493125328406
11937,7.336367772149902
11938,6.244872838031235
11939,6.951979517673444
11940,2.1651300966576894
11941,5.380679380798714
11942,6.066368795461076
11943,5.719330044617745
11944,1.8625820913499789
11945,9.245305075907053
11946,7.737118880571785
11947,3.1949724142141913
11948,6.204488565466246
11949,3.65540357120955
11950,4.2016005823537705
11951,6.811441675063319
11952,7.113869318459485
11953,6.064134661580125
11954,7.773330632233154
11955,9.667325497097323
11956,4.641645220374622
11957,5.218001913315365
11958,5.142835322428182
11959,7.0441234109621105
11960,4.366653416633014
11961,7.075407985697396
11962,6.7243393477730375
11963,9.923378783073149
11964,6.738398061805524
11965,5.607245902944875
11966,8.704625061462819
11967,5.940063917523663
11968,8.323749544646493
11969,6.34388010346488
11970,4.761100499307496
11971,3.6087206527074813
11972,3.9253223865932823
11973,7.350211818178949
11974,6.526631954246951
11975,3.6635814941546774
11976,7.4833119779816535
11977,5.275138408482871
11978,2.2344803831250513
11979,5.687418398452416
11980,3.740428778838689
11981,9.24984332007786
11982,7.433124860211908
11983,5.329728381989083
11984,7.127493940593727
11985,9.38968031181296
11986,4.649258573971263
11987,7.0651088672343025
11988,5.249227481684268
11989,6.415030996563141
11990,7.703984587693872
11991,6.294235060620918
11992,4.645498538328287
11993,3.6594529859138087
11994,9.229565742422086
11995,6.649010646376521
11996,3.5530231197032487
11997,6.4000595370596525
11998,4.478134487340235
11999,5.348543245046154
12000,8.515571121692673
12001,7.973292309161648
12002,5.237707997194038
12003,1.6261354775257892
12004,6.772213841485562
12005,4.116281065593284
12006,5.058365192479135
12007,8.796678930825514
12008,8.136533508169627
12009,6.081337991142712
12010,4.469448839202189
12011,4.102680613085045
12012,3.2346957748233294
12013,5.031909695315746
12014,6.670233388342861
12015,3.975527902454181
12016,8.080968632528972
12017,3.6114145745857202
12018,4.201190891133995
12019,4.862983285216687
12020,5.293960325392353
12021,2.8049963124001036
12022,4.814830949770033
12023,4.177733062871349
12024,4.816994635518158
12025,5.2652429347625365
12026,4.1097987887210845
12027,4.8225540345240026
12028,6.216126068328872
12029,4.117734422263339
12030,9.1657461622918
12031,4.92390396656442
12032,5.332250695270337
12033,8.262808241957053
12034,7.972696777742343
12035,9.868095586162429
12036,6.800535151925472
12037,7.609026693253301
12038,9.543978252136567
12039,2.7419203825916854
12040,7.447236445946784
12041,6.922631193781018
12042,7.409332414014411
12043,2.794380418107265
12044,5.1728605604839055
12045,6.254003928555795
12046,6.513469272977072
12047,4.2773192245314915
12048,6.112163797600398
12049,8.453766427614601
12050,6.879132099614366
12051,7.677716144764929
12052,8.766439551061662
12053,6.9391251954032676
12054,6.385790281359903
12055,7.913741698587217
12056,8.894908472926856
12057,8.686117031449637
12058,7.16422159875533
12059,4.107544296497815
12060,9.404143418469129
12061,8.004422623485013
12062,5.058189693180306
12063,6.662311900425921
12064,7.524530209366741
12065,7.585730368036455
12066,5.428106815757693
12067,9.882155729656857
12068,5.341118051996023
12069,6.11975831050306
12070,8.258102218182785
12071,7.234763841005693
12072,6.2150361827044325
12073,3.5242272732927473
12074,5.734766761125711
12075,8.557044719829767
12076,6.095125793822175
12077,2.9323777952275853
12078,4.042509705806342
12079,5.411225016065081
12080,6.437607373278431
12081,4.4435490422653645
12082,1.8624054380557755
12083,4.9881305961211035
12084,6.5534614010921155
12085,6.076719124430675
12086,6.339296329998635
12087,7.972452849058129
12088,7.265436146221207
12089,6.289295218929294
12090,5.184029211868533
12091,3.125869351377696
12092,6.436669512066057
12093,5.818457487612108
12094,4.7386300694568995
12095,2.069550709172406
12096,6.277202557792446
12097,4.18439747334989
12098,6.020931575339696
12099,5.912572921845051
12100,4.63990624664
12101,7.812190377238472
12102,8.831112849669278
12103,5.685507579827489
12104,6.0848537795547335
12105,8.632678572450713
12106,5.293483128258491
12107,8.180915754387561
12108,6.104132234892177
12109,6.940035346364198
12110,6.804376896269987
12111,5.957023764210831
12112,6.341739538733276
12113,6.420499178119358
12114,7.402140524300849
12115,6.97562926706518
12116,7.004979317574818
12117,5.698276725587913
12118,5.21296923188992
12119,7.158091636894872
12120,5.883470347128373
12121,3.8400361449546545
12122,4.913162003602439
12123,9.771044147817499
12124,5.28144381363331
12125,8.187160469413236
12126,9.043616768087418
12127,7.151131753253399
12128,7.87486916504169
12129,6.940415140849152
12130,5.470279957391838
12131,7.813871659294945
12132,4.798146542511519
12133,6.168756087298961
12134,5.975178521042301
12135,4.63080834241272
12136,4.396664950640747
12137,1.4794412041763705
12138,2.711789182397081
12139,3.4427950295886767
12140,3.5268050059946696
12141,9.359431455556525
12142,8.82319620107734
12143,7.435271480015082
12144,4.823820735645708
12145,8.459015292907882
12146,8.921888699979657
12147,7.467570440400363
12148,8.297744904869381
12149,5.894439006556211
12150,2.6129855772729598
12151,7.784450544237072
12152,7.874410826460649
12153,8.891989602905598
12154,6.958714594569129
12155,6.280023079078627
12156,9.276519743789958
12157,4.0732239169508215
12158,7.082429799882346
12159,8.622833568644745
12160,9.328694401735287
12161,2.281080227628606
12162,2.6748862605577886
12163,7.551343006120848
12164,6.0486390171944775
12165,8.013562477649167
12166,7.944147949658656
12167,6.250682641831376
12168,7.399311005930566
12169,3.310908654364031
12170,6.440147252326193
12171,5.878048420616982
12172,5.621594593131503
12173,1.6477374712513262
12174,2.8429800353545853
12175,5.914934781627467
12176,7.689303384094191
12177,9.87846938928939
12178,4.45439792151771
12179,7.365324895614544
12180,9.57650027386316
12181,3.4922129967525324
12182,6.539005487229435
12183,2.85593748503816
12184,7.745546066988549
12185,6.731032389425333
12186,4.148146532723109
12187,7.538160099717391
12188,4.277288233327109
12189,4.920881839449274
12190,1.458309142787999
12191,7.326886282822111
12192,8.026431273306164
12193,8.58593584569746
12194,6.6990003574665655
12195,8.171593094093172
12196,6.50065856965078
12197,6.9137684483916075
12198,8.346986142809213
12199,2.590830160904791
12200,5.371000542682404
12201,4.852641056940198
12202,1.8929150031263573
12203,2.505574127505431
12204,6.170313565109351
12205,4.589803419713413
12206,5.093651234224046
12207,6.06422864284158
12208,2.827409358039156
12209,5.232732691246656
12210,5.175750129811542
12211,5.270789816975351
12212,8.210612303065302
12213,6.013255532793858
12214,4.1627919319813955
12215,4.152407844298148
12216,8.165125764268058
12217,4.852125983706438
12218,6.350843260774787
12219,5.285025755386476
12220,8.507347501020856
12221,5.260677839032794
12222,3.348698606552115
12223,7.971489202740667
12224,4.6023269372513305
12225,6.544363065157776
12226,7.91356971854669
12227,8.724526893218954
12228,4.399328902862014
12229,8.21895807783472
12230,7.257714866313519
12231,7.836442249789357
12232,4.350385811461884
12233,8.19273568046416
12234,5.3485828253322305
12235,5.555769217987622
12236,8.533496539261968
12237,6.626208259320352
12238,9.269583580141155
12239,4.1700252636451705
12240,8.596735793189634
12241,2.859408445807969
12242,7.450213481032874
12243,6.338346440796068
12244,6.247501359921583
12245,3.728345073149424
12246,3.1914324862918426
12247,6.823371259047015
12248,3.511368003440587
12249,7.433987388768946
12250,5.368145747045843
12251,9.101044985618074
12252,3.9323265748443914
12253,8.800158042083963
12254,7.043835597012114
12255,7.9839156535032565
12256,3.4567990186620308
12257,6.1158067133448775
12258,5.281595105829362
12259,3.6122393961365233
12260,2.7096793700718886
12261,4.253949838337341
12262,8.671494537823717
12263,6.256119759802052
12264,4.818001853937796
12265,6.469472243015388
12266,4.872703011842151
12267,5.685336997474388
12268,5.295765819786466
12269,6.783568147062738
12270,6.763580466437431
12271,3.155916821442235
12272,3.6695405768013685
12273,5.455635103682602
12274,5.188980631648311
12275,8.317849370399898
12276,5.96454194479023
12277,6.967070739614458
12278,4.108592815894923
12279,6.986467314557407
12280,6.440615084152726
12281,6.30785038807983
12282,9.088984944688349
12283,4.072051164843603
12284,5.655532657453188
12285,7.593685832991159
12286,7.919366025464045
12287,4.5637927696073515
12288,7.5723502628866095
12289,3.951864238848918
12290,4.272513984000002
12291,5.027860296921707
12292,5.193126283448565
12293,7.220985502163076
12294,5.761491845902893
12295,3.519942511670701
12296,4.003318218924866
12297,4.191287604505335
12298,8.171234559698616
12299,3.851995560320335
12300,3.932822171849431
12301,6.608977197922681
12302,2.5761623646565908
12303,2.2606744885040286
12304,4.175527412686918
12305,3.769047065042952
12306,5.952702365009433
12307,9.14133079112611
12308,4.537719529058909
12309,4.982001139247801
12310,6.779107684015748
12311,5.271938677233057
12312,5.046183332337782
12313,7.983856649033736
12314,6.440151936864875
12315,4.030067289001908
12316,7.980102157271567
12317,5.5341013003439015
12318,4.116878730506212
12319,5.219562744763196
12320,5.873701273989704
12321,6.49853302794488
12322,5.654707474681087
12323,7.612263328139562
12324,4.380355027209045
12325,7.997382908903593
12326,3.932776331348765
12327,9.280058884164411
12328,4.7849784929773
12329,6.418943963805418
12330,8.425160022802059
12331,4.086487301449882
12332,6.0191947942021
12333,6.970230945345775
12334,7.934661677860034
12335,6.850944244425655
12336,5.883253749231858
12337,2.8342937356329143
12338,5.857848354709389
12339,7.027135645763185
12340,6.201254794098769
12341,7.1337038755707685
12342,7.177848227349047
12343,9.777155670504143
12344,3.464958891981728
12345,2.16164389296385
12346,4.721601683328776
12347,3.7889132748179835
12348,7.237057663510826
12349,6.870062439476648
12350,8.926371695361475
12351,8.804212986056488
12352,6.562211619491078
12353,5.404338458028916
12354,6.840544039614567
12355,6.726513860138924
12356,8.538990371361798
12357,4.000724008555787
12358,6.610134160048673
12359,4.5408792869621255
12360,4.288719343354403
12361,5.697333626617208
12362,4.572519970858835
12363,7.0119811203408595
12364,4.529562777284385
12365,7.728153525248739
12366,8.583887613400426
12367,3.6481484976799687
12368,4.579296347411267
12369,8.831786194887286
12370,5.2790338654427735
12371,5.877669629261424
12372,5.761527247658711
12373,5.63637124384596
12374,6.885518951201907
12375,7.85578640317442
12376,8.514701380655342
12377,9.526118317050045
12378,8.647011981233842
12379,6.3705617920212685
12380,8.609899935333356
12381,4.5829663361047706
12382,4.957927598369079
12383,5.655097641643925
12384,1.0368180035626713
12385,4.433711719101936
12386,4.87221612623569
12387,3.885650057933588
12388,3.0455017653077108
12389,6.898664217378682
12390,4.768742733890609
12391,4.954159798975235
12392,7.461618945895757
12393,5.341375538328967
12394,2.958560292029613
12395,6.000550630082744
12396,8.642264779393084
12397,6.891978569079626
12398,6.55842830159918
12399,4.678079171707334
12400,8.241351034579619
12401,3.3525200397366213
12402,6.970933981174051
12403,6.29329986341188
12404,5.939241284423321
12405,4.256079046001399
12406,5.9930023898570735
12407,4.87324708576934
12408,3.6010376971682243
12409,6.423775272843172
12410,4.385189227754921
12411,5.12968146758473
12412,9.36155494960744
12413,8.405408247751396
12414,5.480294139691998
12415,6.3677194255315035
12416,4.257447956644248
12417,0.8184718480943953
12418,6.11951708307388
12419,9.008134195297458
12420,4.659958317528351
12421,6.7555058282454565
12422,4.733283824930226
12423,8.44889767507145
12424,3.0021453312803414
12425,6.013092820280059
12426,3.2863419032542427
12427,7.899678717006644
12428,7.787450144906046
12429,4.543769673194481
12430,7.801317948156574
12431,4.200866360167994
12432,5.892535654433443
12433,6.5055044627885135
12434,8.792151235159892
12435,8.004711759066945
12436,5.0056310189219575
12437,9.791590749924817
12438,5.498333606962591
12439,6.399481750207054
12440,9.315789031202469
12441,6.828098855549758
12442,4.489093780821684
12443,8.094965371664165
12444,6.502386674168278
12445,6.23815898426526
12446,5.5867197308078955
12447,6.936390956882023
12448,5.708378566168876
12449,6.680363625859805
12450,8.423162721097315
12451,8.942131836646283
12452,5.931603289197989
12453,7.360763233773415
12454,6.953363742684557
12455,5.342484972856202
12456,4.243545219945657
12457,8.108407929508868
12458,5.741291311845469
12459,0.43671360350164434
12460,6.1817421259405245
12461,9.571157721038436
12462,5.816724877435957
12463,4.448667817821082
12464,7.01913463101027
12465,7.35278939986888
12466,5.3273108570228445
12467,7.8567760580092365
12468,7.514387161819912
12469,7.851763445999406
12470,6.172346311808125
12471,5.478133371372241
12472,5.133035920363375
12473,5.398104884407467
12474,7.614804499114339
12475,2.9405119153420287
12476,1.519247112053117
12477,8.563309220695896
12478,9.200588271520264
12479,5.4352079346979645
12480,7.60710165298031
12481,4.57972122300907
12482,9.710301320230897
12483,6.378849986501657
12484,5.034877503770874
12485,4.963920345285582
12486,6.32267196727602
12487,6.772816840811145
12488,6.4918157820945535
12489,5.341052778803903
12490,6.832150740550168
12491,4.635127521895061
12492,6.294135970160462
12493,5.600527457773191
12494,7.387346204313238
12495,5.826243605126914
12496,8.417368825897979
12497,7.51576167094005
12498,8.692582366956746
12499,2.0809903035085346
12500,3.0629403619901225
12501,3.8522240025510017
12502,6.405476349455212
12503,5.600156232009714
12504,3.9118007763103373
12505,4.910755042339364
12506,0.9294102362188523
12507,7.5025644188663945
12508,8.348109565045108
12509,5.329549780140047
12510,6.995348233937059
12511,5.497137124455552
12512,9.209521482766416
12513,6.123115096137471
12514,5.47767190020196
12515,5.391976897778543
12516,4.080865860639507
12517,4.38935839618542
12518,5.7483061364222845
12519,6.30383731813411
12520,7.674381768229101
12521,5.256917771292369
12522,6.376270676391095
12523,4.536137801373303
12524,6.4467331100295455
12525,1.9632309289042302
12526,3.48066661245135
12527,6.795162808826544
12528,6.5550571755915135
12529,5.533230806552668
12530,8.646980741524027
12531,5.925743533185372
12532,4.371816134132674
12533,6.16268312617196
12534,3.9396563093314403
12535,6.8377805960811315
12536,4.323750365502979
12537,4.780540491128949
12538,3.617135156382029
12539,5.371055394921386
12540,8.520725608780783
12541,7.121624839458314
12542,8.526360655757847
12543,5.414989703237211
12544,9.340412523146123
12545,6.082605278504483
12546,6.14270042826251
12547,7.099195054817979
12548,7.979497141135924
12549,5.9503620160569515
12550,5.294067014592309
12551,1.648821117011491
12552,4.821754259227116
12553,7.212932021469273
12554,1.9187577674213383
12555,9.841886107300189
12556,8.321425917483797
12557,8.437626751616728
12558,3.4964988244728787
12559,5.462125987825357
12560,4.948068866185297
12561,8.922888728317242
12562,6.327097454057683
12563,3.3076060734819004
12564,7.872311222748079
12565,6.801745600949342
12566,6.501316332590934
12567,3.6181318035542613
12568,6.034939946047949
12569,6.290258953508117
12570,5.989947653348184
12571,8.457607772950874
12572,5.340022484480375
12573,3.403390139458239
12574,6.568450436754764
12575,5.983876649313616
12576,2.8154124582696243
12577,5.626485559214558
12578,5.951760068370013
12579,6.375269527948326
12580,6.2873385223550065
12581,5.391308979375568
12582,4.170342279377537
12583,6.0091703440263675
12584,7.666167679189465
12585,3.9628219486299603
12586,7.3034873951546135
12587,7.7881071025039645
12588,2.1182730028637278
12589,3.622525218935752
12590,8.819941096357802
12591,7.455387856065296
12592,6.0438316913481005
12593,6.945804692754447
12594,2.6639965966750254
12595,6.811064050554025
12596,7.814231860942155
12597,7.124241707000812
12598,4.995216133594486
12599,6.126902830045038
12600,4.48873331016898
12601,5.806432543283196
12602,5.387721806218049
12603,8.751489638546616
12604,9.323979937338244
12605,9.67121215106579
12606,6.216084043007614
12607,4.221725246890119
12608,7.303850960162956
12609,4.3718426917311906
12610,4.787163216966055
12611,4.055074200810465
12612,5.511590831824857
12613,8.217161468877276
12614,6.476868050760186
12615,4.885476125738416
12616,7.936851668095372
12617,2.0128449940803543
12618,4.909480298888614
12619,6.558761606053167
12620,8.409302888762126
12621,7.615170856788157
12622,5.750248029243468
12623,6.746475933543183
12624,6.465363170281517
12625,7.660456048151743
12626,6.302081034961472
12627,5.551815609222288
12628,7.594485747906191
12629,7.727634621052086
12630,7.673911855472412
12631,5.916314118519445
12632,3.9658104463403876
12633,7.028772219672783
12634,4.601296976326116
12635,4.8975851748994845
12636,8.128463947011063
12637,7.193203019994893
12638,4.202133151430132
12639,7.377004150924583
12640,4.34479484508933
12641,6.039137116908304
12642,5.804591928351403
12643,7.221134015335949
12644,3.2031721978779646
12645,6.124549846640883
12646,8.353937235088901
12647,6.862061066557109
12648,7.764637161035655
12649,4.665908073299257
12650,5.078484800081914
12651,5.003047027412646
12652,6.600146081655573
12653,5.861090885795579
12654,3.847537670098035
12655,4.690220087880126
12656,4.743153630232529
12657,7.394828862509185
12658,7.991570784820804
12659,6.2698940990429985
12660,5.766453358639986
12661,3.0237264262678467
12662,6.239633517767842
12663,6.007472238829786
12664,4.217511682252338
12665,8.568684407984087
12666,4.578512515204012
12667,8.401305208122603
12668,5.2973446646470235
12669,6.5604219927258045
12670,5.3115624854440835
12671,7.931331745758056
12672,6.819593001136983
12673,3.015395225963283
12674,8.386713859037274
12675,4.555703764917055
12676,7.898025727938237
12677,9.687836572135845
12678,9.005978447397938
12679,6.3016595476713055
12680,6.690871369085203
12681,7.280290130302308
12682,7.41400023028239
12683,6.4829364677145165
12684,6.7766902309069215
12685,7.336785599951605
12686,7.253709014895453
12687,8.277466813237252
12688,6.126582175011363
12689,4.198229588648529
12690,9.01238813636822
12691,5.957388396872625
12692,8.122077102266225
12693,8.158737582229673
12694,5.3435716542095815
12695,4.780050428384625
12696,4.682721197764958
12697,4.033220503964678
12698,8.190970504066675
12699,6.456063540703526
12700,8.12420559320405
12701,5.565558908674825
12702,5.18786618377349
12703,5.977079701318045
12704,1.638245149364522
12705,3.040811036175347
12706,7.736133609868272
12707,2.9314167166584997
12708,5.810553211412701
12709,8.029042156885973
12710,6.535501909119883
12711,2.270537340343844
12712,5.215689437044595
12713,5.696808452253576
12714,4.031817305089589
12715,4.981874681236027
12716,7.61998470246078
12717,5.983691587757227
12718,5.339451592347683
12719,5.162738566333163
12720,6.029235692427962
12721,8.736286025157444
12722,4.700615605338103
12723,6.309425368424657
12724,8.13370777778471
12725,6.286138277082497
12726,7.2490799016408465
12727,4.745176937216094
12728,8.029963662503443
12729,3.866105167163409
12730,7.078893406136179
12731,9.282541288704982
12732,5.217412199264196
12733,4.5233039025529225
12734,6.847014661794833
12735,7.494352488474341
12736,6.076250673323371
12737,8.230209610839003
12738,7.870321719588414
12739,8.545308162867615
12740,4.855927695701761
12741,2.201032189225456
12742,5.927748527837444
12743,8.515045900748019
12744,6.1058645859833955
12745,8.868749271035774
12746,3.8889236354238466
12747,5.784997446314985
12748,6.252148593210449
12749,4.289540328997017
12750,4.735652034606981
12751,3.370604053263763
12752,7.0898436936276195
12753,8.014280954484173
12754,2.8949042967682583
12755,8.876609532932838
12756,7.2634820929354245
12757,8.490703145749727
12758,5.0877996438298485
12759,6.629820087825409
12760,8.236765035737443
12761,3.907682993332615
12762,8.955617554009951
12763,2.0183291252473623
12764,4.440655747813862
12765,7.0117098146602945
12766,8.047707814785063
12767,4.982094120715455
12768,5.543342988308535
12769,3.6108058110092847
12770,6.779335446473655
12771,6.6263177092593235
12772,2.349751754829409
12773,1.373718757143421
12774,7.933737632564157
12775,4.973853508838861
12776,5.867223366157965
12777,6.969797725426212
12778,8.228902636165746
12779,7.781523633018506
12780,7.414306410345841
12781,3.829299854869402
12782,4.472151042030307
12783,6.992516994472029
12784,6.0098154714062
12785,4.131373977640202
12786,6.75985437530344
12787,7.6685738577888936
12788,3.842054005589333
12789,4.525326622352412
12790,8.853610825400041
12791,6.3618121867148245
12792,8.780452162171155
12793,6.919916041489814
12794,6.814759302037855
12795,7.119407594904279
12796,8.255391815978141
12797,4.397223717854
12798,7.203872492606261
12799,5.520652201625324
12800,3.0166018774934207
12801,6.010109317992332
12802,8.590029011740953
12803,3.8321930584423476
12804,5.3186246621417865
12805,3.2120197063405445
12806,8.30524641306094
12807,4.9452704802488725
12808,4.5029366356415235
12809,4.499069725811659
12810,5.65594452518247
12811,7.7098939985290915
12812,8.677849921596572
12813,7.808870839204996
12814,7.85621620551784
12815,7.345416274081398
12816,6.308032482880288
12817,4.98776218212284
12818,9.017690439726213
12819,4.704217711297391
12820,8.372788536495282
12821,3.3418944394273997
12822,5.685352921570015
12823,4.754060223843281
12824,9.57843581998116
12825,9.143754441274496
12826,8.523550436286282
12827,6.118246728812645
12828,6.506491502139698
12829,6.324626468380115
12830,9.003856200585226
12831,6.467404767741042
12832,5.562432567123012
12833,7.840901078498364
12834,7.177574601051544
12835,6.425322664077515
12836,8.728486558172218
12837,4.8467234798925425
12838,6.567195320647345
12839,4.217326962751767
12840,8.474724136789145
12841,5.294445279186787
12842,4.409766034308102
12843,6.9554086945383355
12844,5.62937140624041
12845,2.048677433586062
12846,7.627658636532329
12847,4.239739946916421
12848,4.876228237444571
12849,7.10822609718605
12850,7.061910009566869
12851,4.20485392313738
12852,5.801237717930787
12853,5.823376425514864
12854,2.9182420740004678
12855,5.365539091359336
12856,3.987307326598157
12857,4.4553475984496425
12858,5.215349549904878
12859,5.005064106585312
12860,8.662038589172266
12861,6.883632200094777
12862,6.394765890028793
12863,8.862242923090266
12864,5.208139850141385
12865,6.28832512234414
12866,7.600180562337372
12867,4.745377791004576
12868,6.442121062704081
12869,8.594668316355635
12870,4.682170283446758
12871,6.954584986923328
12872,4.450397953045147
12873,7.791473680932806
12874,4.900258559772489
12875,1.9734469192130835
12876,7.953730123535767
12877,4.894068903366663
12878,5.023400794788524
12879,8.851984923426054
12880,7.131918453405334
12881,9.393214796679995
12882,5.762892138884859
12883,7.982225857188814
12884,3.8973310055592045
12885,7.688735138367109
12886,8.231913055950864
12887,6.574402211418021
12888,5.453446278000516
12889,8.370999431292633
12890,4.19728135120906
12891,8.585006884275334
12892,4.487248660190409
12893,6.926189105740152
12894,3.4162982655745378
12895,5.722949740427614
12896,5.809583946040876
12897,3.372407851355725
12898,6.741511836514542
12899,8.256675330653318
12900,2.0594905043321456
12901,7.65865007790492
12902,6.5119858700617
12903,7.490170607987405
12904,4.617561720268409
12905,9.180116985970997
12906,6.808112968092168
12907,1.929473136501306
12908,6.509400868489815
12909,3.5487126352664755
12910,8.938794675160514
12911,5.766891053307035
12912,3.014102129107291
12913,6.421734617187208
12914,4.546287192646601
12915,5.125396389319938
12916,6.671528965432118
12917,7.879505113454374
12918,3.43019623116359
12919,7.202589616936866
12920,6.2592779523071345
12921,4.450571408378041
12922,6.659843290752712
12923,5.812574262969602
12924,6.585700753085056
12925,2.227897677316056
12926,5.098648329679763
12927,6.257774147083778
12928,6.7241546569886665
12929,8.345664889470774
12930,3.741080696891438
12931,5.069948191876697
12932,8.565287266127648
12933,8.495254187416919
12934,4.815666852655871
12935,7.620910867141729
12936,4.781256597676369
12937,8.088652271637635
12938,8.262077536145977
12939,7.047306285955212
12940,9.315573230741954
12941,3.6447310032604867
12942,3.8528605164262224
12943,8.709023507262485
12944,6.596074465408259
12945,6.305998629789228
12946,7.550720368186511
12947,5.651757150896107
12948,4.733593435835901
12949,9.015019911677554
12950,6.497458498849832
12951,2.049313395766531
12952,5.379769897894605
12953,5.9235364643713435
12954,8.962686269803626
12955,2.2359362365999447
12956,5.273367772966804
12957,6.425924312541551
12958,8.451753972266516
12959,3.7663079276721287
12960,2.382165237683466
12961,7.709946373802768
12962,5.162193324028603
12963,4.824415459431319
12964,7.508340904675968
12965,4.727956361585308
12966,2.724759092613316
12967,5.164629210807886
12968,4.838735415308163
12969,4.5396581460061265
12970,6.17995271272003
12971,4.4008452980108554
12972,5.607317468612886
12973,6.933820823412049
12974,3.1018181061884387
12975,5.6522625663156765
12976,7.516003588227661
12977,2.9152429357060607
12978,8.305092632052327
12979,8.159024132234482
12980,4.961829558649877
12981,2.719473304314861
12982,9.748741688039217
12983,6.589524038115326
12984,5.367082381386466
12985,2.908479476469891
12986,8.057988624608152
12987,8.039171434160352
12988,7.521461000791097
12989,4.54639544421476
12990,5.926066438586291
12991,4.391569654306599
12992,5.173919572320734
12993,3.8874299543298045
12994,7.087718317345442
12995,6.448357796987299
12996,4.272453150902835
12997,7.214034898173684
12998,6.529744584488081
12999,5.8584471955699104
13000,4.442008243585225
13001,7.4957791535905995
13002,9.246083478663335
13003,4.794094830260778
13004,8.696214781569225
13005,1.3281763271042069
13006,3.8841748695397307
13007,5.524958970305814
13008,4.576991964726892
13009,8.721529064448061
13010,5.162611855541158
13011,7.154497695162271
13012,7.966477504058866
13013,5.198731843065991
13014,5.558055466834328
13015,5.935126535289101
13016,6.693225942825682
13017,6.1291843051482
13018,2.590028522286262
13019,4.535496886659133
13020,4.4890296060821715
13021,6.935346282938571
13022,9.325359861844031
13023,6.241983213292878
13024,4.901383286364894
13025,5.714606799098577
13026,5.312573498198601
13027,7.865087789156297
13028,7.459445701130422
13029,4.530474579546693
13030,4.4567649529462505
13031,4.711954526294434
13032,3.474676300778155
13033,6.533442371552524
13034,4.296821413398493
13035,7.589463033602215
13036,7.394652583835908
13037,5.35635737268286
13038,6.7076565301199755
13039,6.2871972570905
13040,5.000194628533585
13041,2.8686316596749752
13042,3.407828633720873
13043,1.7294537467924114
13044,5.601819472436644
13045,4.813955937822926
13046,5.204715352900826
13047,8.749791301344525
13048,7.709997440270286
13049,6.924350167787522
13050,8.460540707564132
13051,4.104981606456162
13052,6.47110491440089
13053,6.762039010957933
13054,8.812580501455837
13055,5.147287385729982
13056,3.4277020232920705
13057,2.1372989049037363
13058,6.764918515220564
13059,6.12723613259572
13060,6.150500307819391
13061,4.474002001536324
13062,7.179945665334353
13063,9.368999685910142
13064,1.9423604500691036
13065,4.706978412838636
13066,7.143827105097403
13067,9.312547857441269
13068,7.648600069751785
13069,7.709354008680707
13070,5.3232759294786876
13071,4.624046704092889
13072,5.7488567211605375
13073,6.572379429424364
13074,3.796505736085757
13075,3.5361133597499124
13076,4.626183982541458
13077,5.834267076934135
13078,6.330810696332275
13079,3.9119961465268878
13080,7.5119413010073774
13081,6.001116815473307
13082,4.2518944780328205
13083,3.4832541175018186
13084,5.038393932907059
13085,4.315160594202442
13086,5.805631652708949
13087,3.2966538872011184
13088,3.3078253341373562
13089,9.132618305948034
13090,7.549492842984538
13091,8.097270008573675
13092,7.671789708694625
13093,6.000088510523743
13094,2.879467453074043
13095,5.303511895526542
13096,6.217984204879382
13097,4.193035218125914
13098,6.445211377626833
13099,8.109435828674535
13100,4.000324683688474
13101,5.2670644467005205
13102,1.4634489545305742
13103,7.110464076807752
13104,6.5566750212440885
13105,6.884833543535136
13106,6.138495314460434
13107,3.5607990778135648
13108,8.491987892595619
13109,5.538184364796992
13110,4.593541899332913
13111,5.635427461450761
13112,7.546080148984981
13113,6.0432960414435435
13114,8.743985154428207
13115,6.369118798444474
13116,7.941286323387331
13117,2.3322825316252893
13118,9.859853635707541
13119,6.5135813027102865
13120,2.7282643686797896
13121,5.383492220869959
13122,6.929113942404024
13123,5.563972313814237
13124,4.208192085876389
13125,5.087848640825684
13126,4.26220836014781
13127,2.2391360595824765
13128,7.6594555080868005
13129,4.4657081172250255
13130,7.218687612428716
13131,2.3339910675227085
13132,5.7983251285932065
13133,5.337622863239366
13134,7.220765664303379
13135,5.090290843520604
13136,2.2737110954971222
13137,7.251231715853244
13138,6.703250141576528
13139,4.831839761788971
13140,8.664572299737998
13141,6.8023991682876295
13142,4.359685511773032
13143,8.419572045568447
13144,7.687486348105502
13145,6.059620867283046
13146,7.26794689761765
13147,6.652678440657879
13148,6.425781898133812
13149,7.319567444534276
13150,3.788889195814163
13151,2.6222848355444657
13152,7.185376540821956
13153,3.582585465159672
13154,4.282973749231882
13155,7.215580706051336
13156,4.9432959452165175
13157,4.417666696083613
13158,5.079160149084983
13159,6.664561922780628
13160,5.8237245705315495
13161,9.829436350164169
13162,7.901878983930587
13163,4.490879290539516
13164,7.610893595665089
13165,4.476531151200482
13166,2.8259401161716258
13167,6.317793194401799
13168,2.6681588010309576
13169,5.827059062639528
13170,7.494467827844227
13171,7.203850129340024
13172,6.274586334873986
13173,9.216684668682797
13174,6.784607254949264
13175,4.608883737706533
13176,5.795400523694391
13177,7.892058043932636
13178,3.333366417590849
13179,8.545551725964039
13180,4.43991113708531
13181,3.1137643200364
13182,7.98076414867197
13183,5.801968452537363
13184,6.763318964849785
13185,7.565588098690679
13186,7.957007578353689
13187,7.1712179127495705
13188,4.4402844709015366
13189,4.626029738668659
13190,6.00003405582308
13191,3.727109894689019
13192,8.64235778560643
13193,7.606716252735212
13194,8.276564492550648
13195,5.634153629852687
13196,5.367155395622994
13197,6.283129136054531
13198,7.144131493257154
13199,6.144202235036847
13200,8.71998312177736
13201,2.5611445422301196
13202,5.4419377104818745
13203,6.816898994223349
13204,4.740379388938361
13205,6.158281751941981
13206,4.206074061401256
13207,3.4202421786222925
13208,3.6652725036990668
13209,2.6265969697645457
13210,2.696423158334941
13211,2.411697957372399
13212,6.720301058864862
13213,6.7914208253798485
13214,4.825822293256346
13215,2.726753430757197
13216,6.248850372161471
13217,6.143362744499808
13218,7.846833446247965
13219,5.267261814280858
13220,6.635240046217578
13221,7.05653529160711
13222,9.422156105053707
13223,4.921306420350357
13224,4.2430946346777665
13225,7.391366824406077
13226,6.152597295947158
13227,5.401553878090689
13228,8.416239680029353
13229,9.028224762507863
13230,6.2146105471844395
13231,3.9646632698875357
13232,7.5805540439131285
13233,0.536080811663191
13234,5.5268256905766115
13235,6.786581224895564
13236,6.291110935116441
13237,7.210229043659491
13238,5.415763673385452
13239,5.010488954534467
13240,3.6155929717851416
13241,7.882643723007425
13242,5.015994556345062
13243,6.462758689411359
13244,5.733802376070789
13245,4.7655596285070505
13246,7.53225237515472
13247,8.368708230311992
13248,4.6514335582731885
13249,4.673252237511655
13250,7.827152444589371
13251,5.075451407976408
13252,7.7787723910556625
13253,5.681865790991509
13254,3.5405018500803713
13255,5.608580531891728
13256,6.817369317350458
13257,6.984587047854315
13258,7.649230776828934
13259,5.23675814177599
13260,8.399221071274091
13261,9.405765585077248
13262,4.571410493596593
13263,6.4969300342070335
13264,3.2522600180125685
13265,5.800873482131953
13266,6.306674518026148
13267,4.079681831042305
13268,2.6833968184546926
13269,7.294235793964354
13270,7.411409992019118
13271,4.981017978771834
13272,8.255096367789031
13273,8.071773998620618
13274,8.15781873004059
13275,8.185490063115115
13276,6.434565771583219
13277,6.65001133745282
13278,1.2553462608028223
13279,3.5244300496115115
13280,5.827061320739769
13281,6.329736666215158
13282,5.4522923331770095
13283,4.900515784796097
13284,4.541427978224975
13285,6.869490618353765
13286,6.6107932066714366
13287,6.856677987488375
13288,4.930327295754642
13289,7.263251779920406
13290,8.667633405622833
13291,2.5880190441803017
13292,4.791563421273413
13293,3.6472707043503174
13294,6.704713286746651
13295,7.720535100186031
13296,5.780652146707249
13297,5.8958128391930185
13298,7.950124465209684
13299,5.714680612652291
13300,6.127916650409056
13301,6.292045984927865
13302,4.67097074776397
13303,7.225874559219205
13304,6.071894794863877
13305,4.160597573669698
13306,5.754269058546092
13307,7.11953942040173
13308,4.760911878000042
13309,2.619547780986992
13310,3.3718368425862666
13311,5.489366532148944
13312,1.1474730169368028
13313,5.451553524394578
13314,7.858474979894222
13315,8.907336524537687
13316,4.3548467661272
13317,3.0798622270166724
13318,5.332806594931365
13319,5.868210119320243
13320,4.683470942724144
13321,6.114782917153942
13322,7.463326161796784
13323,7.561333372045507
13324,6.844654159331731
13325,3.1229069499156843
13326,8.143341522561547
13327,7.070677759657139
13328,6.487977213805927
13329,7.0548183234219035
13330,7.051634853765604
13331,5.707900576894522
13332,1.8582365259047071
13333,5.2753797016253205
13334,2.6162987947680443
13335,9.859251447059092
13336,2.043398028819005
13337,7.224484107888715
13338,8.436293744924392
13339,8.499175094486468
13340,7.896409910344534
13341,9.22184655828621
13342,5.858246856066535
13343,6.383250273209855
13344,2.8918066555726196
13345,3.624264684205591
13346,3.3478367569763954
13347,9.158416502509853
13348,4.16553989022926
13349,2.709117720738838
13350,3.2512753925211477
13351,2.4051403036437367
13352,5.45911152472716
13353,7.977302300254324
13354,7.949251526709355
13355,2.973069134345476
13356,7.389108285376432
13357,3.705512824024975
13358,8.218486576612655
13359,5.191326973753522
13360,8.49289452263472
13361,6.65065525395603
13362,4.32407929607259
13363,6.710465325136144
13364,5.230175565663528
13365,8.522475471167633
13366,8.299153855860796
13367,4.9776881568674956
13368,5.397259634662781
13369,6.540353318099569
13370,4.345400364499653
13371,3.5495708285821723
13372,3.592638714455244
13373,8.046004943988283
13374,6.773333417574645
13375,4.177044568720554
13376,4.780610675300445
13377,6.442609118539843
13378,8.729918906301974
13379,5.267855907046636
13380,2.1366896998393803
13381,8.42458222602881
13382,3.9264563022030488
13383,7.515998082099684
13384,3.5126602913078697
13385,7.6182938671591405
13386,3.277306616574808
13387,2.7348190739697023
13388,6.2646325076917115
13389,6.253450545454893
13390,8.697190902428574
13391,6.797916554193328
13392,8.12187196958903
13393,4.858985719828682
13394,4.828922692873171
13395,9.026504123369286
13396,8.804812527687222
13397,8.182788425234818
13398,4.562597809193224
13399,7.026882784746293
13400,7.553240433347489
13401,5.583320794337219
13402,4.083902836670316
13403,8.56550548458553
13404,5.606640881274085
13405,9.90869756136642
13406,3.8642986938735793
13407,3.3041317133783075
13408,3.24110835722401
13409,7.614988098784839
13410,9.211818084818232
13411,5.5740373844564255
13412,5.9405141792910054
13413,8.503552002438074
13414,5.5430351201436245
13415,6.935468350922017
13416,8.445730374538195
13417,6.022886825171596
13418,6.5836065591526145
13419,7.109719461536751
13420,6.957114871815436
13421,4.8366225761768415
13422,5.173506958703354
13423,6.531596108677862
13424,8.359058113950814
13425,6.402448919044704
13426,5.832944651673798
13427,6.501972423082796
13428,5.1735030407929665
13429,4.137031324901358
13430,4.002416120612459
13431,7.4923236050932
13432,7.330373682831554
13433,5.086903970744018
13434,6.042141836433153
13435,6.3737627482613215
13436,8.879264544703114
13437,1.7323821962207706
13438,2.5529722832610062
13439,9.695453306283117
13440,8.061156781001126
13441,4.626770565732177
13442,6.684115246113421
13443,5.613119316496429
13444,5.5834135274959795
13445,6.775158645917569
13446,9.130576863195293
13447,2.0422547840539145
13448,2.857594633002974
13449,5.507326434533607
13450,7.802799818461658
13451,5.599281623464336
13452,7.771311968688806
13453,4.950435607342147
13454,8.337188982584248
13455,4.805484586101839
13456,2.7824322645932567
13457,7.925729301509078
13458,8.347553725931425
13459,7.120222896592653
13460,6.367080788275547
13461,4.205168909234972
13462,5.491660533925079
13463,3.0949757366082244
13464,4.320500214110954
13465,1.4792838346746366
13466,8.035200893629206
13467,3.8948867815892454
13468,7.017865891859687
13469,4.699259168148037
13470,6.233083992462039
13471,5.1562465195814
13472,3.4132895956679463
13473,7.357275212902222
13474,4.422903984466766
13475,7.889719401183151
13476,6.604641477684862
13477,3.7412803168579667
13478,3.606129308146538
13479,5.181977279976594
13480,6.264432745186727
13481,4.601812746407671
13482,7.458196281473965
13483,7.5958273208583
13484,5.927094083037527
13485,6.912567989793148
13486,5.695468272141577
13487,4.33593926891548
13488,3.1840782162006915
13489,2.5154412869094287
13490,4.1630930711381104
13491,5.820925408040336
13492,6.479824621123866
13493,7.501380725622082
13494,4.309847786023297
13495,4.392204420068014
13496,4.913397017099909
13497,6.110352406814212
13498,6.183096611086454
13499,7.716272782579565
13500,4.600276317451037
13501,6.763532892959759
13502,4.9530867544264074
13503,7.048552354001004
13504,8.243830829919915
13505,4.115977110379088
13506,9.131088424082677
13507,3.436529576758694
13508,3.447014765409006
13509,8.408144255941687
13510,8.140694901964961
13511,3.93937994180835
13512,6.7417972264588935
13513,2.5746504304904407
13514,8.157289735956207
13515,7.846360220495939
13516,4.35476156142291
13517,5.904881005222656
13518,8.642238441643856
13519,8.678162510795794
13520,5.84777895674353
13521,5.596783408261908
13522,4.1829082323256355
13523,3.966088249525715
13524,6.15999417404238
13525,5.997214095648854
13526,3.075967922157594
13527,4.16100566256984
13528,9.238986339517147
13529,7.4783524437188955
13530,2.0636535699941003
13531,6.5593935363012
13532,6.878772111656784
13533,2.943135556825936
13534,6.003070855290566
13535,3.025426847103397
13536,5.105965341301976
13537,4.755473362599616
13538,6.33139848666387
13539,4.024236461080063
13540,4.43993099996989
13541,8.48383815814709
13542,3.6757466603012885
13543,5.285579688961035
13544,5.384974469242977
13545,7.4198450687842215
13546,7.7196261997742015
13547,8.184425892615604
13548,3.9524531913415553
13549,2.782679455835787
13550,4.905072263147947
13551,7.6314107669155735
13552,6.530579983655064
13553,6.794035620063583
13554,4.027447549989237
13555,6.882974845324983
13556,6.328809275135749
13557,9.646344732753503
13558,6.86533268219547
13559,8.925356327107036
13560,5.781714949732744
13561,4.30439080067511
13562,4.99817773283619
13563,6.837875702177572
13564,6.80492580311129
13565,6.268086562191084
13566,4.316805717351377
13567,5.617983340069367
13568,5.169453654777066
13569,2.3562572067797105
13570,4.869314206728522
13571,6.330231408082803
13572,7.222675067305951
13573,7.330660459946062
13574,8.815631780622837
13575,7.911260683142586
13576,6.2420273293633
13577,8.894492389593701
13578,2.735680349729044
13579,4.30990761952217
13580,3.7636910805260286
13581,5.808219021029984
13582,4.580656822340671
13583,7.552624002820991
13584,6.958199157045822
13585,7.88347282433893
13586,3.0324622811515276
13587,8.18748168951505
13588,1.3752017672201067
13589,8.553545554297106
13590,5.084422951357036
13591,5.8984574207214155
13592,8.81118275616374
13593,6.487255304060987
13594,5.245108265027978
13595,5.335573560841137
13596,8.336067755453643
13597,5.180891284495518
13598,6.483183007855295
13599,1.74391873230143
13600,8.050578468584332
13601,4.636578285057392
13602,9.219876997105972
13603,3.4328146139674183
13604,7.611946207267058
13605,8.135540902964358
13606,5.473134980658951
13607,4.241200594818184
13608,1.3410246800452912
13609,3.2992046234181553
13610,6.493667804913052
13611,5.1843687746662015
13612,9.568199095330709
13613,2.2197199464728277
13614,4.955578413482381
13615,4.629982445470649
13616,4.24136406222253
13617,7.319473408465533
13618,7.833140670172931
13619,5.926785840465561
13620,3.280831460899004
13621,1.967888306615265
13622,6.041842167221604
13623,6.762268940914808
13624,10.065049136219766
13625,5.381500200037214
13626,6.205670262792479
13627,9.090940726475116
13628,5.180884292174738
13629,3.589776906894563
13630,4.016519558144308
13631,8.798307536124039
13632,5.503207839297966
13633,4.739223374459824
13634,6.743501920038539
13635,3.890501909915765
13636,6.419529210471964
13637,7.16248830517395
13638,4.535074392128518
13639,5.143803861732708
13640,5.450652225704211
13641,7.277856123653933
13642,7.328321584445002
13643,6.659940864909332
13644,3.4253769214850895
13645,3.7712408350978404
13646,9.243379052211612
13647,3.7719890699227445
13648,9.14434139414536
13649,4.7914732013570696
13650,5.1008030109802
13651,7.493964080802829
13652,6.664584548907429
13653,6.539179875927579
13654,5.469966426072823
13655,6.498127777398671
13656,4.749924680076758
13657,3.9619160562104523
13658,3.0024348799818914
13659,4.898405183747766
13660,7.371425890273423
13661,7.5846991613760055
13662,4.5788695906085515
13663,4.966730043116351
13664,7.416123987944287
13665,7.422444927644708
13666,6.831722405054857
13667,6.9323444907334775
13668,7.376434314157637
13669,3.1002668245588803
13670,8.36918775039571
13671,6.398639379355103
13672,8.531160378006744
13673,7.062557796460793
13674,5.24223118387431
13675,5.826260075080217
13676,7.418021060598344
13677,8.662693042909828
13678,6.700421964164087
13679,3.408406438412698
13680,5.156845971152845
13681,5.484557405637078
13682,5.351796554323097
13683,7.519745039539183
13684,5.427709146735636
13685,6.250507296500783
13686,6.071568553902619
13687,7.147305689094279
13688,6.822451020293885
13689,7.165749178564668
13690,7.6312925455268035
13691,8.430696139798526
13692,4.500665453000648
13693,7.314106661214322
13694,5.020587946333116
13695,6.3165271863138015
13696,7.695455655424437
13697,8.2676313395742
13698,5.149783208277529
13699,6.250012037822662
13700,5.172328578503804
13701,3.762402872869395
13702,4.415102261572544
13703,5.448336794074413
13704,3.1196155578818243
13705,4.745868316360892
13706,8.489071568232193
13707,5.582314704798229
13708,7.799065223940446
13709,8.434284963807203
13710,5.8638915859742795
13711,6.723563397715817
13712,4.7729876183804105
13713,6.387626482115738
13714,4.840161882796906
13715,6.34424092950062
13716,6.174372384274954
13717,2.12013978163805
13718,4.36170127286628
13719,7.071839945426557
13720,8.132359014617771
13721,8.998496080141916
13722,5.0977043789684915
13723,3.6465484164720907
13724,6.880237118270953
13725,6.322010486160712
13726,1.6211989735451695
13727,6.768149286946252
13728,4.411459919448023
13729,6.738603687533814
13730,8.043931507156177
13731,6.7489766927396335
13732,4.153303446490667
13733,8.809282561481398
13734,2.4916367316852503
13735,5.294638287555412
13736,8.235699396805693
13737,3.6508339649014334
13738,5.244264322579437
13739,4.363927698837631
13740,9.592210583789619
13741,5.692470127087084
13742,6.905766179275834
13743,7.631209995467961
13744,5.909213132455148
13745,7.999602980657769
13746,6.821423210244562
13747,9.216554622408005
13748,5.620022815837356
13749,5.194353412970086
13750,6.005574060010171
13751,7.888894477030805
13752,5.2842353177654475
13753,8.27218555612309
13754,5.342740038969977
13755,5.8501837028247055
13756,5.1976008833534
13757,7.006048620767544
13758,5.109667368129242
13759,7.074254199044329
13760,8.516807773721851
13761,9.364703424747088
13762,4.831257355535626
13763,6.956046141690813
13764,5.760982218824502
13765,3.8994576001337493
13766,7.806235752159361
13767,4.062586888697458
13768,5.074003472694666
13769,4.478539695362361
13770,6.509659404420802
13771,1.4899631021497335
13772,6.9909209149400455
13773,8.426698563176927
13774,8.815424224829897
13775,4.416880752793762
13776,3.1348721320259703
13777,6.724028795168079
13778,7.571172199400949
13779,7.69515424793613
13780,7.457606696296818
13781,6.4759202095063815
13782,7.464098659058541
13783,6.505371878473479
13784,9.29052756479689
13785,3.5791057239431843
13786,7.309907523624967
13787,7.299271799879064
13788,6.203150772461182
13789,6.372840555323009
13790,5.242129536371898
13791,4.703274101308172
13792,6.993029257492245
13793,5.6929614303763
13794,4.897147812490943
13795,4.873141260993677
13796,5.189817404016642
13797,4.374919726435241
13798,6.008191368327627
13799,7.435847516838574
13800,4.743845905111425
13801,3.7336795935480454
13802,6.063977957860781
13803,2.5208805249084274
13804,3.949698769093481
13805,2.6321955110807362
13806,8.217337881677926
13807,3.9654669707502284
13808,5.327560789954055
13809,4.467781161581685
13810,6.865471111620828
13811,5.772286702747347
13812,7.201078183702977
13813,7.927402966170151
13814,8.57899345927742
13815,4.270603783405166
13816,8.491716210677183
13817,3.4172295011858385
13818,6.335340823593804
13819,4.779117802772957
13820,8.10085344195049
13821,8.885472444023295
13822,7.025324384899879
13823,6.458798645893113
13824,6.343738133586822
13825,6.750991404307601
13826,5.307829057679257
13827,4.551607548519055
13828,6.148791218372885
13829,7.9325431032736216
13830,3.491620240395846
13831,7.617260525967019
13832,7.7363501778406984
13833,8.236939521783524
13834,6.228235315427278
13835,3.051930135189829
13836,4.539231390812461
13837,5.773275603726023
13838,8.532374624991848
13839,5.937145507075951
13840,5.181590280654293
13841,7.998989735309544
13842,8.095884583153364
13843,8.547533224159846
13844,8.690652620152827
13845,9.423796482773596
13846,2.328782730010114
13847,6.670184941172363
13848,6.365455400070682
13849,4.637934032292073
13850,4.678108322347668
13851,2.0762231837679206
13852,4.586784512701923
13853,9.473559335302022
13854,5.275399703104525
13855,7.259399429563758
13856,3.3057030929331304
13857,7.18194302334452
13858,5.511516926047941
13859,7.840118817402285
13860,8.776502480456386
13861,5.179558076043635
13862,4.431028937728258
13863,8.815164410115232
13864,7.309610367540181
13865,5.754784714849962
13866,7.276335710036932
13867,4.254265842230193
13868,5.113855955493824
13869,8.181117184112214
13870,8.852947188487128
13871,8.848394198194562
13872,5.639005939062541
13873,9.718769253539325
13874,7.4064653923235415
13875,9.211113626411919
13876,6.778382808833118
13877,6.1799975009464605
13878,5.917271298567623
13879,5.445678949292997
13880,7.735567751417902
13881,6.018291769115016
13882,5.607668287018679
13883,7.825087282089138
13884,5.866551206819355
13885,3.671329561103428
13886,6.328282636846689
13887,7.374462826639118
13888,8.165333768089264
13889,8.109233832425899
13890,2.914475051630449
13891,7.49522545377595
13892,6.2817436375020295
13893,9.372148794471377
13894,6.928588079584729
13895,6.846723749710407
13896,5.716446256316771
13897,6.93982739185861
13898,5.009575428084657
13899,7.262191542593857
13900,7.041752443772672
13901,6.749526048171112
13902,2.1634627599203204
13903,7.097704380769634
13904,2.9144209693464975
13905,5.252004714352877
13906,6.03387062268626
13907,5.8166087915464155
13908,7.611468043737191
13909,7.730841209460078
13910,6.659646984791757
13911,8.143614667270686
13912,2.4372902829883354
13913,7.186185993159642
13914,0.6856824748633317
13915,5.838343342273101
13916,7.546306867850797
13917,7.780161931632197
13918,7.756673246916651
13919,7.437398792959688
13920,6.368322807875651
13921,2.501050733476294
13922,4.930841722291059
13923,8.503729144302131
13924,7.110282062607646
13925,5.751000789868148
13926,7.464428223489966
13927,8.330975462045927
13928,6.713116374938835
13929,6.241053510923812
13930,6.569363345318746
13931,6.833039428077246
13932,6.635347582300605
13933,6.163345861898482
13934,7.0853853563033535
13935,2.9340767480594274
13936,7.427983228164559
13937,4.462174091638685
13938,2.6044827739500485
13939,7.301271283535899
13940,6.722524481137007
13941,4.35211658959204
13942,3.904786351189485
13943,5.429596354614614
13944,6.809638226346005
13945,6.534914965004481
13946,6.409584680622799
13947,4.4997124425711785
13948,8.605678857385909
13949,1.865636067490457
13950,7.355339082262684
13951,7.275833177382067
13952,4.267715906059802
13953,4.9909210369426384
13954,8.179296759450354
13955,3.887194670528883
13956,1.8264199050625471
13957,1.889777830044511
13958,8.32601734330672
13959,6.256126894985645
13960,5.572852234241779
13961,7.158843922796176
13962,5.66746094835198
13963,8.391256524855937
13964,5.292127935171799
13965,4.283964506218536
13966,4.998349399298614
13967,4.3600670549742615
13968,5.960902663554122
13969,5.722961804767607
13970,9.104534618165548
13971,6.190413782253867
13972,9.074508521130907
13973,5.756236549227275
13974,1.7729385724653905
13975,6.359989045545724
13976,7.294961869867038
13977,6.229610617377622
13978,7.142062654781557
13979,6.7591570919958475
13980,8.545511516961263
13981,6.632617272306234
13982,4.759904295365264
13983,4.848263757488915
13984,2.878661175643246
13985,7.550563787666047
13986,7.719830933846843
13987,7.444178739143183
13988,5.645364454093926
13989,6.797972364061765
13990,1.9573222822348049
13991,5.156661304724762
13992,6.605392280576331
13993,7.054374447204766
13994,3.2034493402986346
13995,8.033844723644457
13996,5.748045418417105
13997,6.754967120675631
13998,7.360097079431936
13999,4.319440117845742
14000,7.548178306262063
14001,9.03625337531022
14002,5.5888876188758365
14003,9.016175054507611
14004,7.622068995654454
14005,7.131597215906279
14006,2.68252826259004
14007,7.967461277226141
14008,6.92620045333865
14009,3.376170306876215
14010,8.291065281873136
14011,3.2346145614811137
14012,3.762225969039708
14013,6.684650847051865
14014,4.07851677056407
14015,3.3042088139302384
14016,5.490520572715787
14017,6.0704043692135885
14018,6.096181817444412
14019,8.482590589604868
14020,9.23141062663451
14021,8.23602402935278
14022,7.102363011177749
14023,7.083248167865573
14024,4.87042706459229
14025,1.4260646274783069
14026,5.764574801528521
14027,8.399830463391481
14028,5.960069171652263
14029,6.245058571736801
14030,4.728470957880426
14031,1.9693979758425373
14032,4.3805058866335855
14033,5.153617918722244
14034,7.924654741749835
14035,4.20971460230515
14036,8.48971388772215
14037,7.551279574607688
14038,5.866348380600827
14039,7.699692873805431
14040,8.33689965472638
14041,4.843286393038453
14042,5.334784350509376
14043,6.133742562430361
14044,2.678337205404971
14045,3.9728834163194855
14046,5.05682823052322
14047,4.425332731709393
14048,8.500468655211055
14049,6.528682994540727
14050,5.014527690953509
14051,7.509193788469753
14052,6.044810649574734
14053,3.2352033510350227
14054,9.172390903685463
14055,7.20565690806961
14056,6.923932136020403
14057,5.2531158923782675
14058,5.059143070324353
14059,4.374849951504293
14060,1.294647238113778
14061,3.9385707872298688
14062,4.423986448269335
14063,4.455129946854118
14064,2.3885117210141287
14065,1.4993674746246342
14066,8.736771495992713
14067,1.6838891782678882
14068,4.3851995020590735
14069,6.287389026729165
14070,6.7616854705042
14071,4.918309932770816
14072,4.707771201081484
14073,8.170901944216336
14074,5.284990104963001
14075,4.873298490068787
14076,6.8739464693146655
14077,3.2823697954711792
14078,7.293580181303612
14079,6.235454888044904
14080,4.327929459513761
14081,7.716516930072321
14082,5.772748418442895
14083,5.30465483131221
14084,2.4649188466387226
14085,5.5758788354273126
14086,5.742085121430117
14087,8.20650744901937
14088,6.006418747323406
14089,6.240527081101886
14090,2.1659499881618216
14091,6.77365572686867
14092,5.854903390975296
14093,2.6793074542038857
14094,4.583936621037927
14095,7.039872035618508
14096,7.5800633400522495
14097,6.092009670192534
14098,7.113551280560301
14099,7.8378575942923066
14100,7.556414701184581
14101,4.559382306437305
14102,4.135601750948288
14103,7.662413358929767
14104,6.545584868916817
14105,5.536978421530454
14106,5.110645542277206
14107,5.5111468600215385
14108,4.588770839613932
14109,7.494977520487096
14110,4.3984841912854975
14111,2.57753088704952
14112,6.034661932494319
14113,5.187167204258604
14114,9.932449572263428
14115,6.3575188426473
14116,6.265168428838655
14117,8.491370943229043
14118,7.0237910647734285
14119,6.181583938613607
14120,6.209400929715304
14121,4.01683354432796
14122,3.662733825599574
14123,4.996863439155337
14124,5.204831147642286
14125,7.986033418509401
14126,7.06936714593782
14127,8.081695891546493
14128,4.947410352917464
14129,3.429496790789478
14130,4.288745580797562
14131,5.990528980020621
14132,7.0989728025858065
14133,9.84518059595983
14134,6.385972838807688
14135,6.24854686395409
14136,6.666983324779867
14137,6.4120961239075305
14138,4.3151275799414694
14139,7.619764048612947
14140,8.744301375777022
14141,7.829658504466087
14142,6.199902598813406
14143,6.175090078723252
14144,6.1502319573154445
14145,7.813998709584579
14146,4.368041344575224
14147,4.581012734001534
14148,7.8983792270132955
14149,9.495564004471762
14150,3.24042313440347
14151,5.464240578447682
14152,3.0528396039963908
14153,9.601079885006957
14154,6.357045100262822
14155,7.372209389990121
14156,7.828532326305972
14157,5.861429547399244
14158,7.263138711671448
14159,5.2633311078954685
14160,4.154371960120876
14161,7.191917252497484
14162,4.5079918001531425
14163,4.809625965810066
14164,7.9810751589588005
14165,6.739847245319673
14166,6.876017166671881
14167,8.88052308769021
14168,7.0187199315283095
14169,9.339418490080927
14170,6.378584739040285
14171,2.2912992928719333
14172,4.148115295338215
14173,6.57436932483525
14174,6.501647873347613
14175,4.9242259410747256
14176,7.245599981943052
14177,8.558249862376655
14178,8.19440339860865
14179,6.952566761557867
14180,4.60214117602782
14181,8.541824741980658
14182,5.565248954501089
14183,7.255393165621373
14184,8.2419319929706
14185,5.854523610505033
14186,6.580833843093775
14187,5.802226550588552
14188,7.05519349623078
14189,7.484970184913605
14190,6.031332630906044
14191,8.125167260422113
14192,7.695403191185813
14193,7.351368173895588
14194,6.9111480370991005
14195,4.738540476616639
14196,7.375592892772117
14197,6.115155184050077
14198,5.277388726530833
14199,5.3598628864846045
14200,7.331141165530798
14201,4.043822272192509
14202,3.680219975866977
14203,5.8984388121060665
14204,2.499894563884319
14205,8.536404572779322
14206,4.646406629580155
14207,4.4332090427224
14208,6.365500355554871
14209,8.989051990655941
14210,8.985405784647051
14211,6.445524177171954
14212,6.969556779398182
14213,8.300659657180608
14214,7.473298390352813
14215,2.467555366747021
14216,6.781014267111723
14217,8.84835034903737
14218,9.214340716061415
14219,5.356355704553167
14220,8.334258645170488
14221,3.0165680458074386
14222,4.339728599259178
14223,5.2172162081001385
14224,5.618338784668478
14225,7.614575198363196
14226,2.212761495517559
14227,6.281812893140143
14228,6.639835605862304
14229,5.921713354451292
14230,4.341581945136256
14231,4.913189044483362
14232,7.197727679400959
14233,5.068395087646421
14234,5.786285306394791
14235,3.616813421528031
14236,3.712212719614159
14237,4.228787268094894
14238,7.14138874884985
14239,9.277607755912957
14240,4.563978095667922
14241,8.547253289690026
14242,4.981322793061417
14243,3.8340480485543065
14244,5.3628899325710035
14245,5.622965372284443
14246,7.229070570205005
14247,5.566663046708293
14248,6.511484982570582
14249,5.166077932152369
14250,8.80655310406937
14251,3.1505606291220807
14252,3.5700423269357264
14253,9.68984519810212
14254,6.7069514612740795
14255,8.172072227937145
14256,5.463348327906627
14257,4.530565506616552
14258,7.883398815065529
14259,6.395333224885272
14260,1.757325054085558
14261,7.882036866066113
14262,5.288566845830048
14263,1.7986859591853017
14264,9.29701901863374
14265,5.098450928902795
14266,5.2630957937428136
14267,5.511833255567304
14268,4.444690529382538
14269,7.307153863973037
14270,2.825246064225445
14271,1.8793317280455417
14272,7.423920970216556
14273,6.81585924001933
14274,6.647933439139129
14275,1.9006705475668841
14276,8.072706464965975
14277,8.286948613821195
14278,7.647388294470567
14279,7.10907952417373
14280,5.872301328136224
14281,5.036097692662383
14282,1.982119762685894
14283,4.925466223293065
14284,6.498162047928298
14285,3.707438062779354
14286,4.70824998354653
14287,8.953087175412847
14288,5.113797990263337
14289,7.853062273171629
14290,6.81945811783011
14291,5.855816907336146
14292,5.921360723625398
14293,7.895185594639544
14294,6.29653825863058
14295,6.501965463330991
14296,6.226450656524433
14297,5.299963876636959
14298,4.656714787435425
14299,6.095209179938103
14300,8.196778573386737
14301,5.580293809994227
14302,6.660760114120545
14303,6.784847704733953
14304,2.1244698751118642
14305,7.079529942060693
14306,3.1166202334657784
14307,8.502023203163256
14308,3.2707857324459777
14309,6.019399745042498
14310,3.409671732255612
14311,7.665274157843237
14312,4.385834786684257
14313,7.621234310552263
14314,3.40347921541392
14315,4.253187277646068
14316,2.7533583019880887
14317,7.583890595887244
14318,6.345645956336404
14319,5.371335979347936
14320,6.568546487197722
14321,6.803467955482377
14322,6.1864186989366745
14323,4.598026222437986
14324,3.6127468250573473
14325,5.536148357106116
14326,9.485721874417909
14327,5.38805266462583
14328,5.820666384883251
14329,4.606380258868919
14330,6.760435877394077
14331,8.027069148871764
14332,8.634007907129504
14333,9.104454263044076
14334,9.489535481114984
14335,6.759581792452701
14336,5.459734363544045
14337,4.367762759914553
14338,6.417180562051848
14339,7.620987461575737
14340,8.763110329113422
14341,6.790881427691618
14342,9.211820711352956
14343,7.3109899893724375
14344,5.983597822395866
14345,9.612634722402987
14346,5.834629961178324
14347,5.371823465320924
14348,6.849957181517265
14349,3.815825508648462
14350,6.862804663152039
14351,4.313334704013464
14352,8.217392759587486
14353,4.404172549167716
14354,8.711042309143732
14355,6.104205760358677
14356,7.900507672079665
14357,8.508474395026223
14358,2.6082856308476274
14359,6.8903334092784245
14360,8.212574898964599
14361,8.365304685705764
14362,6.613381792505067
14363,4.821869843471797
14364,8.583876046957279
14365,2.9095712500438364
14366,5.788261305450288
14367,6.6154482334158295
14368,5.108276882413907
14369,5.12604065529297
14370,7.834203343942004
14371,4.143471699653142
14372,7.731959695784011
14373,7.513548994159374
14374,6.736270600904554
14375,5.949919770483636
14376,2.2481222849827187
14377,5.85379552479042
14378,7.647748090238252
14379,3.6477223159181205
14380,6.65979125058122
14381,8.6283545157745
14382,9.150057664002738
14383,7.587813233673257
14384,7.4087209910582725
14385,9.46875184741707
14386,8.67334644204357
14387,6.643198239586083
14388,6.9222027469836735
14389,3.618161545912564
14390,6.210117385646525
14391,7.51101956252257
14392,7.21877777426648
14393,2.4295671811180752
14394,8.25757342570626
14395,8.467591400892216
14396,5.325019271746059
14397,6.864626658125941
14398,5.196470185344702
14399,5.319991636771042
14400,1.1870274197711872
14401,5.537780470322519
14402,5.840358026148748
14403,7.682441733742026
14404,5.877472248560305
14405,9.165547099734301
14406,6.531460885438154
14407,7.987123437062983
14408,7.6877035126059905
14409,6.493533722439926
14410,7.8182986792255775
14411,7.654882558796209
14412,6.51964079622401
14413,2.981558792560695
14414,7.42666084520312
14415,7.098658412378523
14416,5.9890627751327115
14417,5.87264415194095
14418,3.572304860341448
14419,6.090786176968376
14420,5.238589993169881
14421,8.110094864682786
14422,1.1520112551074009
14423,4.450526572267609
14424,2.991770110807165
14425,7.060072992412839
14426,8.106878594638975
14427,5.312727886453703
14428,6.6108943594961325
14429,5.587683370265932
14430,7.497577363529924
14431,3.5913549072415556
14432,3.04910935934063
14433,7.011693546497122
14434,5.205435557179345
14435,8.509556115804367
14436,7.804421342345704
14437,7.313425913214649
14438,6.574199415641619
14439,5.765847175100172
14440,5.799953974621691
14441,3.7441980974744573
14442,3.0770459145367
14443,7.8879004029444575
14444,5.469617422964423
14445,4.231767316374394
14446,1.2607183213649735
14447,8.24191253541529
14448,8.20771924862759
14449,3.4160875578691146
14450,2.6288422904480915
14451,6.095764830192691
14452,2.7935710837774543
14453,5.111543584746418
14454,8.433582235124494
14455,3.9571981123324202
14456,7.580921477053358
14457,6.9379077220875365
14458,7.186501412233778
14459,3.5929680892413387
14460,4.453488574913006
14461,8.801481802164894
14462,4.315020963808659
14463,9.640244758285355
14464,5.583604984575925
14465,6.911170843417535
14466,2.152331165380646
14467,3.5776018274599823
14468,5.41570489471364
14469,6.598961209552355
14470,9.046438687252223
14471,4.928593132792844
14472,8.54510977537289
14473,4.6352990376276395
14474,5.13881859297116
14475,8.873716835140176
14476,3.9096257712569384
14477,4.433569699356461
14478,5.963454057045582
14479,8.172116192415539
14480,4.693657037343846
14481,4.358746242275
14482,0.9022507820617633
14483,4.005954197434086
14484,4.679141352897895
14485,9.025920838866487
14486,4.962331988707752
14487,9.232953743288817
14488,7.439743482374553
14489,3.879885371574139
14490,2.900963872807389
14491,5.631161865478274
14492,5.943917472786819
14493,6.388080656755289
14494,3.045314957713976
14495,1.8549445083871277
14496,2.0906996260942527
14497,4.081836396034394
14498,3.736384316484538
14499,9.556476310294862
14500,7.968628599269831
14501,6.209909718084041
14502,6.100733039465932
14503,1.7223966105510797
14504,4.1609062745042396
14505,7.393255874319799
14506,5.189594362745591
14507,7.3262842162897694
14508,6.261071791902797
14509,8.068574152472165
14510,4.670370240745741
14511,4.641036662350651
14512,6.045749918505164
14513,9.26362014574037
14514,6.007709684793359
14515,4.287498523393557
14516,6.85405563094529
14517,4.233622430728351
14518,3.2661682519936015
14519,6.0461935822113135
14520,6.031564562537741
14521,8.258857185653168
14522,7.283303779363184
14523,2.458883996074902
14524,2.3411475858165467
14525,3.160431665217174
14526,4.341068570674669
14527,6.738727851195234
14528,3.740340866497434
14529,5.255364956665027
14530,6.823043492738211
14531,9.368005603864807
14532,6.237600655251449
14533,8.16846759990258
14534,8.811538996535036
14535,3.2667288686233227
14536,4.990923317711038
14537,8.451281428257483
14538,8.026044392563444
14539,6.903984876899742
14540,4.0982130281647144
14541,8.18152073513793
14542,7.655777408483653
14543,7.285501661188084
14544,8.318126206370222
14545,6.195555409907066
14546,4.2628396226764895
14547,4.054700443413925
14548,4.7171005439203935
14549,7.2671213901995255
14550,5.027497065827646
14551,5.987320089102421
14552,2.268821516138399
14553,6.977964742470501
14554,8.155322175198913
14555,7.561903216905735
14556,7.028319611128165
14557,3.5869682805360266
14558,6.444692222284073
14559,6.161030340562218
14560,8.270075038136468
14561,6.5850345335309735
14562,1.860915928721428
14563,8.729099023327645
14564,5.915242019293918
14565,5.362569644001855
14566,6.686152874622682
14567,3.3291144469150815
14568,3.1983569947384285
14569,6.2912415474309995
14570,7.242170235748872
14571,4.117930010932771
14572,5.816430967149462
14573,8.426786612795507
14574,8.96696476335405
14575,5.722448800683493
14576,1.9441366938533404
14577,4.325261263276909
14578,5.8847245586784656
14579,4.515430414397241
14580,7.424883121663383
14581,0.9076487642626123
14582,3.0801243724914618
14583,4.78614428803626
14584,4.5654678031738385
14585,7.094851017565475
14586,5.178981494819736
14587,7.464394972071654
14588,3.829806633338611
14589,5.535435540144766
14590,8.816067569434143
14591,4.342106915362518
14592,4.705031539209267
14593,3.830086607912338
14594,8.673858133987375
14595,1.8875384143849727
14596,3.1429080223893693
14597,7.755533895105605
14598,3.47453895690617
14599,8.94951821491791
14600,4.347941823084591
14601,5.792821080609874
14602,7.1534885014455885
14603,6.8963690029533256
14604,6.253354024288166
14605,6.5354968601146854
14606,8.648904017806487
14607,8.038694518647272
14608,5.436369881884577
14609,7.423935142029404
14610,4.421525022601883
14611,8.378226425650903
14612,7.507656433349814
14613,6.582191091806887
14614,4.774668758873204
14615,7.492328877438084
14616,3.7498958344577793
14617,6.2219202341004305
14618,6.3698570027526245
14619,4.479569810774986
14620,4.460417295841326
14621,4.580683105453633
14622,7.444192889694161
14623,9.316893441129187
14624,6.340410975502253
14625,8.446701751247202
14626,1.8707988450793174
14627,7.708347415981278
14628,7.366087862317293
14629,6.671238866291929
14630,5.687781489369605
14631,7.962889626252339
14632,3.157260627269872
14633,4.464591987337071
14634,4.867722579291293
14635,5.442691168653536
14636,5.677741277331466
14637,3.284930820812396
14638,5.778521489970602
14639,6.99010742676542
14640,5.1070900316806185
14641,5.586593687429307
14642,4.612630141986666
14643,5.779187158225296
14644,7.806486563749051
14645,1.6887119890133242
14646,5.649231864164991
14647,3.5645080465720813
14648,7.775431758970175
14649,1.7167763979111124
14650,7.432287451124421
14651,6.160939069236487
14652,5.922231960204189
14653,2.558116276422476
14654,4.514362096773339
14655,4.733455986183398
14656,6.52452752096555
14657,6.10093622098588
14658,5.4787797758193015
14659,8.474135996283536
14660,9.266015787164744
14661,4.067849630073464
14662,3.5649960288710276
14663,6.836222025232554
14664,8.848407172062235
14665,7.545619532987642
14666,7.71606586074132
14667,2.6837295281875964
14668,8.52805518081066
14669,7.90421432636905
14670,4.617617194798882
14671,8.366673081613028
14672,9.004324834430697
14673,6.937932679785208
14674,5.933691075778498
14675,6.983512849662477
14676,4.398287595224836
14677,7.377279407757648
14678,1.2764238407698025
14679,6.832518850059478
14680,6.591246250455914
14681,6.005927160338531
14682,4.797789020219803
14683,5.1719639986038715
14684,3.7304485711956765
14685,6.066185895948253
14686,5.48993267649936
14687,8.336984912198579
14688,9.749558198644428
14689,4.938009437761364
14690,4.583854109408708
14691,4.405708343457033
14692,6.144557938798958
14693,5.045946399514746
14694,4.715565115409076
14695,8.428799131428548
14696,4.022900248276022
14697,2.912485430978426
14698,8.88081394325749
14699,4.045928113888533
14700,5.197544353527656
14701,6.055143695107374
14702,6.720051831098195
14703,3.6328468066735766
14704,4.989915444589721
14705,2.4149685385905584
14706,3.242311025079373
14707,2.382937828198943
14708,5.755224248513655
14709,3.7189269238587097
14710,4.267984730934766
14711,7.786650899047532
14712,5.391019259152821
14713,6.030095369823217
14714,6.084754740923627
14715,5.562976374314606
14716,6.984429444604862
14717,4.409584605043057
14718,3.4961428595339474
14719,5.913408281118274
14720,7.377541413050822
14721,6.429447000049349
14722,7.786480236468629
14723,4.356405466539269
14724,9.107938716669157
14725,5.968335472573994
14726,8.198187237316194
14727,8.294891157027006
14728,6.817307670852558
14729,2.7170918690867785
14730,4.672752477393411
14731,5.679262474382902
14732,3.825159126352539
14733,5.146011046208755
14734,3.6367373641271534
14735,1.8538540440043487
14736,7.537816596544454
14737,8.03213343964867
14738,3.8643194754258694
14739,6.2900260924370475
14740,3.068086844373591
14741,6.518088632268176
14742,8.340661836818398
14743,1.2635338900792865
14744,5.915498223250918
14745,7.0807563873753345
14746,5.401881665574749
14747,9.278224381629803
14748,6.905143202600372
14749,5.382974372960336
14750,8.643914367794352
14751,4.26775043894077
14752,8.586335080904522
14753,4.654887742092074
14754,7.1945784848914185
14755,5.187605553204897
14756,4.875149079914877
14757,5.760431831756632
14758,8.087893238648512
14759,4.408606122890723
14760,6.9388539973187875
14761,6.677563058425293
14762,3.1582216179192972
14763,7.857599875454516
14764,7.484732622763344
14765,2.708361773299116
14766,1.7969576624247168
14767,5.254858673159464
14768,5.614683345598697
14769,3.6109710280621385
14770,7.326995420352452
14771,3.396368804865833
14772,4.87684315594549
14773,5.521590517123814
14774,4.857290076738081
14775,6.14189342816871
14776,9.029883333978141
14777,5.826215611207476
14778,4.46198883066739
14779,7.459988610708939
14780,4.318534985510948
14781,6.658296533445437
14782,7.755712478933452
14783,7.0752658346922415
14784,6.299753171331494
14785,7.639057406645685
14786,8.013002834627413
14787,6.2109403288607
14788,3.778074226966965
14789,6.210761847982474
14790,7.259509953431843
14791,7.527175309688307
14792,6.150890227002063
14793,2.271736225823747
14794,2.356011866345942
14795,8.72916983300644
14796,8.13346912295188
14797,7.434652632183098
14798,5.380054786591521
14799,4.727904736708048
14800,8.307468390030767
14801,3.0976094522370907
14802,2.1470757207633957
14803,8.770848001960143
14804,5.0672002608303925
14805,8.302529096861246
14806,7.172336282530351
14807,3.769411456875583
14808,8.51006308626317
14809,5.810019535525434
14810,6.679929971989725
14811,7.405211047435092
14812,7.575138918177288
14813,2.368679874152151
14814,5.13554260306789
14815,6.6322400573688975
14816,4.965117909273026
14817,2.216266332984888
14818,4.406028061175919
14819,5.119494299425034
14820,7.736257594474727
14821,4.054198651618799
14822,8.10784363908342
14823,5.32686577529447
14824,4.945429759396161
14825,5.146840617759738
14826,4.742885387914821
14827,5.578829168514578
14828,5.164574802763454
14829,7.552217605930348
14830,4.737226273263257
14831,7.819177587640072
14832,5.7099800749434
14833,7.950258779453155
14834,3.8959815773823605
14835,7.51925455900889
14836,6.089050300615314
14837,6.172343508222398
14838,5.006316734868182
14839,4.609692099723155
14840,4.83111811432742
14841,4.681828363584586
14842,7.600549413787946
14843,6.726611347631799
14844,2.208438922303308
14845,7.058973450499425
14846,8.48245608533376
14847,5.7835058396614585
14848,5.293420115900912
14849,5.48409345041752
14850,6.07841173318074
14851,8.518277925069617
14852,2.1885166451457336
14853,6.999018791398643
14854,8.125150324715715
14855,2.8853393642218643
14856,5.57607677759343
14857,3.822003280807621
14858,4.835240456111985
14859,3.927402007008528
14860,2.7721989118514454
14861,6.897707106858442
14862,1.522224021404682
14863,7.658524170158637
14864,6.464985757562205
14865,6.945138193823893
14866,7.158575093306258
14867,4.338093989347435
14868,6.098233183995534
14869,3.231946515888909
14870,3.7444177174687923
14871,6.825406681693025
14872,5.139702661947023
14873,6.885634741255278
14874,7.023575716055574
14875,2.6529678759932738
14876,3.552495571153732
14877,6.1803796636973845
14878,7.083557929936398
14879,8.552796538244735
14880,2.2499664445039547
14881,6.647693680387536
14882,5.106762211724325
14883,7.158852685222365
14884,4.353432135326965
14885,4.599185234913793
14886,6.1526974358317394
14887,4.981010235916983
14888,7.528444945109699
14889,8.35845055315966
14890,2.816598933574416
14891,7.094274442908949
14892,4.681578720960577
14893,5.313976839564539
14894,4.713652738047806
14895,7.988446086687571
14896,3.0935869166993806
14897,5.650009851390028
14898,4.564070183048414
14899,4.481591522717085
14900,3.953181375504038
14901,9.477019183445062
14902,7.929640250524422
14903,6.835445759390632
14904,6.825266421481997
14905,4.828317261261981
14906,8.230709089277394
14907,4.532171392839482
14908,6.0582916079738025
14909,6.92363707211286
14910,5.027235240504538
14911,7.40744877772994
14912,5.035481383388683
14913,8.425324193315125
14914,5.91935913588297
14915,7.7368658073449925
14916,5.54791442494477
14917,6.805302004381737
14918,2.244912141202037
14919,4.667678628948323
14920,4.755794322252727
14921,1.1798108796986684
14922,6.074136280542451
14923,6.306792980217148
14924,6.282125143282297
14925,6.546621970891257
14926,3.1987667432969045
14927,4.008402287702481
14928,6.760389868437157
14929,7.377583912739912
14930,4.389947459762524
14931,7.092560971954924
14932,5.433065964300582
14933,9.391034742043697
14934,8.263605798331985
14935,4.497622282417714
14936,7.801530851302459
14937,6.004438769997285
14938,4.826309093216702
14939,8.432196511992807
14940,8.451493470180427
14941,7.396595908624056
14942,7.9822373462339
14943,8.405840937973718
14944,3.04246182412017
14945,9.530100088366208
14946,8.143737771042543
14947,5.69273889914299
14948,5.192796639457797
14949,4.811244089302116
14950,9.595503601254658
14951,6.649670878953151
14952,7.255163173315662
14953,5.926050747632046
14954,4.569524499431331
14955,3.8130860254311196
14956,7.03377391450199
14957,7.775305464548193
14958,7.425266811162223
14959,5.785550015755566
14960,3.3468486272699938
14961,6.22307728539639
14962,5.171642953904092
14963,6.779661906640751
14964,6.463195922073028
14965,2.8906264787919844
14966,5.7558051025693775
14967,5.762164250775215
14968,3.559214848938866
14969,8.465062045513493
14970,5.793795543981885
14971,9.540349950936168
14972,7.2358791630542
14973,4.58043186849002
14974,5.752510404829869
14975,9.351539984235888
14976,5.5162378851357845
14977,6.329169126573057
14978,5.8163552181267795
14979,7.9905916375134085
14980,3.8024684192370435
14981,3.8095404496956697
14982,6.778891885104541
14983,7.027949855339093
14984,6.99112447978038
14985,5.468789791457449
14986,4.727187358082569
14987,6.9726330503733776
14988,1.9793999729561573
14989,9.234007649159022
14990,4.250534876743926
14991,8.56961483891295
14992,4.2759422716560405
14993,5.143222588405759
14994,3.494381637822362
14995,8.043790145871226
14996,8.82743245083945
14997,6.583127000857232
14998,7.254988756925357
14999,6.28900879098517
15000,4.994638846990995
15001,4.605215237258088
15002,6.903608510444762
15003,4.546911766132029
15004,8.807617731800356
15005,7.937893384882954
15006,8.076999127571558
15007,3.3388818828495097
15008,6.446206631482075
15009,5.345922664308171
15010,0.2618452820296726
15011,7.275751425691041
15012,5.703466924129991
15013,5.000804392980463
15014,8.512403800833043
15015,7.960974216912874
15016,6.411620217016297
15017,2.5045349640777013
15018,6.668825801311247
15019,3.337947048776155
15020,3.7058523787098934
15021,8.465320122480158
15022,7.149310613098761
15023,4.432975886617703
15024,7.58723925448729
15025,6.951170436000251
15026,5.93572330398017
15027,7.493284536428203
15028,8.076589421453207
15029,5.388498488666994
15030,9.075244514709459
15031,6.462836225396066
15032,7.27282234823939
15033,4.5572261838056916
15034,5.482927158903753
15035,5.2817285684432616
15036,5.718034256927166
15037,4.08028489796689
15038,9.135064592549398
15039,5.315761973232635
15040,7.4277397041610165
15041,5.662321970809277
15042,7.40683181607219
15043,8.377282789138137
15044,4.778734250734911
15045,6.90969490215088
15046,4.926633304285801
15047,5.706379256396141
15048,2.8711124844298572
15049,0.9035290974097911
15050,8.598758813799254
15051,4.500954105341867
15052,6.15976600045265
15053,5.397619043376681
15054,9.505587213596163
15055,8.852247574357184
15056,5.976841330012764
15057,5.584424974677178
15058,7.0478243075785
15059,5.652687799769079
15060,7.991694409659106
15061,4.192022904908548
15062,6.123787701301898
15063,8.557938628795995
15064,5.558011011323541
15065,7.627320432239804
15066,5.710810368525266
15067,8.50177417701506
15068,6.446147655313227
15069,6.428282880983816
15070,7.5855667641962645
15071,5.9886614469072565
15072,6.947302764218988
15073,6.876178701748105
15074,4.687283506665999
15075,6.103397405517466
15076,7.691847291325938
15077,7.336249050946776
15078,7.349951952183558
15079,7.811812279551135
15080,5.71490083428448
15081,6.637522310465673
15082,7.365712637373011
15083,5.9470331529689835
15084,2.398778631301392
15085,3.942363365427911
15086,5.431388579432955
15087,4.9999492718640965
15088,7.925713093967582
15089,6.649725026422955
15090,7.4411604937648725
15091,2.918241600583271
15092,6.6390552619210865
15093,2.918633322631492
15094,3.990164410990579
15095,5.2994019299400055
15096,7.450045541965003
15097,6.1789036996302515
15098,7.153637612676152
15099,5.959038649326484
15100,6.5048208311744204
15101,7.166771187147081
15102,8.214037842965313
15103,6.0982202299069606
15104,4.85948042899912
15105,2.36796853296301
15106,3.6136807143050897
15107,6.793874650406146
15108,7.560403318781547
15109,4.500581995752141
15110,4.618700437760437
15111,6.499957057165238
15112,3.3485824843478347
15113,5.52329814510581
15114,6.156911575768701
15115,3.7715494662275253
15116,5.025187473895743
15117,6.35849127062768
15118,4.280568517123473
15119,8.879738460129033
15120,7.739356465099059
15121,5.76877720098698
15122,8.897912537598085
15123,4.3165683447428025
15124,6.302420054864848
15125,9.547905137521642
15126,9.072332417460471
15127,6.9671747858590125
15128,7.039295224244433
15129,8.128477132541306
15130,7.405496688549512
15131,9.853801824398404
15132,4.975672563571273
15133,4.175088307399221
15134,7.288379130346091
15135,6.528263393491452
15136,5.794085347888689
15137,7.035072848507211
15138,6.544063224255157
15139,4.609560822887129
15140,1.339055890752845
15141,8.744362964748541
15142,6.42333925012083
15143,4.6568216813847565
15144,7.015064459549387
15145,3.3734885284056544
15146,3.1182888798482535
15147,7.418999125029776
15148,7.945944377198108
15149,4.052321618554851
15150,3.964954196795126
15151,6.412971833441626
15152,6.6022498586309535
15153,3.959168513967765
15154,6.160269020834262
15155,7.974234973998778
15156,5.352403929719154
15157,5.068032998197042
15158,6.122383389142834
15159,6.125304431189723
15160,4.083333560151651
15161,3.206939026499671
15162,8.310372045982254
15163,2.4156966310007912
15164,3.0173590714232517
15165,5.175311357594137
15166,4.360451166793835
15167,4.50638449437009
15168,8.356916122653486
15169,4.624205773258864
15170,3.522985099289588
15171,5.7244743665677245
15172,9.10362953471837
15173,5.754801395243189
15174,8.156203562252639
15175,7.107184740033936
15176,4.639666566736306
15177,4.61127564722423
15178,8.530713887505206
15179,3.8521088549184306
15180,8.65829588571601
15181,6.022125403230622
15182,4.5896788705779
15183,8.874017830938156
15184,3.2964456071066044
15185,7.202210366650078
15186,4.033613934719549
15187,5.234584558800145
15188,5.367841463087937
15189,5.976604613123248
15190,7.927023596809334
15191,8.907179014421313
15192,3.0587289749264577
15193,5.171061010778082
15194,5.397834641257757
15195,6.975556087798937
15196,2.464523565760594
15197,7.2194532096190605
15198,5.50278742503825
15199,6.813177351555787
15200,9.203854991055868
15201,5.825675234820621
15202,2.1616812150242124
15203,3.8016691669947087
15204,5.002880192571324
15205,5.791710792242749
15206,4.662134663510994
15207,7.290185725951288
15208,2.491264426173575
15209,6.437790455090672
15210,4.111265944589953
15211,4.522399649266435
15212,7.197375543192673
15213,6.951874774398469
15214,8.443810605201012
15215,8.004878257197753
15216,4.211571240928801
15217,3.7612075725615193
15218,4.647366235797888
15219,3.5640091015677466
15220,5.844923255500581
15221,8.665644235538077
15222,6.5461571879728195
15223,4.814715113403931
15224,6.1026792499225495
15225,3.411141313577564
15226,4.243488356493433
15227,7.603309728332957
15228,5.031116314259284
15229,9.032768123107756
15230,3.045597514573629
15231,8.751228183122532
15232,3.3646389589037784
15233,2.2794644010201313
15234,5.831817512827528
15235,6.9992765284877585
15236,7.306223708844563
15237,7.253304137356386
15238,3.863919811084048
15239,7.14127857715684
15240,8.537043194736972
15241,3.51747389862204
15242,3.8661597432432466
15243,3.3400636954477076
15244,4.962270099323857
15245,7.458422203388107
15246,8.209815964059048
15247,5.071014443024702
15248,5.238456114398998
15249,5.700555335837309
15250,8.705464015408094
15251,8.459205341218757
15252,6.141083925904995
15253,8.845316059400696
15254,5.976012354477287
15255,3.310032152562808
15256,2.8568787073059454
15257,3.3822971527401795
15258,5.236749933012941
15259,6.718902713940803
15260,6.3723466986486
15261,5.792137392146468
15262,6.168916208915246
15263,5.859340702367538
15264,6.756168119516709
15265,2.8927753827612777
15266,5.512318510549214
15267,3.047273689310548
15268,6.215504612842025
15269,7.197954291439164
15270,6.971506577526911
15271,2.7344096273662752
15272,7.666434517783087
15273,5.297919217356515
15274,2.1118719335024565
15275,9.002581785065892
15276,4.609728402699382
15277,6.751544168312868
15278,6.070068678654772
15279,3.7628893317160137
15280,6.559984159820383
15281,8.359088870106895
15282,7.985880648038654
15283,5.46222971099901
15284,6.96648512997246
15285,6.44777543249856
15286,4.5631390190197605
15287,5.187853645767058
15288,7.8577596028666985
15289,6.295458553899891
15290,5.23325982361858
15291,3.9512174609523947
15292,3.8705569711662644
15293,1.8918130132315065
15294,6.8679752856941905
15295,6.593279536623318
15296,4.844972253079073
15297,8.222642470388179
15298,2.05414640105246
15299,6.698338263971131
15300,6.06410179115199
15301,9.421534989157026
15302,5.506651849287977
15303,7.588312718904145
15304,6.980632288636525
15305,7.685874098121399
15306,6.957794434349193
15307,9.462197874567583
15308,5.5620841637357135
15309,2.866396781455385
15310,6.858557470169022
15311,4.6246600497973605
15312,7.130650905755262
15313,8.071325175314852
15314,6.745329298153472
15315,5.1313549798106415
15316,7.175322130287949
15317,4.729279724923105
15318,3.8670319456199485
15319,5.255474324692049
15320,6.183367444592175
15321,7.242888933451868
15322,4.634339963054298
15323,7.211228675688387
15324,9.086683875402572
15325,1.280671493358053
15326,7.4327343708403735
15327,6.665427566442677
15328,6.088243782958236
15329,8.421699456802086
15330,4.652904269584274
15331,9.07218778537593
15332,5.04615629928591
15333,5.237911287936635
15334,4.339627963832281
15335,6.291365551317934
15336,6.806397759819531
15337,6.1982862028254555
15338,5.7644302738819935
15339,5.862042521749886
15340,3.2044886938642674
15341,5.43906788063564
15342,4.597474170772966
15343,3.8619973179555953
15344,5.234668336342792
15345,5.344827377107198
15346,6.76130365224909
15347,5.004892066580542
15348,5.2890009984554
15349,6.723476059677939
15350,7.079625986289871
15351,6.796433873883293
15352,3.4196152815329777
15353,5.14378936065725
15354,2.585890175206253
15355,8.475177160334326
15356,5.307494723796201
15357,6.235500050097439
15358,7.938953544726843
15359,7.284815364940908
15360,6.503002486041934
15361,6.0396450126873695
15362,5.00366015732684
15363,1.432994301450929
15364,5.639714654706136
15365,6.112236005568897
15366,5.335996644073822
15367,8.137017776683303
15368,5.132609812724409
15369,5.127770457517016
15370,2.4744524586226255
15371,3.979483509900657
15372,4.025236191180337
15373,3.26958607900714
15374,1.594410771093746
15375,8.272826847146765
15376,7.987417347193775
15377,5.855869445227345
15378,4.45484037460912
15379,5.21591114535039
15380,7.811840329813917
15381,7.030314248820935
15382,7.559988322263221
15383,3.687486031529378
15384,3.741522917711505
15385,5.534516122106914
15386,8.89582225379318
15387,0.4617993949263486
15388,6.743932810947367
15389,9.273503152023878
15390,4.118399347868557
15391,6.0802690863923425
15392,2.6380753533228884
15393,4.78077249248661
15394,5.334547835633632
15395,6.697209339645016
15396,5.277451181370169
15397,6.765828160658862
15398,2.839405481658177
15399,2.7828117745312517
15400,6.321339532627247
15401,3.079604880771292
15402,6.389173491641225
15403,7.2532006710297345
15404,7.662942248840176
15405,9.14077353900911
15406,6.399934014022276
15407,6.034822915390794
15408,3.5842305225993716
15409,4.596405341641172
15410,5.746490337513034
15411,7.4523135103875235
15412,6.3013168449795325
15413,7.767421689697809
15414,3.4109206960838985
15415,3.7402372059580133
15416,5.840125571137167
15417,8.85631462698403
15418,5.307745866670914
15419,6.380595309826447
15420,4.9820546220487945
15421,9.790441506083033
15422,1.9213034199868142
15423,4.042387070477451
15424,8.069760989639345
15425,1.255315548710291
15426,7.204781314189489
15427,7.315808161052967
15428,7.73657780431785
15429,7.410978482939885
15430,6.23420998392174
15431,3.726640962443225
15432,6.668094662294806
15433,5.643749904128166
15434,6.001799894657493
15435,3.6114318668006384
15436,5.89465815809283
15437,4.453768790109207
15438,7.497496666851454
15439,7.3252289916665285
15440,4.738305811809571
15441,7.969972288683115
15442,6.987075166046814
15443,7.413460815668612
15444,7.092939256944301
15445,5.896005307716399
15446,3.552253901310084
15447,5.269802443153384
15448,3.4207211879103254
15449,8.049721950622288
15450,4.008918224553229
15451,1.5660188973643923
15452,5.426717894453877
15453,5.866998996086089
15454,4.226051090234034
15455,7.666329956928496
15456,6.306275844099515
15457,9.330953281467881
15458,4.685208091957174
15459,6.490114814827578
15460,5.78483610986545
15461,8.990998466281303
15462,1.4008756865748548
15463,7.507935747113866
15464,5.900881884996269
15465,8.446294586457277
15466,6.209647936040428
15467,9.254954506653013
15468,5.626323502719888
15469,5.127145707703199
15470,4.123616084158833
15471,3.5490618081366856
15472,8.352551742485932
15473,7.032021720493004
15474,8.705730989177757
15475,4.022511988418914
15476,5.95612243285975
15477,4.640405670688712
15478,6.741579020729185
15479,5.248356611281542
15480,7.876036365976012
15481,7.597347825720512
15482,6.263267319915061
15483,2.0193845255125806
15484,9.558192558859655
15485,5.85674272739867
15486,6.40643798401496
15487,5.001128819665535
15488,9.353279976139737
15489,8.290641502379744
15490,2.463922531024506
15491,4.6468424445999
15492,4.592914603285051
15493,4.700390511490706
15494,4.203247734850866
15495,5.13468058310633
15496,8.3539167167203
15497,3.7228227499251045
15498,3.803699424373722
15499,6.895119661757617
15500,7.386162856165989
15501,4.906823645815253
15502,7.709510100907023
15503,7.107209662408505
15504,6.879295571017714
15505,5.118568473754668
15506,8.297532645266493
15507,3.898082412757529
15508,7.625525595730931
15509,4.22447089305734
15510,6.134926362541936
15511,5.500349429494349
15512,3.2283326018176948
15513,5.09495633736084
15514,6.9038440912884464
15515,8.569226964091307
15516,4.129433898050913
15517,5.4607090947437955
15518,6.7472869197033924
15519,7.773013859391889
15520,2.4763634266053205
15521,3.4209298439067326
15522,4.288342612434684
15523,2.5478259409132393
15524,3.8941189727816745
15525,8.235451582030038
15526,4.602822455635897
15527,7.0528817924869545
15528,2.328313900479099
15529,5.878429012761018
15530,3.1790571461227084
15531,4.854267955243659
15532,2.4542783386850133
15533,7.821388846981256
15534,8.474815684403051
15535,5.925121973096201
15536,4.676823636613066
15537,6.076683768259055
15538,6.313973466468534
15539,4.9584847314192775
15540,8.527687857457973
15541,7.2223281308452485
15542,5.163340644204805
15543,6.758229643384441
15544,3.716023810846155
15545,4.182760201598608
15546,4.096671465204403
15547,5.190342054943266
15548,7.356181607874489
15549,3.9579779183124897
15550,7.17904965941607
15551,7.982958452926116
15552,5.346246375424563
15553,4.738707602901167
15554,8.709008353884949
15555,5.5697358741647
15556,4.2221637607765246
15557,3.5629037760057916
15558,1.850231274543888
15559,6.304833630062666
15560,9.456127148638247
15561,8.0992798807
15562,7.2773626833631475
15563,6.033552134668076
15564,7.924255908423035
15565,5.170543586484949
15566,6.623270286457516
15567,9.100509404873875
15568,5.8679863807377854
15569,4.045006963632861
15570,8.774215395834807
15571,5.496020679814071
15572,3.7370875396472467
15573,6.4317899065710495
15574,6.047899938422344
15575,2.752426157039792
15576,3.145911031252094
15577,8.606807228466815
15578,6.327122361234169
15579,5.760512299007659
15580,3.161019391796894
15581,5.628512360190503
15582,3.6527033496709977
15583,3.5468932972146465
15584,2.72294226423953
15585,2.055171729111052
15586,6.746933837469781
15587,4.114983533151103
15588,8.056674768434917
15589,6.586949076518693
15590,7.055424373731161
15591,2.0267783701867605
15592,5.668915348698991
15593,3.3087558253401155
15594,7.660005744756025
15595,7.604599433684754
15596,7.299633354179994
15597,7.880125143678582
15598,8.587607201601358
15599,7.25882186334378
15600,5.771661099474228
15601,5.738006647801264
15602,4.4515446168034805
15603,7.299446649486913
15604,7.551280045567201
15605,3.8321906995214046
15606,7.748779331271194
15607,0.9580131185005047
15608,8.268926429244178
15609,8.543748360323695
15610,5.460278521398329
15611,3.54184891080171
15612,5.495535946063819
15613,4.946228265157245
15614,5.046568375585455
15615,7.8249637090943756
15616,5.5500119796135055
15617,4.151856522654498
15618,4.865543151017567
15619,4.393659843857237
15620,5.321243843422869
15621,4.814019592848307
15622,8.43906490592653
15623,2.9711407421891165
15624,5.210339981230145
15625,6.023003776692258
15626,2.15229776658321
15627,4.632487244013696
15628,8.677528428157434
15629,5.854493600196766
15630,4.346035437646508
15631,4.285862699546997
15632,2.7265020696212714
15633,3.2861218193874895
15634,7.554804511341222
15635,4.247499773838755
15636,4.45163691549413
15637,2.0575758753155755
15638,5.497342900132276
15639,6.403123361960822
15640,6.527585894955429
15641,7.869483463832918
15642,7.316253990038086
15643,5.5596704721484755
15644,6.945311863084574
15645,5.839879667986676
15646,3.141944326599636
15647,4.941440686253596
15648,3.911678990013759
15649,4.408789067100574
15650,7.861394866234561
15651,5.949851268606987
15652,4.487437700501284
15653,8.16359805789983
15654,2.8757382638453777
15655,7.4968187049418535
15656,4.12678278052973
15657,6.220125176518309
15658,4.011467473009443
15659,7.229088712265522
15660,6.0020635225455905
15661,7.885570632915219
15662,3.982048321061453
15663,5.167408662876888
15664,8.838705038848419
15665,8.022366216530644
15666,2.576040142877384
15667,6.467578324836472
15668,6.457142804171247
15669,7.054011388144666
15670,1.9757892516727322
15671,6.346134022149427
15672,6.282774533946971
15673,7.128475847499321
15674,5.760241448711103
15675,8.353675905221674
15676,8.531286604592083
15677,4.4592629890549675
15678,7.711507852770615
15679,4.840548404623613
15680,6.362302513001374
15681,6.129492662874591
15682,4.33763807426933
15683,8.79818098339488
15684,4.666040724309862
15685,3.1173713650506802
15686,8.050909415078205
15687,1.4784449270897042
15688,9.171467910133888
15689,6.870294252801142
15690,6.136413261174583
15691,5.888155313530565
15692,7.608351493756411
15693,6.921326939652478
15694,4.882063009627842
15695,4.555527160814132
15696,3.982032267907657
15697,8.640473392286372
15698,3.2699515205444216
15699,7.0415787803663825
15700,4.06512148014795
15701,6.24854087748861
15702,9.359536523754102
15703,5.827230200575154
15704,3.8672571918468974
15705,4.262624341355418
15706,4.638199045460563
15707,5.883858329738348
15708,2.0687850574911564
15709,6.083184547273271
15710,5.928190992525479
15711,6.399690545117181
15712,5.098995717972805
15713,6.460054407777177
15714,3.599498837872427
15715,2.495596269958199
15716,6.283801134307883
15717,8.479976136966442
15718,4.17962819441942
15719,4.749385117179391
15720,6.482000594124389
15721,6.432821121438195
15722,6.750497847199306
15723,8.74989397126672
15724,2.7531424020564157
15725,4.861621421953277
15726,6.275180016219178
15727,4.6729043336735545
15728,5.8574710538523
15729,9.624618176286543
15730,6.523603574567853
15731,5.953208864437856
15732,4.338812367864809
15733,4.800862976259233
15734,1.9813851398158402
15735,2.0962711186325436
15736,5.515399293997972
15737,4.366456117949119
15738,4.314856008998701
15739,5.208684724521999
15740,3.0805175441822805
15741,1.5683069405206425
15742,8.219346582733122
15743,4.315701420079355
15744,6.477630116232551
15745,5.1276916940847235
15746,2.152415723785793
15747,7.003650214137414
15748,5.007066947402939
15749,6.661279336138833
15750,6.542047290026763
15751,3.4084241449272246
15752,5.8468421569057485
15753,8.028704219076234
15754,5.1757362863095455
15755,4.717541587157167
15756,3.1397034778047894
15757,4.381036580129065
15758,4.709490563427208
15759,8.302034397271088
15760,4.032647176195136
15761,7.032361660402087
15762,3.4258273928652314
15763,2.635615259223079
15764,3.6155846807573027
15765,4.528342385308166
15766,5.180633205524848
15767,3.7701549233793754
15768,9.002195422452946
15769,4.483154831608273
15770,5.210135661972068
15771,4.712852836774183
15772,5.271285942575682
15773,8.427955028654779
15774,3.557680714131551
15775,4.0111225693535895
15776,7.853745952306627
15777,6.031996172276739
15778,6.712469850913811
15779,3.3250956985141693
15780,6.607144049459861
15781,8.914993691308727
15782,3.91047181124875
15783,7.209110126039089
15784,4.256000054516161
15785,8.48363942331343
15786,5.2707438502684365
15787,5.765066274879554
15788,7.070380664520556
15789,8.122728320850264
15790,3.867012932537661
15791,5.376864689970759
15792,3.9545905061060895
15793,6.767612914480251
15794,6.827105689253955
15795,5.781675620419901
15796,5.226767620036937
15797,9.878690662762796
15798,6.9322866335021525
15799,6.027809033853965
15800,7.029127881353671
15801,5.158900360506197
15802,6.834983218641434
15803,2.721436996707506
15804,7.35479396155606
15805,3.4776053441822263
15806,4.960144199526114
15807,7.475550607197018
15808,5.735583918427594
15809,8.090996997105854
15810,1.604508445109377
15811,2.87832523301973
15812,5.792539170817959
15813,7.583191405076007
15814,4.857766075325465
15815,4.56161841421231
15816,4.2150310731783565
15817,6.082281727602227
15818,5.589595066285567
15819,5.041394903795765
15820,8.927302671527928
15821,5.597560448891596
15822,5.860099705653486
15823,4.521771502415565
15824,6.7212045877413935
15825,7.702041915567143
15826,5.927417386904342
15827,5.267254725818943
15828,5.31452456999647
15829,7.113354181371454
15830,5.707869377240166
15831,8.701004239739888
15832,3.664254352460455
15833,5.429059767669624
15834,8.256278464607963
15835,6.349698749902113
15836,7.0906942049713155
15837,5.293255395957328
15838,4.374428596063051
15839,7.178410466176082
15840,7.070586473971101
15841,4.21555471697067
15842,5.482086682261968
15843,3.7425983063689623
15844,6.081956091293131
15845,6.987277308525067
15846,1.6473237535586156
15847,1.5810936255044297
15848,2.050527356106908
15849,7.713712258460536
15850,9.59621136266004
15851,4.625225603590161
15852,6.178399809362184
15853,6.714669486672102
15854,6.551311826388872
15855,6.5635062095510035
15856,7.945235082043904
15857,8.545870651375271
15858,8.939911912245988
15859,3.281086122113479
15860,4.388379491230127
15861,6.100093117976249
15862,8.362478067900367
15863,8.455005309962587
15864,8.761446360009446
15865,7.681231877405839
15866,7.997554050482568
15867,6.912485978454018
15868,5.446638632661437
15869,4.37473891341946
15870,3.7778635714468334
15871,8.414660914364312
15872,4.8253964484081715
15873,4.767352866953643
15874,1.3969342316687374
15875,7.491102647374444
15876,9.745724788525074
15877,3.2520017992543173
15878,6.46096585732928
15879,6.627832480051418
15880,7.441347498058354
15881,6.40682649036212
15882,7.3804459684285275
15883,7.7725479100112445
15884,7.419375399621966
15885,5.515178046001843
15886,6.032090277134983
15887,9.399914844532582
15888,5.253645605754076
15889,3.2269880722165
15890,5.643402201991823
15891,5.655924855680758
15892,7.8579753174502756
15893,5.762986693384685
15894,3.7859489789372844
15895,9.44264783311675
15896,4.777529237586087
15897,2.889941413879628
15898,5.698354048172741
15899,8.54864769412386
15900,2.9099745830368025
15901,7.325943563461256
15902,6.233387818929069
15903,7.1670567805365915
15904,4.779720328674534
15905,5.2300013763370705
15906,9.103437217844144
15907,7.68038838012204
15908,5.9601326806275585
15909,9.131776399115154
15910,4.538364666670224
15911,7.04787886917156
15912,5.726433706045212
15913,2.855497754304526
15914,5.118802696583893
15915,5.780987499569581
15916,8.29116743164688
15917,7.5580931589384175
15918,6.719364206683831
15919,7.578367861262483
15920,5.827222067628237
15921,6.560937245470967
15922,6.429062933114772
15923,3.516777766756997
15924,2.708539314300249
15925,7.093858247781673
15926,3.998860479117101
15927,7.461072477802598
15928,3.254996883744892
15929,3.064739012804816
15930,7.3619698197283
15931,8.205903123000784
15932,3.6780111596111507
15933,6.79203105339638
15934,5.163179265409663
15935,5.678201712043833
15936,5.071353231656442
15937,6.179679522405861
15938,5.271636555486482
15939,8.638218660243318
15940,6.130863708694501
15941,7.3201159149279915
15942,5.393354085614043
15943,4.225576053388176
15944,2.9906745206409067
15945,8.59307283491372
15946,3.7870643724376643
15947,5.128263661163397
15948,7.387411157479147
15949,5.7841359420059915
15950,6.400856676087121
15951,6.027011234287992
15952,3.5523169401913894
15953,8.803520302367051
15954,7.57508421065157
15955,2.269265277542664
15956,4.312141567162536
15957,7.739437672808806
15958,4.016621974184643
15959,2.749228843171696
15960,8.083957324025494
15961,6.3196759698665685
15962,6.3947020832118815
15963,5.500186058531261
15964,6.350058413556361
15965,3.7535903603138157
15966,1.4971203435859382
15967,3.32030806064812
15968,6.362085424529908
15969,4.168347324266565
15970,8.290603107105444
15971,5.381048288330055
15972,8.867790204473279
15973,4.431892103055233
15974,9.117211647996294
15975,4.516392143600612
15976,3.270288849835739
15977,8.083937630044044
15978,4.992690978535591
15979,4.859050517764549
15980,6.072253733843879
15981,0.8071897754593094
15982,6.389078811736329
15983,4.439236623633502
15984,8.756516009646834
15985,5.527074812612044
15986,7.123313045053006
15987,4.995060434098095
15988,8.211515215029422
15989,5.371869066002534
15990,3.6548614888427173
15991,8.683600270928453
15992,6.113908722781594
15993,5.12781041582034
15994,7.067375018404597
15995,3.5450681367328154
15996,7.226159854975677
15997,2.723743781300166
15998,3.0389256047052875
15999,8.473831512061835
16000,5.473810495747466
16001,6.074128358414409
16002,5.392384837311808
16003,5.45085234116317
16004,6.308097711587656
16005,7.8981199641200295
16006,5.63514678760597
16007,3.0885985183443587
16008,3.7108937646106033
16009,6.4350259693292955
16010,7.16867266077562
16011,4.545696443986113
16012,7.025041234202751
16013,8.648920654787746
16014,2.6458969897501214
16015,7.98895127304921
16016,6.730518929739815
16017,7.960416575229244
16018,5.269659764671856
16019,5.8927411308807285
16020,4.934225185610783
16021,6.091064278517335
16022,3.765988547555217
16023,5.948412710152971
16024,1.1543480093114296
16025,6.812218044567249
16026,5.585341775340491
16027,3.2168370218748614
16028,8.611669491844609
16029,6.271702914211303
16030,8.810235939620132
16031,4.060947218028217
16032,9.497574619725686
16033,7.574638846830204
16034,6.766442274649243
16035,4.9617226149369955
16036,7.4140121099578105
16037,6.160992373546857
16038,5.662931504751669
16039,6.522544485334008
16040,3.7861472012688577
16041,5.651236619550546
16042,1.5469240036287424
16043,5.131711180157114
16044,2.8552068705093037
16045,5.790940522073529
16046,6.894909440280419
16047,8.004230457682755
16048,6.640621021599086
16049,7.925924092904031
16050,4.003859338800553
16051,8.060018983106657
16052,5.402193185804585
16053,7.311519998556231
16054,7.771326489781973
16055,6.847812443056165
16056,9.361122318884762
16057,4.52528366832361
16058,4.376691946735825
16059,5.647092480311634
16060,2.4017269273719997
16061,5.931884694760833
16062,5.686230714840203
16063,5.1617441945477145
16064,5.322157912900819
16065,7.251719241170644
16066,6.635664310939331
16067,6.640580320582389
16068,4.497746671318286
16069,8.680524086551952
16070,4.548081120035753
16071,5.15492811762977
16072,5.745584352258772
16073,1.5881811955562393
16074,7.500077115874219
16075,6.053618331589601
16076,8.80291771808043
16077,4.9918866375414925
16078,4.36405057993971
16079,8.414923904696929
16080,4.499568882840544
16081,2.4018624716685935
16082,7.015215644860206
16083,4.860153981625254
16084,8.049074191907327
16085,5.448041417975875
16086,6.6486643304613775
16087,7.5055623040749975
16088,6.656965730551648
16089,6.410083275227386
16090,7.965604096218694
16091,6.366114927212843
16092,6.006855378727801
16093,2.1191094499871364
16094,3.4979209319014664
16095,6.382674628347699
16096,5.7977562470799615
16097,7.216695282883935
16098,7.7622330946323235
16099,6.102974855945889
16100,7.21652149611639
16101,4.5407469865572825
16102,6.44755970772086
16103,3.3053932945277675
16104,4.79757401423552
16105,6.3610681608164406
16106,5.1602890087103015
16107,5.50011146826889
16108,5.1522953828884575
16109,6.419089818013717
16110,6.130323818718698
16111,4.497458755301796
16112,3.4416163345786335
16113,5.652404452169325
16114,3.7905852216665776
16115,9.611094751960355
16116,5.212279926195263
16117,7.36515640836775
16118,5.259620375089525
16119,4.56146600797539
16120,5.082853736529181
16121,3.371461044123366
16122,8.839984765618714
16123,6.857728609897803
16124,6.577149178916778
16125,5.738846961523275
16126,4.702151625549358
16127,5.705600030123906
16128,7.8366573046425465
16129,6.235020453101982
16130,6.427188558333217
16131,4.240585770123443
16132,6.4063589038029365
16133,5.608951068527528
16134,6.959002026844956
16135,8.205383134827384
16136,9.428554411625349
16137,7.131314205507378
16138,4.665169625044502
16139,4.759666619905719
16140,3.000074172209985
16141,7.786359850691739
16142,6.745803494269546
16143,7.488317754133373
16144,5.428087302012912
16145,5.4471156681174975
16146,8.362621865080012
16147,5.972844776545427
16148,3.855390756079263
16149,6.6223654476667235
16150,6.389227328487653
16151,5.130321804757206
16152,3.466277039513408
16153,5.303081805245313
16154,6.808353679834833
16155,3.4843457454804065
16156,4.24510176984527
16157,6.168205065180909
16158,4.331135227393334
16159,9.290725836751843
16160,8.498827099857914
16161,3.37407830954374
16162,7.1929655115798985
16163,4.549663575863919
16164,7.858785997397588
16165,2.1352475822110177
16166,7.4896893004884575
16167,8.05799451609673
16168,6.387867036719644
16169,5.787665328302937
16170,5.318082918205355
16171,7.689486041827472
16172,8.87384386779458
16173,2.777480885766889
16174,8.874370626551046
16175,4.6777297311028345
16176,8.20596552426154
16177,4.169376823431703
16178,7.863997313523642
16179,6.293635140968366
16180,7.048610534385887
16181,4.940426914744904
16182,2.367198879952877
16183,8.81763079534645
16184,6.040540219626427
16185,2.4400606260405824
16186,4.21612336258942
16187,7.2161426949553515
16188,4.435542257878666
16189,5.364095372645672
16190,3.8361385100155996
16191,4.47256091424444
16192,8.970640610807962
16193,5.200990729191828
16194,6.801477523869506
16195,9.214412574647373
16196,4.306501531203991
16197,4.226867187902062
16198,7.381384595710323
16199,2.780875816363621
16200,7.347167060600766
16201,6.690769507056444
16202,9.05291565214764
16203,7.45882811994343
16204,7.6977655077218845
16205,5.273909681308218
16206,9.225396724041754
16207,4.045565182777465
16208,6.997488206876447
16209,3.2889383530309275
16210,6.039718381277745
16211,5.40876753631752
16212,4.142191028707079
16213,4.504410618560873
16214,7.845737601671467
16215,6.726039617024784
16216,8.083726258912977
16217,2.2668528718443173
16218,5.634003705429223
16219,5.9109022148023085
16220,7.223600201414648
16221,7.6496018698917005
16222,3.8991237164332504
16223,8.857449825384068
16224,5.083539502435075
16225,9.104823758203414
16226,6.587480558723545
16227,3.6935117695763235
16228,8.47361238716554
16229,7.532916668525551
16230,5.805562328986038
16231,6.460404795256597
16232,5.0774513733770705
16233,5.59859670885018
16234,5.426785173602053
16235,2.7750393655893117
16236,6.467926623446344
16237,7.671535179319001
16238,2.3238356354703127
16239,6.861040844082665
16240,8.613552976382316
16241,9.13290329682589
16242,4.635503932353154
16243,7.296636900937654
16244,5.347377228435131
16245,7.919235783150033
16246,5.818331100427356
16247,3.7463898788481136
16248,8.323035430657093
16249,7.772518555393869
16250,7.629406602626238
16251,6.328304760968247
16252,6.031793034289478
16253,7.089026279563535
16254,2.9531354517195507
16255,9.388245634049207
16256,4.9246676957499655
16257,5.009022712952885
16258,2.432027889623828
16259,4.694520035460005
16260,5.670041327507265
16261,4.679809300373215
16262,6.080627462113546
16263,5.917098561662834
16264,5.00740258596671
16265,7.294273132062326
16266,4.161704444077305
16267,6.7840066901299165
16268,6.6138612044274465
16269,6.405426389352494
16270,9.174198859080622
16271,4.182595370640869
16272,7.105253997530259
16273,5.867609238608082
16274,2.260839423461623
16275,6.484124531042115
16276,7.478935991412821
16277,9.036345980523244
16278,5.305897050760626
16279,7.422657903111601
16280,7.88462743727722
16281,8.549043820737966
16282,1.7721952918728574
16283,7.396870386555019
16284,6.6556814580939605
16285,6.375147109707212
16286,6.402839813690347
16287,4.825138655005858
16288,4.561919696400551
16289,2.9355150863046795
16290,6.640187093351953
16291,2.7691126813354803
16292,6.742668045400369
16293,7.646647443757163
16294,7.664495825860725
16295,6.889711364362377
16296,3.8269044872525106
16297,4.340956670422776
16298,4.842950146377273
16299,4.641066393411348
16300,5.674344017527228
16301,4.872961123355538
16302,5.734119875442229
16303,6.7514377210625645
16304,5.80442912143091
16305,5.60494339300251
16306,9.247024085627544
16307,4.395311558068125
16308,6.558921466365678
16309,6.010198121026535
16310,5.119602071570623
16311,4.314478535826043
16312,7.352532548539624
16313,4.868275852122451
16314,2.6691271057492334
16315,1.2314933829777557
16316,6.284411915083338
16317,4.953554891162857
16318,7.6770609671953824
16319,9.14913394530621
16320,7.614302515530156
16321,5.907179462598815
16322,0.6590577440372414
16323,8.017086033630774
16324,9.121368118079541
16325,7.260542609751971
16326,6.6923220284711045
16327,8.242300842485939
16328,4.669026713041095
16329,7.738771478209738
16330,5.624082658081315
16331,5.234167356281872
16332,7.9537341990989985
16333,8.369702275350562
16334,5.908434719163489
16335,3.447545788401664
16336,2.8256442021868025
16337,4.853033580119222
16338,6.6706336164352455
16339,8.178646900333689
16340,3.663230061290841
16341,6.561139676515003
16342,7.995928964713171
16343,8.069645054400098
16344,7.481601097956028
16345,7.086109876167896
16346,4.498558742057146
16347,6.8134341070214095
16348,5.820105342198346
16349,4.022972417284203
16350,7.704878198994818
16351,5.255354676118285
16352,4.877715693791854
16353,3.681449496093492
16354,0.6508259572592605
16355,6.72777326465139
16356,5.969140507407758
16357,8.523829745110737
16358,7.544057537961823
16359,5.38834410692337
16360,3.897445056528601
16361,5.007231432872077
16362,7.008180765437784
16363,4.816489544008317
16364,8.261153288346044
16365,7.002197882262115
16366,4.598743370630815
16367,4.524979472157196
16368,3.8423493565445965
16369,6.571278723756061
16370,7.437124131709054
16371,6.747681175930368
16372,1.8724592315347648
16373,7.513799918488825
16374,6.041992304995276
16375,2.121682041158019
16376,4.2627423546579175
16377,4.687407765443384
16378,4.46497680349101
16379,7.468604939701686
16380,4.4212432698039805
16381,6.2788426509940285
16382,4.58253145273323
16383,2.3285253783765265
16384,6.159216549043862
16385,8.206070360740572
16386,3.08307902895334
16387,8.193200317516444
16388,4.978416935832408
16389,2.1747356991860114
16390,6.309464388729818
16391,5.215123609530259
16392,8.29371671272336
16393,2.7906484360316566
16394,4.251892437403983
16395,4.818312683553863
16396,6.9093305874623505
16397,6.367923849659312
16398,7.019166271701533
16399,7.742389477909308
16400,8.426374863342511
16401,8.36855290833848
16402,8.840792271033884
16403,5.459881680084207
16404,8.122575344560975
16405,4.103725994284901
16406,5.781293916809134
16407,2.938823703671892
16408,0.9612323590192426
16409,3.627195724831264
16410,3.72415812808405
16411,2.895940969969817
16412,6.030775482065688
16413,8.960800058424583
16414,4.535691537040409
16415,4.443772828664034
16416,4.656311884345228
16417,7.0484656400624575
16418,6.516675290832092
16419,8.132293697305311
16420,6.736080810977618
16421,7.450912263505886
16422,1.7468092166450617
16423,3.314316856328668
16424,7.349232492758787
16425,6.553590077135579
16426,5.900129288478519
16427,7.208816835168362
16428,5.575284836649375
16429,6.7539734693878835
16430,6.905674181187695
16431,4.586896330340009
16432,8.066977745941589
16433,4.598164022910695
16434,6.742641096438822
16435,4.906184819082538
16436,6.6592797326354125
16437,9.544169936832548
16438,7.250755027188516
16439,5.453235619326308
16440,7.257131295150455
16441,6.186781650352843
16442,7.808743581469095
16443,2.5272700886151425
16444,7.788463439802722
16445,3.271576829671071
16446,2.6796530057958967
16447,6.254797532707216
16448,5.993249246032775
16449,7.697207659648901
16450,8.064161107883894
16451,4.471651467675608
16452,8.301734849828332
16453,8.759163056516352
16454,5.45637817029472
16455,5.508181638135361
16456,2.2317366067053968
16457,9.878260659111218
16458,2.000673925920169
16459,8.052157398371145
16460,1.5908704660598563
16461,3.127921588347234
16462,2.791195263747897
16463,5.66715239568857
16464,8.993604428108075
16465,3.8582425356725842
16466,8.476372285251232
16467,2.8296823562174707
16468,6.813406763153386
16469,7.8101396418904425
16470,6.7477403052221625
16471,4.783031551711094
16472,3.2588564392247696
16473,4.907406587200786
16474,7.262861795063687
16475,3.6657923595340707
16476,4.570016496906976
16477,5.865853750594291
16478,4.907831733208397
16479,5.310982102238137
16480,3.2947132690101713
16481,2.7070913632633262
16482,4.928914672802922
16483,2.9075020401969613
16484,5.77270055526288
16485,7.078739342581942
16486,7.978736474299074
16487,6.420819416484754
16488,3.0322299135267943
16489,7.765494039342544
16490,4.744113218176146
16491,7.491235157459469
16492,9.073505844367205
16493,4.236859167112793
16494,7.287269703277385
16495,4.160160294958978
16496,6.783426804509558
16497,8.548355125566609
16498,4.041602682263706
16499,8.474541397313441
16500,9.652081460785208
16501,6.203953166256892
16502,9.405717692684792
16503,8.961287310757491
16504,7.448089206769576
16505,2.8912669814155634
16506,6.119383756450478
16507,5.594962425871326
16508,7.810856315468838
16509,9.241031347299492
16510,9.49512234680439
16511,5.6068626614224515
16512,4.573074534276844
16513,8.805786293274602
16514,6.511048554220343
16515,5.585914420889532
16516,7.992697602395071
16517,9.289211132718458
16518,5.272628927167422
16519,4.28242573053457
16520,5.938438205359005
16521,7.30893953950768
16522,5.06806454971243
16523,3.097649026440642
16524,5.17751027677728
16525,7.6097620271340505
16526,6.438137236256512
16527,4.160731801276302
16528,9.008513432736162
16529,5.267571848183853
16530,4.879811290692192
16531,8.463672969684547
16532,5.300836070224367
16533,4.684153862708677
16534,6.591965985894283
16535,4.427869818409872
16536,6.263879194229425
16537,7.5858531120262995
16538,6.756112356418243
16539,8.90613755452413
16540,5.977588197170073
16541,4.357302766399138
16542,3.565087032201823
16543,8.94470013074321
16544,5.307763162719501
16545,4.134531232824477
16546,6.673487748095029
16547,6.854680333113355
16548,6.307596687597556
16549,6.065097617563208
16550,6.2388951508313655
16551,4.060736190248196
16552,5.890772845666483
16553,3.9247543439745227
16554,7.215788311863557
16555,7.116053877146163
16556,5.211619355788428
16557,4.733635602661149
16558,8.473206413686682
16559,6.622407779119937
16560,9.59538438104839
16561,3.5477029077581945
16562,9.202805866294492
16563,7.32314348321661
16564,1.663112829652329
16565,6.510025385001696
16566,5.4548196206098165
16567,7.904904219348618
16568,4.09440599052361
16569,8.167597897039538
16570,3.5942162871821637
16571,6.66518472684756
16572,7.577787556682186
16573,7.451425181516123
16574,9.154937818076949
16575,4.009388910259146
16576,8.519683678932779
16577,7.567825468721589
16578,7.735338332022816
16579,7.528857981086506
16580,5.626618125739891
16581,7.120955300418908
16582,7.248898451204759
16583,5.769166175010244
16584,7.353457859464975
16585,2.472517352451577
16586,7.132462935664206
16587,6.450047247301537
16588,4.674408973204432
16589,8.423401458013686
16590,7.9117569876697935
16591,8.380844317763785
16592,8.53034953764956
16593,8.489960449824729
16594,6.9902628049858855
16595,6.619750864164502
16596,7.36390889194862
16597,4.717888523741967
16598,3.190968737045634
16599,3.964405207015665
16600,6.238639477517509
16601,8.263725439748606
16602,6.132416503480951
16603,1.6544209913388919
16604,6.602353145571458
16605,2.1952819933309176
16606,6.060991955456539
16607,4.787675158834183
16608,4.906600036766713
16609,5.403771132857385
16610,9.485319927549963
16611,6.15193300955573
16612,5.119406840883883
16613,5.232947846894295
16614,3.7453199002943705
16615,7.6649609871344655
16616,6.257375162585049
16617,9.296859691001384
16618,6.625564067330346
16619,5.49715971631413
16620,3.5867137229962744
16621,6.648972927481064
16622,6.860990362553294
16623,2.2358599498634266
16624,5.1908538318926185
16625,7.329033762401511
16626,4.737034696078631
16627,4.109614843064867
16628,8.569508450444456
16629,6.771188794091039
16630,5.712338017962662
16631,5.346888982218111
16632,4.30262014511049
16633,7.925586820193624
16634,7.870064009605856
16635,6.455966675320506
16636,5.798110134648645
16637,5.4424204300755585
16638,4.008507817974377
16639,6.025185694029848
16640,8.2397352721943
16641,5.227906695109833
16642,6.477384166903144
16643,6.0146375669629375
16644,5.59018628760815
16645,7.484996427680102
16646,8.203827230688724
16647,7.57036884425658
16648,8.553926666202873
16649,7.846444132832264
16650,8.918336106747766
16651,8.076667782429212
16652,2.3490408359970503
16653,6.643291073296012
16654,7.59023640915753
16655,5.049389961841927
16656,6.484909804911164
16657,4.793075202088235
16658,6.987976161050464
16659,3.7795294668788673
16660,6.927677092917748
16661,9.876326058394651
16662,7.950926669856023
16663,7.187882428312429
16664,5.642018581051036
16665,1.9487668371248343
16666,6.265629910152122
16667,6.3983826863299065
16668,6.556243874298094
16669,7.082319109721121
16670,8.112082282511489
16671,8.364579218644156
16672,2.9211979909788552
16673,6.428198918852019
16674,6.796773218969281
16675,7.566120571063693
16676,9.75310132847638
16677,9.296428566889329
16678,4.781894536674287
16679,5.634403010805455
16680,9.28132558828949
16681,3.7047272406420855
16682,7.045070077237032
16683,6.668917483288686
16684,5.829914638489952
16685,8.22210799295373
16686,6.871770023676533
16687,5.683608992741756
16688,5.07965135932074
16689,5.87218893107436
16690,6.543176346748923
16691,6.374010232969479
16692,6.286525707854294
16693,5.080828243437733
16694,7.330613419868298
16695,6.920008563957146
16696,5.924061802108643
16697,2.859730149830692
16698,5.19632233597096
16699,6.791776409513986
16700,5.10771947486938
16701,3.53807265214663
16702,7.011905870620631
16703,7.104065340326228
16704,6.014213129332944
16705,7.1297881592364964
16706,6.9953416776238795
16707,6.186513129699498
16708,7.188249593378796
16709,2.747067865217302
16710,5.55817525935671
16711,6.8005747206497755
16712,6.740061004071781
16713,8.684941282145434
16714,7.3274790768376725
16715,5.1515096986033795
16716,7.504056214812666
16717,7.631057615468572
16718,6.224702060190753
16719,8.651632405331487
16720,4.636006231316925
16721,1.6849042125162246
16722,7.99469750100408
16723,2.8419462621878417
16724,4.685836424803984
16725,4.644006491036808
16726,4.573439975992577
16727,8.071350533115528
16728,2.2371834814329508
16729,5.738180377961592
16730,5.0129286897890015
16731,7.277297136741771
16732,8.45409132507106
16733,6.1727486116932875
16734,4.919556614063021
16735,1.989872192119349
16736,7.671874353216179
16737,3.6067724019856153
16738,5.577357128476831
16739,8.113838234276763
16740,8.191716754876376
16741,8.500061579516046
16742,7.582649979547426
16743,4.08746961913648
16744,6.56140962774848
16745,7.745164014759398
16746,8.576665374920584
16747,4.551433746389948
16748,6.465800199264347
16749,6.52848746910086
16750,5.8072575461104545
16751,6.5291093773325075
16752,5.589704593959113
16753,8.029738641524808
16754,7.4406174365702515
16755,7.081284368770197
16756,7.025523907883435
16757,5.651525387371833
16758,5.336232137403337
16759,6.4318462337373
16760,3.21664064139273
16761,6.5796910097146135
16762,4.758305343714812
16763,4.482390503760545
16764,1.7008117078472473
16765,6.651518040293901
16766,4.014754182438539
16767,9.189595577520006
16768,4.581093571317128
16769,7.4921629803902885
16770,2.728283664205185
16771,8.31639139474923
16772,4.302645669642159
16773,3.278494827464247
16774,2.8100583854298375
16775,5.797639253868658
16776,7.058869429127685
16777,3.677734293004732
16778,7.325315742580409
16779,6.265563468333133
16780,6.121467661655239
16781,3.909955685048594
16782,8.465607872727961
16783,4.973958831430649
16784,7.755987901670097
16785,6.440858116128642
16786,7.787944621928639
16787,4.971518751573128
16788,5.166337180774787
16789,8.578407549076214
16790,8.353097619687427
16791,7.820411771746008
16792,8.754209672789887
16793,5.802122912205795
16794,2.8065785890258583
16795,4.305938621762008
16796,2.4143791407777178
16797,6.105845798108822
16798,5.162760668844823
16799,8.466992760565034
16800,8.699655584079583
16801,3.5970614765425184
16802,5.641856905418969
16803,1.6891693611997942
16804,6.937126106727814
16805,7.201627156147543
16806,6.866050509269363
16807,7.379306563389197
16808,2.9770780972334223
16809,5.743247561676226
16810,5.669407412857229
16811,7.171018128492393
16812,5.86765364705963
16813,8.274973213992446
16814,6.973915027064353
16815,8.06295692752387
16816,8.407927597955183
16817,4.816721576666434
16818,4.124759844397168
16819,5.4188519081077775
16820,4.95768560733814
16821,4.8725997206159954
16822,5.739480971241347
16823,5.839353500927482
16824,6.037953987032633
16825,7.6377538853773626
16826,4.496890452683088
16827,6.689711695167914
16828,5.541026432099955
16829,2.5272930804595255
16830,3.777598417303191
16831,6.19483982966533
16832,7.088485641337313
16833,6.81109453193068
16834,3.0652651807290394
16835,8.099739516901796
16836,5.998334120108396
16837,4.886135851411142
16838,2.7192280715210213
16839,8.830767730977607
16840,5.244747135410174
16841,2.335499512896864
16842,5.868061091579329
16843,4.550545844604844
16844,7.091330614707084
16845,4.823510118101041
16846,8.254088768496224
16847,7.305940177369557
16848,6.098456254296292
16849,8.438375188000979
16850,6.1180311816197435
16851,4.224092399607024
16852,5.631832731856855
16853,3.602181390186161
16854,9.412587334694038
16855,7.744650594855035
16856,7.973802297732467
16857,9.964471078182257
16858,4.771946347845076
16859,6.828327255079911
16860,9.440837402798012
16861,8.78228845402922
16862,5.153710828613825
16863,4.530584483656355
16864,6.3787573575481895
16865,9.423694229572321
16866,2.8817297289150066
16867,8.683992120174747
16868,5.79740589149347
16869,7.210265891286202
16870,6.373311153827062
16871,6.357989564127281
16872,5.376584385934215
16873,7.927193544352777
16874,4.710251493659134
16875,5.380058185742069
16876,1.5827415617642684
16877,4.248853088752661
16878,5.861789619470429
16879,4.781005431844264
16880,6.689509625928663
16881,7.827005649147756
16882,8.960872493597208
16883,9.254128740723983
16884,6.5558677697075245
16885,7.3793647647362475
16886,1.9570921196918682
16887,5.289907529510718
16888,1.4405609764986833
16889,6.032477455103786
16890,7.089047295046159
16891,3.8938155470927263
16892,7.200750370837223
16893,8.939781460298349
16894,4.182278980446169
16895,4.266909504062962
16896,6.882745277224111
16897,6.778702930453004
16898,5.0084599097245865
16899,8.934237353064349
16900,6.66502813279414
16901,6.532246419809721
16902,5.261511170294088
16903,8.56094644316546
16904,8.469165743675187
16905,7.634277428906994
16906,3.1294127942762
16907,9.190565697100478
16908,7.191530068806998
16909,3.3145033625173497
16910,5.399657684500369
16911,6.141261270936819
16912,2.892226249963599
16913,2.2047844401455308
16914,8.825566191169974
16915,7.915756784935942
16916,4.182318926356348
16917,7.133934342905614
16918,6.760434569361431
16919,3.6454924648617304
16920,7.422877906710286
16921,3.257968207341187
16922,7.720864393560157
16923,6.876838183305159
16924,7.650188263940062
16925,9.19057807877627
16926,4.311419819139129
16927,1.5869485406336246
16928,3.4891007381574948
16929,6.373559886451334
16930,6.170671520121224
16931,2.9115165981197406
16932,4.126501444444859
16933,4.640678306864573
16934,8.94345405470805
16935,2.8949077824461966
16936,6.8714382531052545
16937,6.56167098812159
16938,7.861724030239655
16939,3.47477390512169
16940,4.235601860421629
16941,7.416873117765083
16942,5.138027952590576
16943,5.088625242050067
16944,6.773284601270811
16945,6.675088010340616
16946,5.415648556614527
16947,3.8134526514983875
16948,5.46169494170524
16949,3.6158228999632755
16950,7.492300158102085
16951,6.8353388796386785
16952,7.973599461409172
16953,5.308105137625035
16954,7.349058808705181
16955,4.799430750545529
16956,6.613182370007
16957,4.511149460876399
16958,0.941386189456928
16959,3.35488670479391
16960,4.118040027152099
16961,7.700621022261192
16962,4.009409974134944
16963,5.914863944218657
16964,8.39582748959216
16965,2.9420783582761514
16966,2.8618697794190697
16967,5.945421791575554
16968,6.8030512503241765
16969,9.936519476416793
16970,3.5005668095184945
16971,7.457252127116828
16972,2.5015246486081466
16973,1.1587132522424461
16974,3.8960535253766557
16975,9.135930715750387
16976,8.374727565021152
16977,8.641811770200441
16978,7.064907477936025
16979,5.076752308978926
16980,7.159978801966332
16981,3.220700222630246
16982,5.56518916598817
16983,6.911007267327238
16984,7.301198887276406
16985,4.987657805857709
16986,7.3645443619391155
16987,3.8345694713064464
16988,6.6908092779786115
16989,3.8180416296323116
16990,5.225159122040106
16991,7.529517274378437
16992,7.112166430033674
16993,5.185172184033414
16994,6.662288069761025
16995,5.121626260506365
16996,8.961019003459764
16997,3.8868776187362326
16998,5.367057360082815
16999,3.6042087254971964
17000,7.517225861824164
17001,4.085369286668354
17002,6.933001333265393
17003,8.084984451706138
17004,8.95753163122961
17005,8.86979212221167
17006,4.0249204450126514
17007,3.719291358541825
17008,5.2226898324250906
17009,5.569005293667315
17010,4.256653259842693
17011,6.427745209511517
17012,5.975029899099894
17013,7.374192207274369
17014,5.338976100764647
17015,2.9606834911981443
17016,7.084693256753748
17017,6.938501111062227
17018,5.06073147808011
17019,7.638744112587121
17020,7.249657737741694
17021,5.285839026089753
17022,6.209119728695177
17023,6.972814315430917
17024,3.222197930091384
17025,5.646335056883887
17026,5.206415697597326
17027,9.416378876427405
17028,1.4907978445762655
17029,4.132580522991554
17030,6.321090001228019
17031,9.07400338827447
17032,3.539560719924859
17033,6.415790341574937
17034,3.6301460378099693
17035,6.718768575424357
17036,8.952024264770808
17037,2.899324985260936
17038,3.4902834082900975
17039,8.703821736675014
17040,6.44876018606761
17041,6.597487478388928
17042,4.240241149689372
17043,5.478408764811046
17044,5.783732848785856
17045,7.049891621756247
17046,5.53597930057322
17047,9.09172274500961
17048,4.332580666479327
17049,10.07937709895899
17050,6.66003588607121
17051,8.12327541053482
17052,6.271207784434176
17053,6.547152729599718
17054,3.486560345682233
17055,7.569132060353001
17056,3.7570672168215826
17057,5.430965402359616
17058,6.779289287612041
17059,7.030979746663304
17060,6.0590289274295195
17061,5.754708104626595
17062,2.9335018922588634
17063,6.90153728665642
17064,7.322730565416091
17065,6.9641263257342905
17066,4.471715139124981
17067,4.69818201247129
17068,7.5231735567849425
17069,8.192533991534264
17070,6.651988485979551
17071,6.197952766611125
17072,5.688113333642886
17073,6.660317622601511
17074,4.312411036834263
17075,4.9676777561809695
17076,6.121609574635554
17077,8.152826150072173
17078,5.027477009632502
17079,6.45720499580938
17080,3.9677634936534565
17081,6.370655629933201
17082,8.187203557028269
17083,5.183330985575223
17084,7.910866762097104
17085,3.808117789027718
17086,1.278787183034586
17087,2.4888937746530027
17088,6.980407426591473
17089,7.937004554889416
17090,6.470280861862072
17091,8.121486247406548
17092,6.680024609949113
17093,8.447221751502633
17094,2.2769179389288188
17095,4.961167442799767
17096,1.7773537818731135
17097,2.328528751021404
17098,6.35631113562666
17099,2.1966535343030356
17100,7.963064413664801
17101,6.299747884742818
17102,7.569731908565963
17103,4.478052197328507
17104,6.810599269053826
17105,7.594037539638471
17106,5.7412302282563745
17107,1.7637757784341606
17108,3.976058067592056
17109,8.27299331136046
17110,5.705105162735272
17111,4.649506894692729
17112,4.624266885869978
17113,6.501926581808053
17114,7.179883588741291
17115,6.660501651253693
17116,4.830068259919699
17117,4.562781778070072
17118,8.478468001166087
17119,3.081897825916839
17120,5.301116468407048
17121,5.565878052917604
17122,8.36694431635631
17123,4.712259073747855
17124,7.7031253899838426
17125,5.710467544230117
17126,5.254916240139494
17127,5.848308414517726
17128,7.860878359922686
17129,1.9351717705457663
17130,9.348556323339636
17131,8.592321350036743
17132,5.519933617539832
17133,5.902530187565011
17134,4.834909280142872
17135,6.325598856256632
17136,3.6169713291675016
17137,7.8388663742017926
17138,6.568814199539753
17139,9.559921593966326
17140,4.82685916047501
17141,6.112308521256193
17142,4.072818075135348
17143,4.667804449628447
17144,4.601378878202769
17145,2.455189501700611
17146,2.685350814271413
17147,7.556325222835015
17148,4.247119393613627
17149,6.768540709004359
17150,1.262774756711715
17151,6.536349753234033
17152,3.4133067644411543
17153,3.8851166539996678
17154,3.781876679341252
17155,3.284194408983275
17156,4.314027560774118
17157,7.565416190532686
17158,7.006192329931174
17159,8.278641253933461
17160,4.559224022558193
17161,6.926990036064561
17162,5.7497244443690585
17163,8.223187916965221
17164,8.435546618470795
17165,6.008851128502277
17166,8.801673507534016
17167,6.215863846430697
17168,6.7644008189553775
17169,6.220134501448828
17170,6.580769441979782
17171,4.619676146695339
17172,7.394633222212736
17173,8.127460643559463
17174,4.613628311611032
17175,7.318148865584055
17176,6.36046027159513
17177,9.470250013887217
17178,6.783792868838672
17179,5.1513582024635705
17180,8.109819567076931
17181,7.270274891672009
17182,3.7414519992761455
17183,6.723334310083027
17184,2.9591321585324604
17185,8.34293520734991
17186,4.884184885664848
17187,3.7091035452498637
17188,6.165306242566887
17189,3.0171184944029332
17190,4.568799047315057
17191,6.3118856960258105
17192,4.258415207941596
17193,8.013664529955248
17194,2.889143925700779
17195,4.072247071849834
17196,8.716389300998062
17197,7.306308650295664
17198,7.289543832287018
17199,6.793514525224038
17200,4.533928088139894
17201,6.110746526307465
17202,6.826335538634529
17203,4.613681743743246
17204,7.287684624447721
17205,5.675511873897025
17206,3.8564107386655846
17207,4.01419838595195
17208,7.96804579394158
17209,8.684163301530022
17210,7.0370356764888
17211,8.056865910963932
17212,3.0868164309281685
17213,6.815307794854535
17214,9.000002086284807
17215,6.429021602001258
17216,9.703237209287366
17217,5.0951215849726275
17218,7.1849968604693135
17219,8.435279555713864
17220,2.8287579493887662
17221,5.891084310413133
17222,1.9419992333992315
17223,7.536066325792157
17224,5.713583686761828
17225,2.2392995518795606
17226,7.221434849115369
17227,5.774373308223746
17228,8.167982458199653
17229,5.819670248998127
17230,4.9397891142591845
17231,4.411727810857007
17232,4.374615195556691
17233,4.966884584175122
17234,8.57448132399663
17235,8.843236592190882
17236,5.5317875537835945
17237,7.549958726040336
17238,3.7186715737789684
17239,4.085921333799396
17240,3.798250970932997
17241,5.062494675503251
17242,4.199913701715779
17243,1.661547376733167
17244,7.943563594723351
17245,5.556886926256862
17246,3.65529797574362
17247,8.969421131833819
17248,4.8659632992797395
17249,5.645265530354123
17250,4.17140146275609
17251,6.156389900431915
17252,7.10535102795596
17253,8.600693941375882
17254,3.3845009551107643
17255,4.476302738977576
17256,3.697422333308235
17257,7.465167684660411
17258,8.485869918354982
17259,6.771470052052636
17260,1.9689943665077703
17261,8.427292998468982
17262,3.2409279263004906
17263,6.646488676746277
17264,4.574328076571536
17265,7.46799388027736
17266,5.369703802298842
17267,8.342467832801844
17268,2.9737185003177813
17269,4.7889013494365775
17270,7.691115194728051
17271,2.2112204610632458
17272,7.204565770691962
17273,3.542734259030432
17274,8.321342367512493
17275,6.841234982692772
17276,2.886235709215452
17277,4.096646179910643
17278,4.4160594469785845
17279,8.865486295284194
17280,6.1530946936717505
17281,5.792281824634238
17282,7.239278981727341
17283,7.039385475419751
17284,3.3578083074108918
17285,6.433511221152236
17286,7.145101500155922
17287,8.562873634870177
17288,1.5261043558197924
17289,4.804156600822363
17290,5.474844415552015
17291,4.437544810634089
17292,8.559052960408197
17293,3.6912994202380665
17294,5.502451074590357
17295,2.866486208288022
17296,6.712551667618148
17297,4.992797129344036
17298,6.812655037830437
17299,6.560115412113994
17300,5.2046841132315445
17301,4.338981254837431
17302,8.694737884858485
17303,6.007906245707092
17304,5.057626257695008
17305,5.7538081669977394
17306,3.010066423284786
17307,7.7494318703207306
17308,7.767488297032889
17309,2.2258449009585854
17310,5.731773697764263
17311,7.224853399335782
17312,5.994999364724407
17313,7.944455707421913
17314,8.43997675473073
17315,7.58729142973633
17316,8.862643045767822
17317,6.967993183206141
17318,8.217124078474663
17319,3.1242501063531956
17320,7.872043224141509
17321,4.6304789377599995
17322,4.067831055806584
17323,7.98104914169717
17324,4.6211834671908365
17325,6.283601418455941
17326,6.676460492734653
17327,6.273365588273354
17328,4.771047538962149
17329,6.651582324603731
17330,4.6936548612404065
17331,8.200350211712566
17332,5.756025008021525
17333,8.40661845049553
17334,5.335422679317324
17335,7.279306380996802
17336,4.131030746636585
17337,3.5419584171132126
17338,9.204137109570432
17339,2.550813632868298
17340,6.882028923739721
17341,5.546506388526669
17342,4.063716113156199
17343,5.733992671693409
17344,5.450636403012415
17345,8.662946528524541
17346,4.699572969891446
17347,6.465110887694889
17348,3.0211553688437514
17349,4.554046258163513
17350,6.768489876027531
17351,6.784959378616139
17352,6.197922883584117
17353,6.169959240529396
17354,6.972052391316515
17355,5.7334320420940434
17356,6.840533505991362
17357,4.62368327700894
17358,6.573731104309148
17359,2.731813076584211
17360,2.4149582692578826
17361,5.45074691371165
17362,8.449850995813417
17363,5.268547743922304
17364,7.659509744837891
17365,4.5194658750630525
17366,6.773495238727678
17367,8.483249444973705
17368,8.484924297834873
17369,5.007493402392059
17370,5.416047637151808
17371,8.145773486412034
17372,6.4130595803997785
17373,7.3481874233516615
17374,4.033245912296475
17375,6.161988958171598
17376,8.316104656786104
17377,8.105058743041814
17378,7.402680698735094
17379,5.376866007906681
17380,8.512499264735796
17381,3.8712862495167983
17382,7.137827850009809
17383,3.611170679022573
17384,8.077597773198965
17385,6.533540302394585
17386,8.807794027941425
17387,9.062555141413702
17388,7.626181873159546
17389,7.5497133549021145
17390,2.868463310640009
17391,3.767749082018216
17392,4.832723162661001
17393,5.249233968809445
17394,7.354923332144776
17395,5.198197400116227
17396,6.808590367210163
17397,7.470392128101391
17398,3.7279500482229637
17399,7.491119510837558
17400,6.235549785269643
17401,1.617603468483539
17402,4.087794354577922
17403,7.422071805771369
17404,6.219031313279038
17405,4.2557453233557085
17406,4.097479114192506
17407,4.1746770118392345
17408,6.310954508525708
17409,5.068338467459871
17410,8.44928784737921
17411,5.3053741280394195
17412,1.8764837158646355
17413,3.8882293736472775
17414,5.323347404710702
17415,6.0651759443402335
17416,6.630609282845478
17417,5.316779519053334
17418,4.5245289646183515
17419,6.331349247606349
17420,5.360100168241749
17421,7.440050225460972
17422,5.696426897300787
17423,6.5604292798664225
17424,5.353041469215285
17425,7.342336424755031
17426,7.29860980132566
17427,4.921460291010059
17428,6.659303709139303
17429,6.18168632535573
17430,7.755438551190468
17431,3.8412544072539943
17432,6.697114319650163
17433,8.094536675302315
17434,4.619374356635986
17435,5.237161190683117
17436,7.009564042569983
17437,5.902233866876193
17438,6.897897026001126
17439,7.372945072118142
17440,6.277152532702083
17441,3.397720027442208
17442,8.060537692079535
17443,4.86871145803524
17444,8.976640252609366
17445,5.714462504545198
17446,6.530051436896693
17447,5.5126852949209
17448,6.149281336430651
17449,4.0599550940779165
17450,8.762224521522958
17451,8.279134995901083
17452,8.637398753293072
17453,6.223042640856716
17454,6.991113578762228
17455,3.352555592006148
17456,1.48322312960018
17457,8.186930471475284
17458,4.945200703568135
17459,4.476945183676894
17460,6.835999841740877
17461,4.11187178410839
17462,5.1124339693189675
17463,7.614476762707867
17464,1.5116389321261101
17465,9.447238615618282
17466,3.4031129225659495
17467,5.752111374337611
17468,6.876079691225637
17469,3.8846076783224537
17470,4.126586795904379
17471,9.950504882171858
17472,7.793766930702582
17473,4.366055401991663
17474,3.936651269725135
17475,6.507505180488035
17476,7.014874720563814
17477,8.391809087768163
17478,7.250923930586581
17479,6.939364463057814
17480,4.5577134342080114
17481,4.721553249950198
17482,1.5106424453839322
17483,5.354956316871297
17484,6.07422343899135
17485,4.881343474130306
17486,5.2459415589853435
17487,8.63812950622301
17488,6.660620264365563
17489,5.450897572070636
17490,3.5799051671765985
17491,6.69773498368349
17492,5.996890738740178
17493,8.143346709345073
17494,6.2989724501336894
17495,2.6655550448204544
17496,8.395186645078613
17497,2.5110277533443686
17498,7.054058499491669
17499,8.650578790415626
17500,7.626460561335772
17501,3.7995311065144017
17502,6.119290729019198
17503,7.2960408469125895
17504,2.6630271584272336
17505,2.4530259927493834
17506,7.545474551646327
17507,6.371102256910373
17508,7.3466231079626825
17509,3.722613185212996
17510,5.719605460563058
17511,6.878310607663112
17512,3.0931315320465615
17513,4.652048300681411
17514,1.8574371275872927
17515,6.619195844642686
17516,5.651357417765874
17517,9.373269304171613
17518,2.2134299524877044
17519,5.744140815872701
17520,7.481102502302695
17521,4.054991119020412
17522,4.840620448333795
17523,7.294590834150188
17524,8.573686676384519
17525,4.731063046993878
17526,8.679023690116866
17527,5.083459460418551
17528,4.155727626896594
17529,4.802913253979976
17530,2.314492285187468
17531,3.2446390409693713
17532,6.202478774377114
17533,8.1470958999016
17534,3.0609777238623495
17535,8.142168882151733
17536,3.8958039759296517
17537,5.2150714936309095
17538,6.287477237047124
17539,1.358580810513887
17540,7.325904899338589
17541,9.504437039940303
17542,4.469437733054478
17543,6.393394023778599
17544,5.13908430116307
17545,3.6898952530733764
17546,1.6269328829183598
17547,7.272906831928837
17548,4.981444882623915
17549,6.382235437216607
17550,7.864709259502774
17551,6.152490960352021
17552,8.066365407891801
17553,6.474772686861194
17554,3.4664802985918555
17555,7.212916100317278
17556,4.2530695279482
17557,6.083665125056322
17558,3.1591942732407383
17559,5.689876156701633
17560,6.20576790165377
17561,7.694282889681761
17562,8.216202630374154
17563,8.447360596765005
17564,5.812885820666851
17565,2.9777199548929087
17566,6.2091366002953094
17567,6.411211900505833
17568,7.343778579991678
17569,6.665878190168185
17570,7.639603301878744
17571,8.333094788240572
17572,5.432210065321311
17573,2.8261508369338464
17574,5.8266766876015526
17575,5.604124675953508
17576,4.956582985256848
17577,6.150048428744853
17578,5.481395861060859
17579,7.688188052582177
17580,8.450258532106174
17581,2.0698112579819
17582,6.61612321132131
17583,6.989084536786713
17584,6.017535553074582
17585,9.000200107348014
17586,5.850993717139386
17587,4.033623030233449
17588,5.5504403592781975
17589,5.197366723980954
17590,4.420647050878835
17591,6.329310479470064
17592,4.408890920655011
17593,7.26562822521247
17594,7.742129272927296
17595,7.365013294884076
17596,9.779290537589592
17597,5.188880455952293
17598,6.766613427297846
17599,3.830368534336031
17600,9.298008778740288
17601,9.238300993286135
17602,4.974240214897264
17603,7.265314922256627
17604,2.8599178545888964
17605,3.5000771279486496
17606,8.208501280747713
17607,4.293962380486414
17608,7.032461374274239
17609,5.695307563897836
17610,4.072439841463493
17611,2.3207261641655315
17612,7.7263506327589795
17613,3.9306197038140556
17614,8.489974201976437
17615,7.672278354602463
17616,7.585471194166441
17617,6.881717531976269
17618,6.78956482224721
17619,6.413339688026675
17620,8.741277268205675
17621,6.15197210352476
17622,4.332221207173679
17623,7.879454365207881
17624,6.718319582158164
17625,4.160601563868992
17626,5.245435239340672
17627,6.423162880061576
17628,3.616241669348906
17629,4.934611929190794
17630,7.2958433179583775
17631,4.970945878698988
17632,5.964861717122172
17633,6.1066355781237
17634,3.684619703703094
17635,6.280391534393696
17636,7.699877720003912
17637,3.3639017649990515
17638,6.018655361064506
17639,6.288379245145203
17640,8.357723978369798
17641,8.254408743143427
17642,4.883754492505691
17643,6.301812932168002
17644,7.647640704162563
17645,5.787487325730407
17646,6.8144805669057575
17647,6.436472731644728
17648,5.928328345492892
17649,4.531633264285436
17650,5.405648059069791
17651,7.1219269804496035
17652,6.122111649386364
17653,4.6700379141280335
17654,1.466005763710391
17655,8.18983267306735
17656,4.29822930521137
17657,6.525730021379684
17658,3.699061565626886
17659,5.60990013336366
17660,5.822276408199387
17661,3.109520215521508
17662,1.79892580810517
17663,7.353294802505619
17664,7.0249166946159916
17665,9.704785151805794
17666,4.308294586677972
17667,5.945824176471521
17668,8.762697160982432
17669,7.746511069729663
17670,2.4785182905429943
17671,5.956172472378613
17672,7.136830281694864
17673,9.10232403090526
17674,2.994076045501736
17675,2.936477628989277
17676,2.8876147882446137
17677,7.491535252026812
17678,5.0713364284580456
17679,4.765363619444722
17680,8.881200317036301
17681,4.753434755670904
17682,6.725861463979707
17683,5.087128898167286
17684,7.907116799797298
17685,4.194852865652309
17686,5.924370443879371
17687,6.749217780293481
17688,3.889108187841737
17689,6.076695592694003
17690,9.363558261447185
17691,6.270885576980914
17692,6.0785286960089495
17693,7.158060910220866
17694,4.734664919444775
17695,5.247716643042962
17696,7.759066545958307
17697,7.816451414406937
17698,8.02618515865333
17699,2.164426416272294
17700,6.708465240909263
17701,6.6315168574450984
17702,7.27305067633533
17703,8.143554210955678
17704,3.9015641112196526
17705,7.076044639316919
17706,5.068556228486604
17707,4.081349584479687
17708,4.307508755849223
17709,8.863382698050085
17710,3.8901713852754534
17711,7.683837207558
17712,7.571482654534018
17713,4.262943371548004
17714,6.639915430981051
17715,8.904688425843037
17716,6.309136843640432
17717,4.284747474680229
17718,5.671372178971442
17719,4.831829165088657
17720,6.631801441960949
17721,5.94951027971859
17722,6.223771626102236
17723,6.074513675033333
17724,9.330217303592235
17725,6.10988029808071
17726,5.7224512838424495
17727,7.885976058390762
17728,1.7357871487225234
17729,4.008876060955297
17730,8.692913663308037
17731,9.639210085438538
17732,6.6562497440584885
17733,7.5656746303748
17734,7.795984418432633
17735,8.066946058189657
17736,4.289333496837276
17737,9.103558241911422
17738,5.509341822541975
17739,4.007424713006785
17740,8.333781831805542
17741,6.891642621347571
17742,9.283479192789624
17743,6.144291352571778
17744,7.161459753600633
17745,8.265810460224753
17746,8.393040679347617
17747,4.307202492876174
17748,8.663485147255845
17749,6.3639558443732165
17750,4.770153144240118
17751,3.768413716555961
17752,5.695900424602088
17753,7.038682688073622
17754,9.64196621181825
17755,4.844586507764251
17756,4.4113075672447515
17757,6.014410396274681
17758,4.914639269397807
17759,0.20779471252719972
17760,6.321588327046058
17761,5.968835664896172
17762,6.564789707082079
17763,8.57409495970736
17764,6.776778113236148
17765,3.7350864591804176
17766,7.258440990130236
17767,4.751704181760866
17768,7.549686062111963
17769,7.0899743785457225
17770,7.1449848539893255
17771,2.693951365580153
17772,6.109106747350537
17773,7.722479223737989
17774,7.897145541525073
17775,6.0197762959592955
17776,5.978062308245932
17777,4.9273975609364875
17778,9.359884448173728
17779,9.211009066244292
17780,5.077745427064457
17781,4.514464917669214
17782,4.7351251497165
17783,4.090337619659446
17784,3.6360767007276245
17785,9.567806774501467
17786,7.972194019323431
17787,6.107790926756868
17788,7.628945664066864
17789,5.3277450973347324
17790,7.927729703693822
17791,5.400446792359203
17792,4.083408589245497
17793,6.118357327628141
17794,5.466772965838999
17795,4.745877660575017
17796,3.850092112518063
17797,7.544809521065187
17798,5.6492825173059
17799,6.8352582886752655
17800,5.183281992432563
17801,6.054553534414377
17802,8.809703271736291
17803,5.634995602776261
17804,1.5087362168045413
17805,7.508500704670106
17806,7.012553251511056
17807,7.212039547804663
17808,5.910275411975162
17809,7.478325148420633
17810,4.6734825238195254
17811,3.535975286962286
17812,4.914763548526776
17813,7.8011723750014275
17814,5.589916427178232
17815,1.922849677277937
17816,6.363951419963787
17817,5.190355225541266
17818,5.494699382429978
17819,7.205674039090583
17820,6.726556459259222
17821,3.7840868366695926
17822,7.505683829878786
17823,8.635699401671268
17824,5.6740132660885285
17825,3.5129429562582883
17826,6.62679629709599
17827,4.439113289420302
17828,4.433743463814475
17829,6.184533067551585
17830,3.381331281621276
17831,4.336427062216113
17832,8.25765343775694
17833,7.763438279299393
17834,6.3155480983309085
17835,6.001066164442437
17836,6.74088553569399
17837,6.970649080855664
17838,5.031649164400367
17839,6.476081866743182
17840,8.234187184999163
17841,4.0923227068853185
17842,5.3226394509765305
17843,7.864595102107785
17844,6.342767855997979
17845,8.225693029434924
17846,4.405726009540968
17847,5.328612826726462
17848,1.773059479369227
17849,6.298672414984153
17850,5.324329467711321
17851,4.946251785392288
17852,5.084019295064227
17853,2.7468553169154353
17854,3.8217637906477355
17855,8.684016095349453
17856,6.358377637505359
17857,8.418094115324077
17858,5.905224076049153
17859,8.441210241898123
17860,6.457535744236179
17861,4.2770842954359445
17862,3.494040401802904
17863,6.951201629539274
17864,4.89773325835273
17865,6.578595815651984
17866,5.914127095665413
17867,8.272836221715417
17868,9.236311126635453
17869,4.755745580770975
17870,7.203682413819595
17871,7.649236106053696
17872,8.421175154108587
17873,3.9102255627500013
17874,9.381184050547942
17875,4.6280509845017335
17876,7.4413210568912636
17877,7.871763485563802
17878,6.172278832187647
17879,5.416872923137028
17880,6.221367550598458
17881,5.238099234971335
17882,8.253872010236796
17883,6.160987780569316
17884,1.6023492989773462
17885,2.8886694429311293
17886,6.041978933018969
17887,1.8301128589440436
17888,2.368756236597192
17889,8.169525926574714
17890,9.053023405941701
17891,7.095788110021751
17892,2.3183640948300632
17893,7.169606567107168
17894,5.559081741620924
17895,5.179155296312628
17896,4.013151630216749
17897,3.33053880049448
17898,5.768842481066499
17899,5.177783430643249
17900,5.6079515770318435
17901,5.792966820809927
17902,7.706003927648815
17903,5.7678459783611
17904,4.818437858062749
17905,6.439030415117934
17906,5.687053570318699
17907,8.701247200183372
17908,4.5421040111011965
17909,7.6488902769910165
17910,7.4334800017642335
17911,5.244822342174654
17912,6.981454798534158
17913,7.7888140584153
17914,7.098467186995475
17915,5.802370656689728
17916,5.746228041580946
17917,7.6003675295633855
17918,5.067479456568624
17919,3.443083973685588
17920,6.886901296019387
17921,3.462028227798147
17922,8.915872639095891
17923,6.458659325045883
17924,2.8278737154221654
17925,4.819156896535415
17926,4.745442788491161
17927,4.451371177832947
17928,8.710186107538444
17929,8.633891884143006
17930,5.797228001905467
17931,4.272619170256358
17932,1.4287800415296514
17933,7.045092538666969
17934,6.713051849853979
17935,6.694483980204177
17936,6.8666665110175105
17937,6.382067240501567
17938,4.593045535741262
17939,9.229993495839016
17940,8.677056679832742
17941,4.6848542882063064
17942,5.194371896952229
17943,7.173348602438797
17944,5.52981285430326
17945,9.06247633475342
17946,6.402334953210394
17947,9.233632107761146
17948,2.613969624133166
17949,4.236934285476412
17950,5.240060503158025
17951,7.948764428404627
17952,7.271986914490524
17953,8.635230727495568
17954,4.106952425234516
17955,9.587186965388545
17956,9.69837820161251
17957,7.544216720842132
17958,7.535376066399328
17959,7.053674530655993
17960,4.009426085292555
17961,5.895385549397206
17962,6.538585066104975
17963,6.209637271153864
17964,4.962481475152899
17965,7.767767081833608
17966,9.076011973657266
17967,6.549112431950252
17968,7.651280173071129
17969,5.952764145956952
17970,7.444405732456019
17971,4.139742714671902
17972,7.547698459169013
17973,5.25002096641853
17974,7.983808012415495
17975,6.656741016977897
17976,7.7374535229578445
17977,3.6166143760387826
17978,4.38099397147936
17979,5.74547068603172
17980,6.249193576054612
17981,4.514581637761826
17982,7.2039024542744166
17983,5.59998443559266
17984,4.026228031933538
17985,9.29794499549328
17986,8.619125341107122
17987,8.061278623067897
17988,6.010821280947618
17989,6.578798847757955
17990,4.835586135213771
17991,5.549389059555719
17992,8.537467249000967
17993,5.34997799449601
17994,3.8593176789117303
17995,1.654523336225135
17996,6.652419342769556
17997,6.863866335030649
17998,4.9204248200104725
17999,4.915145066638774
18000,3.7887656690078564
18001,4.719568562571068
18002,5.33524392641486
18003,7.039648604458683
18004,4.343584152698719
18005,3.512444029738927
18006,5.007141835699259
18007,4.162747206489925
18008,7.745813953788923
18009,2.0814352889702374
18010,5.9190327700036605
18011,6.860160717194831
18012,3.9389858319457396
18013,9.034449699303288
18014,5.407388413797411
18015,9.004406148259042
18016,8.88020141683201
18017,6.759531190370589
18018,7.618342560506024
18019,5.765564257652123
18020,7.369608474654697
18021,8.470412855651976
18022,5.864834043426868
18023,2.7737020632890523
18024,4.18313446487406
18025,9.180652691735297
18026,5.389417176549453
18027,5.027903040131909
18028,5.38993240186266
18029,8.611899825145418
18030,7.2591427568200295
18031,7.416673351704327
18032,8.031106009439833
18033,7.986499507445871
18034,4.525573656460894
18035,6.015850406717288
18036,4.399262136771132
18037,7.749962399544666
18038,6.464205115236899
18039,7.462890988669507
18040,7.122778806965754
18041,2.668179816666531
18042,5.7303837922367205
18043,6.455160585505762
18044,3.9705859191204866
18045,6.723312672751712
18046,3.5760993222655624
18047,3.2246926524760156
18048,6.161181739057824
18049,7.05453425661367
18050,8.882880523030654
18051,5.613549130368515
18052,5.411967934003188
18053,8.640152185344519
18054,5.672497553813763
18055,6.284653462245322
18056,5.894435522283064
18057,7.184422271904651
18058,6.4736549452819325
18059,5.298302853134841
18060,5.298515682607512
18061,7.430625904762844
18062,7.503347879144103
18063,2.647423410206461
18064,6.229081419554189
18065,7.477532186937509
18066,4.889494609426765
18067,8.843265678772024
18068,7.168178480506377
18069,7.386319499093864
18070,5.659026857800381
18071,6.882097835502227
18072,8.136446439922016
18073,6.666843520813793
18074,4.205335520132319
18075,5.342831769324623
18076,6.89723924196941
18077,7.269106277032641
18078,5.5684268925892395
18079,8.769163932712111
18080,2.4608920646457575
18081,8.906215633285424
18082,8.889935239112706
18083,7.53979119202922
18084,7.095558473141686
18085,1.1440182282492541
18086,5.510831345277014
18087,4.856897213052278
18088,5.93363846313711
18089,6.988832902049693
18090,6.77748157248303
18091,6.180836324656946
18092,3.7244615682468867
18093,8.12776648970798
18094,5.971468302098876
18095,7.623880120116451
18096,6.160453784409063
18097,7.4641173660733156
18098,4.774617439161593
18099,5.6217069008968545
18100,6.902650281505588
18101,4.056480022816617
18102,8.83703911331823
18103,4.3597569921170045
18104,2.710665117579398
18105,5.893879067043441
18106,5.708982393171167
18107,3.700320109413967
18108,7.497881763348456
18109,4.9086369967913885
18110,6.639444227684628
18111,4.943109076886577
18112,9.138000361529834
18113,8.547452818333062
18114,6.50515277493597
18115,3.151077054618047
18116,3.0290545942667153
18117,4.5152955695414905
18118,7.576011391274694
18119,5.015655877046513
18120,3.10483762914537
18121,4.7934427448292665
18122,5.277924742287815
18123,3.863895235240503
18124,4.845098676840519
18125,9.099141785401926
18126,2.6400614277100005
18127,4.2366747656787185
18128,7.145232023686437
18129,1.775619777491829
18130,2.1587588296169984
18131,2.6344825093626683
18132,6.788434273714335
18133,6.734300977405769
18134,7.218854932394864
18135,6.4379312676044025
18136,9.132145792984968
18137,4.461964019891422
18138,6.108370094499613
18139,7.341245611723338
18140,4.913145147569631
18141,3.6076327763408917
18142,9.345094201285981
18143,5.3207105628255285
18144,5.399923711455051
18145,6.038193406720357
18146,4.976933145694227
18147,6.83612698457959
18148,7.888295563595572
18149,8.317905992354117
18150,8.604228544895268
18151,7.7490387999621895
18152,5.362316682208114
18153,5.025272997805793
18154,7.823742288827189
18155,7.1382622074879905
18156,5.113819539775556
18157,9.849729453649138
18158,6.5590517601422835
18159,2.65575652015589
18160,9.079505038496844
18161,4.295129780509709
18162,5.448920304529967
18163,4.464855741442892
18164,8.854909715257367
18165,3.0767478678084035
18166,8.139068892223607
18167,3.0850322596776376
18168,8.831410595740607
18169,8.28874311781786
18170,4.780882777691625
18171,6.457061918259464
18172,4.848395182397338
18173,6.129237178974987
18174,5.5351912298273325
18175,8.331919943981116
18176,6.7636180065619165
18177,7.547508508938667
18178,0.8598102834944745
18179,6.399107258790104
18180,5.671076769296836
18181,9.41751483107754
18182,3.703884079167282
18183,5.528602897752963
18184,6.7469683271521275
18185,6.770371846176534
18186,6.708312571623763
18187,3.9291171058678223
18188,6.924506608289748
18189,8.22315177370989
18190,8.467702986767234
18191,5.1030772428946864
18192,5.644345107067147
18193,5.070348664956533
18194,3.650773078539496
18195,6.3742746647336705
18196,6.749829877385
18197,8.278395628434327
18198,8.806576749348753
18199,4.16871274445789
18200,7.822243451958251
18201,5.835624391929622
18202,5.735615880484458
18203,8.887434805403771
18204,7.60002967702264
18205,7.192855964605642
18206,5.716035372694294
18207,9.331905485638728
18208,7.326893576628029
18209,2.827683368357333
18210,8.242776741713811
18211,8.399729051266148
18212,4.39777462965724
18213,8.739245259203472
18214,5.82397983479683
18215,6.998214315913382
18216,4.123465772887457
18217,5.285862715148712
18218,3.95474097674096
18219,4.771123116395504
18220,7.989577643367891
18221,1.534964270879632
18222,4.597987149927135
18223,4.95029452596709
18224,4.584376932935037
18225,5.480430728476317
18226,7.009625588476579
18227,4.88219621778221
18228,5.023349052432065
18229,6.660091119439362
18230,1.3914923097399283
18231,6.152575509925734
18232,3.0713906867061844
18233,7.33630260545404
18234,7.271741596901282
18235,9.856844623336057
18236,6.013827710044127
18237,9.03088838339664
18238,5.164215210728241
18239,6.527112557485556
18240,7.936381905077355
18241,8.7276676313721
18242,6.961665203767863
18243,6.767071627783979
18244,5.2398662117460235
18245,7.690659112064769
18246,3.1097455431087844
18247,4.999228631554255
18248,4.2874539602779365
18249,7.120603819625898
18250,7.27304202176254
18251,5.8608032498745395
18252,3.92802429091484
18253,8.274630113587909
18254,0.7856115866463744
18255,7.528980901467569
18256,4.331676385508116
18257,8.130128172396407
18258,5.251827152545393
18259,6.399994853414641
18260,9.018883715928787
18261,3.5100279140516424
18262,7.291834861959331
18263,5.164573980127517
18264,7.4609068312792655
18265,3.88536095818749
18266,8.036481520150115
18267,5.308355309237064
18268,5.831160253333585
18269,8.79874690653282
18270,6.5698206153689425
18271,5.56018197049743
18272,5.694375889967193
18273,5.734211661184218
18274,2.9884980048122793
18275,2.0770634595597164
18276,4.380808375404829
18277,5.343021562196454
18278,3.677797603780527
18279,8.106386463770278
18280,6.162215130409482
18281,7.641817872262059
18282,6.184055283470837
18283,2.6731351369225758
18284,3.3727920796539177
18285,4.8463500608605035
18286,4.27827023243885
18287,6.0597086101621995
18288,7.294286519853235
18289,5.07910605594112
18290,6.0827790688957055
18291,9.05283617330102
18292,4.293031827787034
18293,7.832635892500543
18294,6.404961536222275
18295,6.478125587429143
18296,7.987520749481356
18297,8.818774362871366
18298,0.9307265048562394
18299,2.0778052097492563
18300,6.460187756793188
18301,5.267225805223125
18302,5.970007062233376
18303,4.96707762889423
18304,6.419916671712706
18305,4.984932785098252
18306,6.949212923121709
18307,4.013264186633332
18308,5.996244412042233
18309,4.686193748733602
18310,7.414279930851067
18311,4.546723159394684
18312,7.477372986615256
18313,5.156637264279291
18314,6.536875015758383
18315,4.28200738903009
18316,9.91978199021861
18317,5.614943845498829
18318,5.569956688679837
18319,4.118127788457106
18320,4.449224868535889
18321,3.0660419066535796
18322,3.9052833578212893
18323,4.351057201525362
18324,4.830305210438969
18325,7.036002457206903
18326,4.119109161681531
18327,5.470256955878174
18328,4.096545619731373
18329,2.94305138267034
18330,5.632841533603185
18331,6.64338295325263
18332,6.1232400079120985
18333,4.7368587620068805
18334,6.228906420444697
18335,6.807839393509294
18336,5.114755076937751
18337,5.395137462593614
18338,7.695383603141968
18339,7.477112872121764
18340,3.428663005457927
18341,9.386795759279794
18342,3.179681942865218
18343,3.8214905287048397
18344,5.62749160213503
18345,5.290133609604709
18346,3.6570394292959802
18347,5.131538011390903
18348,6.7964763673273705
18349,4.90365643823538
18350,5.354566995231597
18351,4.894771302112278
18352,1.9723369295737783
18353,5.649704523720956
18354,3.9720062057249823
18355,3.9602918611336886
18356,4.538199437435301
18357,3.8611238447951965
18358,8.297197373869587
18359,5.0425235880219645
18360,8.464394103655952
18361,7.4029706411739
18362,7.90325523854161
18363,5.4403787651542
18364,8.191999509532145
18365,6.776313583108217
18366,7.231882673977485
18367,6.669367214247183
18368,7.893494758377912
18369,4.40236460532344
18370,3.1763807576854313
18371,8.188005442848638
18372,7.552179145967612
18373,7.0495468075111205
18374,5.971659463945683
18375,7.791259080383572
18376,3.947304710863099
18377,3.397761614595226
18378,6.268543857595659
18379,5.435807169420685
18380,5.645798241571008
18381,3.632421237133069
18382,7.119931858099015
18383,4.014776420115949
18384,7.017187666851681
18385,6.189174208608563
18386,5.929888865406401
18387,5.913303055026621
18388,7.979708946768045
18389,2.8268323264950785
18390,8.047139924528782
18391,2.8776857868422607
18392,3.8829246852134838
18393,8.153027567397423
18394,8.209934930051462
18395,7.039683899347133
18396,6.603320800984774
18397,2.5000191498664215
18398,6.89103830276751
18399,7.752633439452529
18400,6.779756696392827
18401,6.726342389917164
18402,4.685430728372905
18403,4.0349156014913765
18404,3.7663775836955584
18405,6.937994510552439
18406,7.797602219844764
18407,6.181402989155338
18408,5.319258621561523
18409,4.605886157726961
18410,9.437196195550131
18411,4.21400802100133
18412,5.014948973365636
18413,5.601605845934541
18414,3.0911808521905964
18415,5.237296664270902
18416,6.772840359236407
18417,6.260390361847544
18418,6.333964985612196
18419,5.971140451241801
18420,4.777152937205742
18421,7.502520404828063
18422,4.8677784585543336
18423,5.392064513823891
18424,8.559195720953216
18425,3.7072628350391086
18426,6.3512501532275625
18427,7.714139894966032
18428,5.614859564472748
18429,7.698048651457222
18430,7.116418786446984
18431,2.3056727278142826
18432,4.184663210284337
18433,6.492894998394537
18434,6.290000872448156
18435,4.8569816865755495
18436,4.0087752427196435
18437,4.8695369742499075
18438,4.386122153333765
18439,9.19987822957712
18440,7.060364122417262
18441,7.162763508997214
18442,0.9149208700779905
18443,4.908247233724851
18444,4.679222589510042
18445,5.187303978119585
18446,8.029306741394857
18447,5.349134951348603
18448,5.657494267825161
18449,1.9009478873024612
18450,4.314927752672795
18451,4.713963985005493
18452,7.272702803044465
18453,2.6311365574530607
18454,7.877223937624928
18455,8.112228379684266
18456,4.676362346202941
18457,5.88144712605816
18458,6.7808660546565305
18459,3.3093036225502823
18460,5.145606099564077
18461,3.8446214085037296
18462,7.401684250392931
18463,4.209950205687867
18464,6.033995968120717
18465,7.5699422850291125
18466,6.213589623060145
18467,3.763211957992288
18468,7.761235487923623
18469,5.016311386906749
18470,6.083391974964059
18471,7.605943514816372
18472,8.233408614540343
18473,4.11055750804778
18474,2.040505101766396
18475,4.608278696006401
18476,6.221573177300559
18477,7.438635693842356
18478,7.954714585264154
18479,5.04154543120235
18480,6.891110215592142
18481,2.0402388099044773
18482,4.774293576252946
18483,6.0555264852496995
18484,9.2357443492549
18485,4.592449297946558
18486,5.541594701227918
18487,5.4011653539644024
18488,5.755218548059287
18489,2.349879890195005
18490,5.438878563759095
18491,4.7508529074049815
18492,4.243859345605507
18493,3.9434495395634404
18494,3.5910762584880698
18495,5.741238333049636
18496,7.266892583755193
18497,6.237732998633795
18498,7.626479138085994
18499,5.450732281936225
18500,4.160627586974183
18501,2.3997617108712443
18502,4.863125712837363
18503,8.206212829687258
18504,2.608234827361029
18505,5.213417133378423
18506,3.112498194100261
18507,5.066667093064701
18508,2.1718207310129047
18509,4.989901904020748
18510,6.449772004983153
18511,5.29909167971863
18512,6.6619603904082245
18513,5.686897877291503
18514,3.6198077625572
18515,4.693435610114222
18516,7.796584435234507
18517,6.070241191925099
18518,4.908108661586944
18519,6.767869920321541
18520,7.101296709015244
18521,8.555422422930132
18522,6.657925053850566
18523,6.7870640987265665
18524,0.4139562304066251
18525,5.52475533595079
18526,5.555557369279503
18527,5.152729361690283
18528,8.657772819941993
18529,8.390548357053001
18530,4.856913296597886
18531,2.960878515515716
18532,5.608522957181904
18533,4.98467803184407
18534,8.238091290529297
18535,8.132088301992578
18536,8.335051854194674
18537,3.3303364757316096
18538,6.323257226198849
18539,4.594997767820977
18540,8.081279318968098
18541,3.9537064792406715
18542,5.301757484228409
18543,9.439349178837173
18544,6.109603900671045
18545,3.839744097612741
18546,5.011389322748569
18547,7.953417908891364
18548,3.5182776367878295
18549,5.280048363223699
18550,1.1891731567393986
18551,8.03276698288894
18552,3.532824082134898
18553,6.652697863714255
18554,4.498177221984069
18555,8.535459557175976
18556,4.668037398030025
18557,7.63805095254074
18558,4.970489965999675
18559,1.9747855397799654
18560,5.291838180717898
18561,4.841889882278521
18562,6.830140798952923
18563,7.629051437012535
18564,7.044573189264053
18565,3.368350343561187
18566,8.925515770269387
18567,6.7636254375723786
18568,2.0876093759720433
18569,9.699540804427993
18570,2.9451846541135844
18571,7.500739794511815
18572,6.243857262399087
18573,5.159473976872835
18574,8.332887794736092
18575,5.408166798561683
18576,7.551512632426023
18577,6.371181051787908
18578,6.675331397661729
18579,7.7721895915735795
18580,4.388879791525074
18581,5.880494017096616
18582,6.183582441656124
18583,6.711307216856608
18584,5.617780979542531
18585,8.19069691133231
18586,7.8489189636055166
18587,4.240140905818663
18588,7.979094583303109
18589,7.036246221451047
18590,7.507805230945021
18591,3.2560823413487263
18592,7.0839266976079776
18593,7.866492328058234
18594,7.8165679282130025
18595,3.5073146615915842
18596,5.662759638686806
18597,3.689718830159159
18598,4.798952236587909
18599,3.8297815111790965
18600,7.0596222767737835
18601,8.422060948934188
18602,5.0143337605516844
18603,4.908745377609395
18604,4.978066716919722
18605,5.891752507196458
18606,2.445281517702419
18607,5.46238091379424
18608,8.7557552983297
18609,4.897333640444903
18610,8.322070044328708
18611,6.746670882945809
18612,4.9291282829848075
18613,7.134401149063372
18614,4.372230853047906
18615,6.415649623862594
18616,2.30347148538636
18617,2.739601357026685
18618,7.491097666317965
18619,7.056096492268256
18620,5.777295968413765
18621,4.083308919201005
18622,5.987348159983522
18623,4.3745188656997644
18624,6.640771678936784
18625,7.820787315070483
18626,3.7501440675693827
18627,8.218587242992623
18628,8.011825614870467
18629,6.600907590734842
18630,5.29189770981783
18631,6.894099220466385
18632,3.236449770088389
18633,9.267816901140527
18634,2.3606008798356606
18635,5.58671071476498
18636,6.8445621263784915
18637,5.635826382199834
18638,8.669149625109835
18639,5.513427667154675
18640,7.638222600965065
18641,1.0590925269992484
18642,3.2766675085086474
18643,4.941130535272158
18644,6.760514312633995
18645,7.312551808374763
18646,3.3192022761778683
18647,3.983513948399051
18648,5.755081850308336
18649,3.6459306734003665
18650,5.908417087159695
18651,6.49019111773249
18652,4.549107617328695
18653,4.039303791795837
18654,5.195748528982413
18655,3.127127651099033
18656,9.61306035590533
18657,4.727977761621171
18658,5.398093208764395
18659,5.12034551935469
18660,8.093717865651353
18661,7.307595005753171
18662,4.799820938574611
18663,8.12440340749974
18664,4.3469886058432134
18665,8.923227926529048
18666,5.524141744065451
18667,8.52629729272202
18668,6.626423723773972
18669,7.090897566097758
18670,6.863241541966068
18671,6.48415066871596
18672,5.606052512080787
18673,7.620959900317279
18674,4.758742659406166
18675,5.163138942182161
18676,6.147153922227949
18677,5.0728044663350005
18678,7.862527022299507
18679,6.722289544004333
18680,5.184012395866925
18681,6.383905404343018
18682,7.182252351427394
18683,6.47971627452858
18684,3.0744189906000896
18685,4.197524267801829
18686,4.563007145407821
18687,5.967490221945896
18688,9.231979298378775
18689,7.6604607037154855
18690,3.2517603042008383
18691,6.302915600529294
18692,8.828456802513433
18693,7.9966965910793135
18694,6.913577549575294
18695,3.4829987617094655
18696,8.869394004851253
18697,2.783467768676769
18698,3.466576256657978
18699,4.46646841173367
18700,7.5780012965692105
18701,7.7405343392111
18702,7.908119581047176
18703,6.834963039930402
18704,4.03745095120757
18705,3.984935347520726
18706,4.70750607233311
18707,8.47346994559695
18708,8.958467674974697
18709,5.782771439880406
18710,5.3994284980564995
18711,7.6903318245392125
18712,7.441887934421694
18713,5.519023609238655
18714,7.638688063346623
18715,4.8150218282326716
18716,6.563136567476761
18717,5.12723426130804
18718,4.260077186643936
18719,5.224718879002889
18720,4.259476038730701
18721,4.962724941894449
18722,6.165145637076897
18723,8.960308149348787
18724,7.518773286347681
18725,5.492666893336518
18726,9.390663208171954
18727,6.9036787385694085
18728,5.551185061864878
18729,8.293309402891335
18730,3.535152764248505
18731,7.0812432353972685
18732,8.078196872450345
18733,4.558754049026327
18734,7.08064902715388
18735,6.096386179383676
18736,6.3563430741125515
18737,7.60713366427164
18738,2.6054891916662375
18739,3.8743852837797377
18740,6.453629520545358
18741,6.448962659588425
18742,7.279354560060042
18743,5.227760892113387
18744,4.336138086711488
18745,7.805310772304404
18746,4.064718263094143
18747,7.470035685628285
18748,8.22578071087326
18749,2.4941023753147196
18750,5.028994465342905
18751,8.330062340967793
18752,5.64915410575522
18753,8.187801200003879
18754,4.594237992387405
18755,5.072116957320178
18756,4.654918994276843
18757,7.28164450107376
18758,5.0031480654837015
18759,3.9343156409331574
18760,6.244874461021679
18761,6.527745738814769
18762,7.359687285554779
18763,5.166861667045889
18764,5.348660912469083
18765,8.331191704784976
18766,7.271373242020646
18767,4.554825954349935
18768,6.611268108068296
18769,1.324027666503432
18770,4.743447346923094
18771,1.9625787301619306
18772,4.353342832732454
18773,8.459336564354972
18774,7.6869048374449696
18775,7.507598876791127
18776,7.6298140423927885
18777,2.0124201691349173
18778,5.842953034087534
18779,8.42906043283563
18780,5.867576491403996
18781,9.143477459499353
18782,2.397216116682537
18783,8.107336985374149
18784,6.8734553690561775
18785,5.803446937199996
18786,8.358574747833703
18787,7.205527643504685
18788,7.675838541431057
18789,6.140644955605188
18790,10.390737460555322
18791,5.379613537914603
18792,9.440567550619082
18793,7.021542936650809
18794,3.677354583469649
18795,8.496580356992936
18796,6.267616358048806
18797,6.043367334522832
18798,5.839703813704118
18799,5.738445558357393
18800,5.917743182831185
18801,5.920243391662985
18802,7.08468199179812
18803,6.496594066394024
18804,6.943200880972508
18805,8.450808900846743
18806,5.154455674849486
18807,4.865476198604515
18808,4.483202365742605
18809,7.8727029283600505
18810,6.276979035888095
18811,5.50869268357432
18812,7.138945472869015
18813,7.706762719511838
18814,5.7266085413627446
18815,5.75526630387189
18816,4.20838312992484
18817,6.490168702111992
18818,5.041089021565945
18819,5.602767256202298
18820,6.869822058546457
18821,4.9528612487781105
18822,1.3983508711070805
18823,5.540482512701232
18824,4.583410638904132
18825,2.20038320252542
18826,5.796440510606236
18827,3.489307982014534
18828,3.373365144440437
18829,7.07888080650883
18830,4.553614329073483
18831,9.3602490147121
18832,5.744252584682788
18833,8.518327274331405
18834,8.252051866097482
18835,7.4819314289896655
18836,7.794616987095634
18837,5.27387129099991
18838,5.015885237968276
18839,8.044504956871226
18840,6.42601833217467
18841,6.448766303567286
18842,8.518586270532483
18843,8.855496693000838
18844,6.587141472788157
18845,6.643670391888604
18846,6.000366006104024
18847,7.8726273962051465
18848,4.577753891967124
18849,3.015291199040102
18850,8.635946435390343
18851,5.806092398730982
18852,6.555122741346142
18853,4.617650114936483
18854,4.680151802756691
18855,8.881654737140536
18856,5.007583825085477
18857,5.819576176327213
18858,8.498902861841454
18859,4.892247802217967
18860,5.56258047004622
18861,2.39422996361355
18862,7.1347247854783085
18863,6.5906675868588955
18864,7.988086441915874
18865,8.714533831869533
18866,7.974848433491972
18867,6.599674649922923
18868,9.07468296491812
18869,8.399776717354637
18870,4.594303352371111
18871,8.267903137324481
18872,5.761768049961614
18873,3.9300767777931225
18874,5.740243855223646
18875,4.41189076052333
18876,2.1354636039221835
18877,5.953031103638631
18878,4.178734827514836
18879,7.144758725990991
18880,3.101510927376369
18881,7.2191333075274455
18882,7.740990464499359
18883,9.313785141721755
18884,4.42667632027804
18885,6.517647763593285
18886,7.762577527306272
18887,6.448224529989742
18888,4.516717230930897
18889,4.9470007186742695
18890,3.603234552630614
18891,9.144237393110748
18892,4.3281529080474375
18893,9.604042690337664
18894,6.260966795255718
18895,7.9538736592005534
18896,8.205906774129438
18897,5.908795048279382
18898,7.691088922411019
18899,4.911681915721251
18900,9.421288511262535
18901,4.167797299526312
18902,6.726554798535517
18903,6.245826264532379
18904,2.8623516497127564
18905,4.258492566990533
18906,6.405038427134053
18907,4.879913606669122
18908,8.12154064545928
18909,4.71620591587282
18910,5.188035490701118
18911,6.09343593849626
18912,5.888224927127403
18913,6.574104236540051
18914,3.387839921834051
18915,4.247844755294832
18916,8.560859800458948
18917,5.525909520779382
18918,7.092529227226661
18919,6.081857571521937
18920,6.8612539976491265
18921,6.49620478032483
18922,7.2559677271639815
18923,6.136057552507843
18924,4.161610066415656
18925,4.120602198351877
18926,4.665033704283982
18927,6.606458982168214
18928,6.7173625046698335
18929,6.677790864418916
18930,2.3780954850092813
18931,7.184760488097874
18932,7.267487943302991
18933,3.2524624024355675
18934,7.5601684547463766
18935,1.5187851442003204
18936,8.491678478513457
18937,7.5205522484442735
18938,6.850273682319022
18939,9.849842173159178
18940,3.945331494876577
18941,8.035117868009559
18942,8.701844566789836
18943,8.557138413777544
18944,3.3981509010242834
18945,6.02523918063731
18946,7.190720983732412
18947,1.9832036861513842
18948,6.535822389203476
18949,6.171082332467756
18950,5.34033078085295
18951,8.042042646032499
18952,8.381429452459278
18953,7.783997680734738
18954,6.522044547178713
18955,5.086004903987151
18956,5.9852366974398254
18957,5.136912604421531
18958,7.289831104033535
18959,4.094100390438148
18960,8.3286013705157
18961,9.69570109251114
18962,6.8045725810934
18963,7.327058490886053
18964,4.615666324846568
18965,8.527785455258925
18966,4.844685746018412
18967,8.982844497384935
18968,6.594694878700133
18969,2.9396529246947027
18970,3.9813193591415734
18971,6.14958108932578
18972,6.019237535549443
18973,5.307309860922596
18974,5.802177192206823
18975,4.915617986700042
18976,9.70530683567367
18977,7.181171390682991
18978,6.267711198000631
18979,4.497009269366029
18980,6.3245452679387855
18981,2.510010736236092
18982,5.234455972879234
18983,6.711767724556544
18984,2.8224822596832597
18985,6.218175243478111
18986,2.16544027150674
18987,4.344954717522818
18988,5.5886101615662565
18989,7.053961844115432
18990,5.629125664675313
18991,6.6422150389703
18992,6.231676797823133
18993,8.783302476441818
18994,6.657720823971256
18995,3.586351042309037
18996,7.815655282584304
18997,3.069350919234949
18998,6.2160279990911915
18999,3.854346198912387
19000,6.613113967056986
19001,2.9407401644901316
19002,4.700219804423693
19003,3.944305590109672
19004,2.702190270490657
19005,5.527159924159122
19006,2.518205398853855
19007,3.7488478579177227
19008,2.3044653836608444
19009,4.009598449787403
19010,7.567286593165493
19011,5.556565608133472
19012,9.606609557914009
19013,6.629199846318381
19014,8.355904571956213
19015,2.726845007361974
19016,2.1950559646005074
19017,4.093207859896173
19018,7.163242120239711
19019,7.360057567135292
19020,6.8650814347237965
19021,6.031937535592644
19022,5.720376598526747
19023,3.619980994566292
19024,8.140021121730246
19025,7.040880603893696
19026,6.184442924078668
19027,5.506573680110666
19028,8.767111335544325
19029,1.9429494696113068
19030,6.211763198337313
19031,5.133035363921374
19032,3.9900502435953427
19033,6.134854010467627
19034,6.5041921841196215
19035,6.6275815227755555
19036,7.432088257010147
19037,3.844392510046252
19038,6.489085757399209
19039,5.808340959447107
19040,4.899470040557247
19041,4.523000165773215
19042,6.7067019663378
19043,5.779055732087725
19044,4.855639702504781
19045,4.949472747549573
19046,5.664481392041514
19047,6.837359068358438
19048,7.408133017278573
19049,6.94424503153002
19050,4.368825821724842
19051,4.8313727492858405
19052,5.617699720400461
19053,5.531514495372967
19054,6.668536478404573
19055,6.918882378843858
19056,8.261165160879298
19057,4.725826490925904
19058,5.857129281104999
19059,7.619480481936628
19060,2.632635018649486
19061,7.297725327279409
19062,6.621668368075142
19063,7.782338862356066
19064,9.858216111459585
19065,1.4334189912192183
19066,3.7511467244434984
19067,8.059897155365842
19068,7.816050360077878
19069,6.859990010146523
19070,5.823271889955653
19071,5.84302065942343
19072,9.628016523042696
19073,7.082742119540782
19074,7.44322622049163
19075,5.029465109854156
19076,5.53415093273288
19077,5.516750014169665
19078,5.311787537749989
19079,6.245310435055886
19080,6.075920802431475
19081,4.063110398145687
19082,4.302485237827991
19083,7.231635848647962
19084,5.845721815736204
19085,3.4888847779086958
19086,8.516062405015907
19087,6.357995374935853
19088,2.513021871392586
19089,2.0676217489309927
19090,7.502204443115272
19091,8.026099713655288
19092,7.379447594669551
19093,2.121804359393341
19094,2.1044917568208548
19095,7.211194748555081
19096,3.6818746741701895
19097,5.433773342710861
19098,7.55940075377594
19099,2.8242537806202948
19100,3.1848341841028684
19101,6.705141351460964
19102,5.422118300772904
19103,5.869495643690081
19104,9.04472931167895
19105,5.723078727819313
19106,3.6146752960739588
19107,6.968013819166419
19108,6.617992141329026
19109,5.597641686456939
19110,2.1129392674544927
19111,7.513656560960412
19112,5.161156453830254
19113,2.6086418119699433
19114,7.075499705078524
19115,7.393112491751979
19116,7.235558066426382
19117,8.503236029332594
19118,4.880947301089701
19119,9.036729588159453
19120,7.599066785088851
19121,8.96173791599233
19122,6.807725752704287
19123,4.765261836882978
19124,8.843307668134097
19125,4.904522212425378
19126,5.480626652464842
19127,6.68768175177028
19128,3.1398274665538146
19129,5.473818912317015
19130,7.169136981673942
19131,6.903684535510947
19132,5.967000248279726
19133,7.803276002925222
19134,3.0380723842732724
19135,9.086030747245635
19136,3.8334030417598064
19137,7.777531355203146
19138,8.009910897999323
19139,6.35093366529059
19140,5.6477693541841
19141,9.574444044585086
19142,4.940387367826643
19143,8.711063959745198
19144,2.9005405203704036
19145,4.991059776978502
19146,3.109328798800057
19147,6.9704635623709805
19148,8.05801253256973
19149,4.582331194860814
19150,6.736117878707795
19151,8.736714504816502
19152,6.805328820883804
19153,4.386909389544421
19154,7.452019196161933
19155,3.4488725751388185
19156,5.463914209220224
19157,8.03223256065029
19158,6.767420794654295
19159,3.648479201622748
19160,8.55177083917848
19161,3.872626852458993
19162,9.529082275307548
19163,4.52798786732975
19164,5.448340157814007
19165,6.686715817028103
19166,3.5970309405844234
19167,6.386648675631657
19168,8.439836923197673
19169,8.208515420194162
19170,6.663486810235935
19171,6.461384582049698
19172,8.338590699030423
19173,3.7663773197538584
19174,7.7205286058459714
19175,9.139134584159038
19176,6.394900505111268
19177,5.059744895590597
19178,4.743312367211511
19179,6.36259979713632
19180,7.166167800129292
19181,4.458166600643022
19182,8.763089407584246
19183,8.87806697138792
19184,5.16083439705383
19185,1.547571749381385
19186,7.798266316441203
19187,7.976257774416739
19188,3.8785725860143736
19189,3.2344067205843245
19190,7.80411948402188
19191,6.242733089890485
19192,6.944351673201423
19193,8.176614015864576
19194,1.7484636452937181
19195,3.829055342858736
19196,5.159968946479189
19197,6.363729449939673
19198,8.887118266797064
19199,4.802391425124805
19200,4.335095665469754
19201,6.707933078693636
19202,3.1481054607596124
19203,5.424979927640623
19204,8.58351672350468
19205,7.02228717429583
19206,6.059874735282659
19207,7.043661201487344
19208,3.827109969181718
19209,6.012898381925035
19210,6.877990079395407
19211,5.868879730445286
19212,4.749249795533651
19213,7.859388465357167
19214,6.588375633134413
19215,3.430833091006231
19216,6.612460455567927
19217,7.621157898115038
19218,4.573062850765547
19219,9.513164489304902
19220,7.030538307283454
19221,2.704336274658155
19222,8.188366637932619
19223,5.396605283203918
19224,5.184891862881785
19225,6.735738097428381
19226,2.7030277747727482
19227,5.400657435499186
19228,2.8898460596691145
19229,3.9838580983741467
19230,4.051900034830606
19231,7.474772942423279
19232,6.922366818568283
19233,7.057617791311215
19234,8.741170549829135
19235,7.367482401186384
19236,4.834460456416204
19237,3.0610161737338535
19238,4.919235592390354
19239,3.9560905733114216
19240,6.33717330091053
19241,5.292475281367231
19242,2.567538286834235
19243,7.845211521707846
19244,7.887865557382451
19245,5.696616840586589
19246,6.248664745540646
19247,6.713820372864299
19248,7.207738124589556
19249,8.703660290146825
19250,5.786079771765121
19251,6.2390618929515105
19252,3.8706955096667004
19253,5.990145586512958
19254,6.609982165082671
19255,6.312574640503842
19256,6.232118195386377
19257,7.8233529167092914
19258,2.871218545906932
19259,4.782653718923487
19260,6.566045967533994
19261,2.2694284662024864
19262,7.250660664313639
19263,8.41997924129535
19264,2.5432448202620064
19265,2.418165570434092
19266,7.343541660877019
19267,8.184867916017435
19268,6.3294917620330065
19269,4.871078881687886
19270,4.176901483768515
19271,2.9230354720375233
19272,5.699217921093997
19273,8.304429305599081
19274,2.754401519976261
19275,6.102005324857426
19276,6.621773313700966
19277,7.546255709153307
19278,5.313902622290265
19279,5.525161247251637
19280,3.942369358352651
19281,2.208110868407863
19282,7.530560260517262
19283,5.179403047332144
19284,2.1512022205019776
19285,3.622110516035011
19286,3.752221125590952
19287,5.440327334858733
19288,6.536135048386851
19289,2.4467003578448794
19290,5.601177541333785
19291,6.814606272074068
19292,5.5207790536703945
19293,5.5308871157019555
19294,8.73535726587671
19295,5.086976923683533
19296,5.005560155203779
19297,4.85743615410537
19298,6.2183290738238295
19299,6.372644516935903
19300,6.070935271944039
19301,7.118979360398191
19302,4.883558727369363
19303,7.06632000272619
19304,3.1395706365305225
19305,4.7284077132493625
19306,2.162138340956148
19307,4.709027602187021
19308,7.676469177584671
19309,1.4919152796345294
19310,6.463041900164673
19311,5.738165256277034
19312,3.4929595424729913
19313,7.4769514350031905
19314,6.977859735339445
19315,3.3112294828834465
19316,5.837249834569979
19317,5.8933330186566755
19318,2.42922990331479
19319,4.399101933340192
19320,4.340500216729376
19321,7.671655141931109
19322,2.967631254221362
19323,5.306123872619102
19324,6.835094405479999
19325,6.528836421941242
19326,5.873356266328029
19327,7.906327254795584
19328,4.746621358948159
19329,5.266402563826454
19330,7.560950619529098
19331,4.380817218484566
19332,7.480342898025855
19333,7.737301030988937
19334,7.854249108276518
19335,6.974019877711256
19336,7.643310457622331
19337,6.565879745030524
19338,5.085863196317314
19339,8.179690512452279
19340,6.002244521605415
19341,3.8632774260994966
19342,3.930413020469653
19343,5.5611217466884675
19344,6.339893679026099
19345,2.6268793688769074
19346,5.520192620083766
19347,5.073806812885148
19348,2.6507801432725526
19349,6.467158811054646
19350,5.5327661705864
19351,3.040386881785715
19352,9.21795511076089
19353,2.178624880864595
19354,6.181239298766679
19355,6.685140384394895
19356,7.911367505955989
19357,7.411753432708519
19358,6.606291715634769
19359,6.768945247687547
19360,7.885664474974375
19361,6.63540215276921
19362,3.729262164206722
19363,6.417777228022786
19364,6.0846203927531874
19365,7.0888006531092955
19366,4.7544487244627796
19367,7.7611793390145065
19368,8.141439148311077
19369,8.899113518061771
19370,5.091247054556119
19371,6.311708326674842
19372,6.135481485793598
19373,7.3240791649882615
19374,8.167188915558862
19375,6.3818916958474325
19376,4.922446961249469
19377,3.978938883509202
19378,7.009427081288492
19379,6.0810779382141655
19380,6.3382851747305935
19381,8.821523494224584
19382,7.938087530848505
19383,6.629583888198266
19384,5.92170660634788
19385,2.893352092261047
19386,5.850476003772077
19387,9.378415227981554
19388,5.936998871559986
19389,8.361074524794203
19390,5.02489759782847
19391,6.5815238687260145
19392,3.385762779659787
19393,3.8310154109321815
19394,7.281170387934479
19395,4.548660114548329
19396,1.3107644795220796
19397,4.079642614081472
19398,7.641030851233072
19399,4.470693143974631
19400,5.153702052184234
19401,6.028649071520257
19402,8.626922652313166
19403,5.153965905210641
19404,8.118588214069758
19405,4.079690868995247
19406,4.617269582238398
19407,6.372775843764806
19408,2.745633061960001
19409,6.947079937910041
19410,5.585602442037515
19411,7.071478211129336
19412,6.2491757957752005
19413,7.855640412912756
19414,3.38092174308637
19415,7.748311533452602
19416,6.2520510802530085
19417,5.118098639479881
19418,1.1857844154675963
19419,7.479947119085211
19420,6.250076185452966
19421,5.639516358907788
19422,4.537493725309796
19423,7.579262232599474
19424,8.466857174390372
19425,6.9429758741976135
19426,7.11190669730499
19427,5.999939030083623
19428,6.38756081531353
19429,6.723977194808173
19430,5.54350318727188
19431,5.464133068699154
19432,5.756460328942225
19433,4.62669612692507
19434,8.749161962639834
19435,5.208974802333831
19436,7.837409504261765
19437,5.298543545253543
19438,3.237278911237059
19439,4.4374121460119
19440,5.664953165282934
19441,6.077379267080431
19442,8.160396944255
19443,5.5816829607254705
19444,6.7516018537317155
19445,5.351871507935686
19446,8.357546043609608
19447,8.531033986739715
19448,6.650217205720851
19449,9.22444222257377
19450,7.827209786896739
19451,7.71404841425855
19452,5.457729657458316
19453,6.554832417405571
19454,3.5977382325132408
19455,5.392920613874633
19456,4.34188072239155
19457,4.1461947594793696
19458,4.0091313414379695
19459,6.227167150991546
19460,5.704461798962769
19461,4.546561387462365
19462,5.9909532544847455
19463,1.479227268181095
19464,6.737982865114233
19465,7.0079889334749375
19466,6.721820632454348
19467,3.924185954871426
19468,5.352648547294462
19469,2.280152776952156
19470,5.182857163663548
19471,9.108376266296997
19472,3.7018180500883378
19473,6.754046148128184
19474,8.63940330830653
19475,4.331137575067826
19476,6.032612682044046
19477,8.309719397356062
19478,3.4250261873858836
19479,6.434635205247349
19480,5.763897215436962
19481,5.838821476406778
19482,6.5958468510826815
19483,0.4971216345430607
19484,7.684011760120319
19485,8.151472548445843
19486,6.414086259742489
19487,5.415758930211765
19488,7.914740052978027
19489,5.9430833189476955
19490,2.4025521715036597
19491,7.993386604213306
19492,7.868275203014438
19493,7.738817185124618
19494,6.831943806629789
19495,8.867535181092517
19496,7.024024016676267
19497,5.59564563343167
19498,7.965993763499114
19499,5.958213405507842
19500,3.5516309021301367
19501,5.909012076651211
19502,8.893480269806844
19503,7.122707204760202
19504,5.695760107290493
19505,7.2758092716673755
19506,5.750164805332914
19507,6.810299749843116
19508,5.9686663895142305
19509,4.203608146955051
19510,8.558823882024777
19511,3.68169638848599
19512,7.803328266890718
19513,9.046814309559323
19514,8.398531121133534
19515,5.915281531418465
19516,3.1719517122370107
19517,8.48582249359187
19518,2.608802323970656
19519,6.776950431898744
19520,6.62609187092242
19521,3.7485758104594566
19522,7.617526985050403
19523,3.8289412858921725
19524,6.231778124561301
19525,5.510668444773213
19526,8.103111610150538
19527,8.368287441278822
19528,8.620510936089275
19529,5.989854229063816
19530,3.341714261225167
19531,5.010649601006225
19532,7.021889379965616
19533,7.100355955667629
19534,9.1378303650784
19535,7.461988789093828
19536,5.372395668199092
19537,8.309706575662139
19538,7.995310234620457
19539,7.100839990303687
19540,5.1868902282106575
19541,7.222195959232626
19542,5.020030333607559
19543,2.452570267307057
19544,9.87496419925737
19545,8.913063136122156
19546,3.9119624712262504
19547,6.5005270565477105
19548,5.366254043365432
19549,5.086357224265014
19550,8.360178671257161
19551,6.365899250755401
19552,6.1462952819261965
19553,5.6439475714183285
19554,6.173124987549879
19555,5.91112729307959
19556,5.082929330037458
19557,4.043412941098229
19558,5.277042107321969
19559,9.308332604470325
19560,8.518148995090845
19561,8.121641897470013
19562,8.341943508505558
19563,8.069547875224867
19564,4.050271300488965
19565,8.009661773603424
19566,8.48104739050334
19567,8.018048476068012
19568,8.24544921049258
19569,3.3275023743840144
19570,5.688375105652014
19571,6.0364610252938995
19572,6.856404537550587
19573,7.224119710448045
19574,7.863705147687652
19575,4.584276630002328
19576,6.964118628721606
19577,3.7338423414700497
19578,7.992065672989529
19579,8.292221003778725
19580,7.754503824574142
19581,6.528849092815149
19582,3.53688318089457
19583,5.200715552697092
19584,2.963629871485026
19585,8.585356950421344
19586,4.129969764522547
19587,9.414944610269524
19588,9.561704437427542
19589,1.794589910537968
19590,1.7843952509646277
19591,6.370737191578112
19592,3.6346303945454954
19593,4.172471516720345
19594,6.2903221669498075
19595,7.393547346145087
19596,5.088241044550649
19597,4.456663746136586
19598,7.971909074303326
19599,6.222714834256671
19600,5.008517558539914
19601,5.834572921293882
19602,3.813097275479419
19603,1.7242527907353802
19604,7.13132862124444
19605,8.594448742327184
19606,10.076135478360424
19607,9.082018777224471
19608,7.66763942903283
19609,3.2214425021280397
19610,7.503351399800712
19611,5.995714191289818
19612,6.74277646712768
19613,4.180552649193756
19614,3.4771031664905476
19615,6.469047244622848
19616,5.434583418689533
19617,4.527511264390505
19618,5.70898753675389
19619,4.177392950328596
19620,7.113417625671528
19621,5.954060679397104
19622,4.4863891757653285
19623,7.964043479622857
19624,5.732907663865293
19625,5.748140442841939
19626,4.69927173008281
19627,4.498022715355274
19628,6.490757466859045
19629,4.723963891544384
19630,6.208945242492108
19631,6.176069729333783
19632,5.768060380011109
19633,3.6854816186967447
19634,6.284887987879967
19635,3.8583367455732085
19636,6.135689387563613
19637,5.369110187693398
19638,4.855350563147321
19639,6.193226118198548
19640,9.476775934690211
19641,5.61632603019226
19642,7.139966203388212
19643,4.5800696760935615
19644,1.9003463212459994
19645,5.5296987536682884
19646,7.149172139353979
19647,3.219915493106867
19648,6.265171561445697
19649,5.311255223653556
19650,7.261422264188202
19651,4.281290811338244
19652,4.506475222096291
19653,5.429500155660989
19654,5.698583168319714
19655,5.0505639483397315
19656,8.890587906362665
19657,8.397180475482633
19658,4.267061812369304
19659,7.080725039190272
19660,3.1733937008694073
19661,5.292984742644448
19662,6.112049232119893
19663,4.844239436313838
19664,7.95421745859533
19665,6.9505540381637765
19666,7.421451115303903
19667,5.260737513498564
19668,7.842114641411531
19669,3.885755572858254
19670,3.938174782319001
19671,6.699845565007014
19672,6.4425621125570816
19673,5.191863966357164
19674,7.862375562993384
19675,8.418250770220313
19676,7.887167613252949
19677,9.094935368415024
19678,4.636566957597421
19679,7.2115966497251485
19680,7.392318407069584
19681,9.23126144903859
19682,5.359481316904465
19683,2.729953845755709
19684,4.515730123734172
19685,6.8782323453292085
19686,5.547096132718531
19687,7.11043576279488
19688,7.172291942141711
19689,8.692190535406368
19690,2.182653841187582
19691,5.216050514979122
19692,9.54154923286274
19693,8.605953707106723
19694,6.43526082003535
19695,1.4533318276489497
19696,6.809961617301104
19697,5.456513807048285
19698,5.5814072502055705
19699,3.0178782523135728
19700,7.619133434262496
19701,8.634260438248281
19702,5.644890255111807
19703,8.440732398900165
19704,7.756152389266139
19705,6.524502589743261
19706,6.596242570297576
19707,4.6586727260945064
19708,4.80007143171248
19709,4.2872676343858895
19710,9.40878640203763
19711,5.15308503963035
19712,8.949933045536294
19713,7.223681022140857
19714,4.976583178480343
19715,7.4203109588804255
19716,8.196579064359364
19717,6.4522302001587235
19718,3.951109424533964
19719,3.7471602960473605
19720,4.524354887421884
19721,5.433668217703078
19722,7.913813456235483
19723,7.373108947473601
19724,5.143357651323069
19725,8.123376234152083
19726,4.221935420161335
19727,4.597334748821535
19728,0.8509134853560001
19729,5.4890935444517766
19730,7.94662110498325
19731,5.208591386218039
19732,5.201265396467553
19733,4.603952232899894
19734,7.374579112971064
19735,7.789081051854452
19736,3.5464889327274296
19737,4.599098068889712
19738,3.30579000693855
19739,5.183805728717792
19740,7.091832341890091
19741,5.65263484759126
19742,3.596057558706917
19743,5.96022031996485
19744,5.976995458950357
19745,1.3566614286274152
19746,3.1331316627274037
19747,8.266520405401515
19748,1.8603553480574115
19749,4.479021150283716
19750,1.851328374976652
19751,8.390787554010467
19752,4.138946478575676
19753,7.378827806982921
19754,5.498356112264623
19755,5.433706456446577
19756,7.459096299141352
19757,3.820257455584675
19758,4.1540494832280705
19759,6.687032707016294
19760,7.054366652895199
19761,6.132700910132185
19762,5.8222052318861826
19763,5.616741851555074
19764,4.80857724891564
19765,7.156010797047518
19766,6.862665810422367
19767,7.762849487963847
19768,6.244280604280893
19769,7.370742406311456
19770,5.690893513730342
19771,4.340931094056126
19772,3.5370816000350627
19773,5.328427347226302
19774,3.955540379363425
19775,3.5171723495894143
19776,9.082285951979433
19777,4.960691010802042
19778,5.679254560003418
19779,7.661014477559553
19780,3.9543856892148224
19781,5.444692455011179
19782,7.3819137539314665
19783,4.2888355546561305
19784,7.826694383314145
19785,4.80832550092977
19786,5.301404133617419
19787,6.374267193509659
19788,6.677778888853016
19789,6.845945358728271
19790,7.354258108679119
19791,8.054198468394405
19792,6.036148841135032
19793,3.461715839590803
19794,7.4869511566212115
19795,7.244346986837666
19796,2.7724347606676174
19797,4.933291051936779
19798,7.339564651874241
19799,3.170907901061742
19800,4.130470947552721
19801,5.386350223335931
19802,8.269877352256831
19803,7.2450205263527785
19804,5.639814328746217
19805,7.032552288274781
19806,9.521262716295347
19807,8.685456502560056
19808,7.549287487802793
19809,6.248093361988966
19810,3.7179625522554263
19811,4.478744062762683
19812,5.256560186887204
19813,6.6613619303884875
19814,4.193976525779
19815,7.316263024603557
19816,3.423558295366526
19817,7.24988982856375
19818,8.32437403706516
19819,6.305140965509287
19820,5.095100468281923
19821,5.618231855595252
19822,6.5248024564188984
19823,7.588774968910298
19824,8.856569228902433
19825,8.300603450743916
19826,8.420932774657325
19827,4.161041465651098
19828,8.278847835712913
19829,2.4298514723274733
19830,2.7484056378761164
19831,5.466568611258225
19832,3.937551342232841
19833,5.595742048418476
19834,3.901397546557934
19835,8.59593613730839
19836,7.077865266080287
19837,3.3692007490312395
19838,4.123052811435931
19839,9.054540166936059
19840,6.924413493952055
19841,4.438770323807294
19842,7.765847337352773
19843,6.301777631070694
19844,5.811069339235077
19845,6.831092266037722
19846,8.257022964074574
19847,9.05157019431233
19848,7.648075827541836
19849,6.069987787100491
19850,4.029460805099951
19851,6.283863711351496
19852,5.026094540180571
19853,7.948622372906016
19854,5.971960196863671
19855,8.261611877537693
19856,9.10197664774486
19857,3.1628317042596246
19858,5.250631575797579
19859,3.5184598690816538
19860,7.814769963976891
19861,2.705789120083032
19862,5.68992928777195
19863,7.207003627013416
19864,6.2724193413762
19865,9.13552852909337
19866,8.081583566312613
19867,3.356904342893103
19868,3.8317081038487846
19869,6.469139136505015
19870,8.007516081720265
19871,5.789654945031871
19872,5.3372119976199475
19873,4.250777966017069
19874,3.493701760411442
19875,4.846733073815664
19876,4.830311654565479
19877,8.01738009403067
19878,8.553086173276613
19879,5.137480052913241
19880,6.905956935615699
19881,7.455635940000581
19882,7.225682779931475
19883,6.364403303767622
19884,6.379191371521976
19885,5.852568027067882
19886,6.033463921727871
19887,5.856372174506648
19888,6.230383123913941
19889,4.108853190834231
19890,5.57751222660204
19891,3.754290577282398
19892,2.320846102285398
19893,5.046370056179179
19894,7.842986489164537
19895,7.428686970452244
19896,4.970732534703878
19897,3.615218212770309
19898,5.40050178424468
19899,4.972688461220809
19900,6.8726960088387425
19901,6.391933283956408
19902,7.6453151651641695
19903,8.527082930822704
19904,4.238920214122142
19905,10.16895842035172
19906,7.3104684736209435
19907,9.113776640463318
19908,5.644645055317017
19909,6.1989938739426
19910,5.894352393843369
19911,5.9744439401287925
19912,6.037734478824166
19913,8.127271519469309
19914,4.44634192376719
19915,6.53457711681386
19916,6.400114997371985
19917,5.314924412013626
19918,4.228814542776876
19919,8.434595810999687
19920,8.478521508826566
19921,7.583283908430788
19922,6.634771692655171
19923,7.141998650913361
19924,7.240413351389506
19925,6.62046457011479
19926,4.147974683106049
19927,7.040494242225908
19928,6.777462124116242
19929,5.403434414860134
19930,7.92945391638406
19931,4.604393194354707
19932,6.6944989014992355
19933,8.431463529195746
19934,7.7283885099174645
19935,4.755569414744784
19936,8.239507998233627
19937,8.00364985723685
19938,3.1212318400586856
19939,8.118354004021509
19940,7.464306805447414
19941,8.965854899893152
19942,4.8126183459766425
19943,6.907786772545748
19944,5.437320147510249
19945,3.7265199768810575
19946,4.516327299296702
19947,1.6490093131783272
19948,2.9698000146664185
19949,5.012841183028396
19950,8.52425640989438
19951,3.8547938920911577
19952,4.77886071977783
19953,5.52752330191166
19954,2.273737969164224
19955,6.086414190824299
19956,6.676321861793923
19957,8.529101406124546
19958,8.011828454595111
19959,8.608318959775152
19960,5.654731221460596
19961,4.245071471493413
19962,4.911904322265186
19963,6.161978835908094
19964,3.2577657137304654
19965,5.34609077403109
19966,2.2492651184303663
19967,8.619807184347192
19968,4.783802703908239
19969,6.839522590249115
19970,7.713966222728017
19971,5.531463457945518
19972,6.577213391214656
19973,5.591982135800217
19974,5.295950594217655
19975,2.1697838725518896
19976,5.829384952726528
19977,3.2270264316435333
19978,3.434389919933042
19979,6.627899709471205
19980,2.681146604777624
19981,5.944252194927614
19982,7.2820540792324975
19983,6.281933164301651
19984,3.9211208344292094
19985,4.958237970587305
19986,7.664426635624554
19987,8.605287685218466
19988,4.846435729942218
19989,4.980943448449084
19990,8.679711135804476
19991,4.3613336382583885
19992,6.300080377759851
19993,5.764082696903645
19994,5.777626442476257
19995,8.455143065339723
19996,6.769876752845311
19997,3.3973253368702783
19998,3.66161457602971
19999,5.404824439756164
20000,7.049203178695906
20001,8.66013756913475
20002,6.004699093472751
20003,3.0943515221561912
20004,3.5591240940445936
20005,6.334437321790326
20006,4.30030279999329
20007,5.1393113153886105
20008,8.343780031725217
20009,5.356244865055036
20010,6.573150773300246
20011,5.750779317513421
20012,2.7706519293200373
20013,7.0043368442142695
20014,1.7683978074772293
20015,7.941600177909189
20016,4.349445201091885
20017,3.391048570939636
20018,10.002898432978002
20019,3.750644772430541
20020,5.374500935582422
20021,4.843335510505587
20022,5.856813853529523
20023,2.7181737144044624
20024,6.335755559162927
20025,3.334748761223305
20026,3.7682201286194754
20027,8.233193243590392
20028,8.497799562706593
20029,6.840851891124262
20030,2.93325701537918
20031,7.090051382595946
20032,5.367712223800584
20033,8.76008072593286
20034,7.926419535790992
20035,4.906502601279681
20036,8.12440741931653
20037,6.098728408685149
20038,6.1870624579989775
20039,7.821847580120654
20040,6.835928706727399
20041,9.607977917198426
20042,8.437783023546558
20043,4.8957296037754885
20044,7.075032417580053
20045,2.9264517131363226
20046,6.10573374492746
20047,4.137905968573802
20048,7.608488305850555
20049,2.69400299901946
20050,3.689499180681456
20051,5.939128421834586
20052,6.432628477286749
20053,7.407330350272456
20054,5.280185157384835
20055,3.9489672913692937
20056,6.714743118972955
20057,5.33372711410429
20058,5.560587487681276
20059,6.869511472732461
20060,6.159652730943348
20061,4.8103056949270515
20062,5.487696431317514
20063,6.108988609422982
20064,2.0325494894246585
20065,5.402776515567671
20066,5.155486721645597
20067,8.603543738799338
20068,5.279596425944138
20069,5.750157955088324
20070,3.6150235502557204
20071,7.106169406903025
20072,6.4514944780410906
20073,7.425941347003361
20074,7.9004464500926055
20075,6.7299524564100315
20076,2.9915833502787144
20077,3.6763998254653427
20078,9.374301045551942
20079,6.050189003884507
20080,7.3946864045756815
20081,8.528193290753283
20082,6.378744642098189
20083,4.126195830404087
20084,5.424731442610289
20085,7.472908937038799
20086,7.063850395363471
20087,6.738374242691227
20088,6.055747499208991
20089,3.731754886815031
20090,2.866941717607986
20091,6.674291851539683
20092,8.0942944856873
20093,7.134374462618934
20094,9.651045289036563
20095,7.99887653531994
20096,8.107202153319417
20097,5.073367537047246
20098,7.79733738646932
20099,4.017011422133514
20100,4.945206126275455
20101,4.999689327679404
20102,4.163283804280788
20103,4.041298642548846
20104,6.096964077627895
20105,7.779794781702121
20106,3.847674213833294
20107,5.090739084726355
20108,5.864640752877618
20109,4.025477163950082
20110,3.510294471181906
20111,8.308038288967161
20112,3.855161620893665
20113,9.514265018476177
20114,4.332645435616329
20115,5.074262528675629
20116,5.499515790620492
20117,4.684232514643936
20118,3.053456795122075
20119,5.399732994250569
20120,6.899693525804471
20121,6.254960356437985
20122,6.894298283017077
20123,3.3394649815156945
20124,2.389818061861253
20125,7.02360886104089
20126,7.124859942349984
20127,3.2483652985277867
20128,6.827660504762588
20129,7.718600620908916
20130,3.8118373570106554
20131,5.864812089218768
20132,6.722568042262447
20133,6.249199022558437
20134,5.512546801568751
20135,9.077433269622468
20136,5.685791087400381
20137,5.180729259736552
20138,3.92703462496399
20139,9.45780183145396
20140,2.1482471439951842
20141,4.226730973340181
20142,6.030955008284205
20143,9.354076833619562
20144,5.1071231272098085
20145,8.160827542394884
20146,8.578051963282936
20147,5.036830330804077
20148,5.022655789737207
20149,5.687327912553104
20150,6.197697108060064
20151,1.5858777211154278
20152,6.1420998886585725
20153,4.739758488152126
20154,6.5188185773293865
20155,7.118825085236433
20156,2.9620694493276756
20157,2.5967235311927315
20158,5.914271679777973
20159,6.424037636715982
20160,2.430119152973005
20161,4.100142298083538
20162,7.364841517716096
20163,4.656670437360085
20164,8.387858251372403
20165,9.44263574900175
20166,1.9396623715578558
20167,3.298588307148543
20168,7.037211087681222
20169,7.724144243356937
20170,5.458867977705122
20171,4.440318410110015
20172,4.764998957176141
20173,4.914112835897665
20174,3.575814981778094
20175,4.872366372995595
20176,7.8080572000972825
20177,8.344590089649255
20178,1.8769577840205587
20179,7.549804906960695
20180,6.028861336650152
20181,8.678743817589217
20182,5.75042103603871
20183,8.425661814854202
20184,7.0988447477376155
20185,6.177560454583702
20186,6.277277018108556
20187,6.381484960514905
20188,5.779170382775541
20189,3.176484675000256
20190,4.426718006043155
20191,5.701491504369901
20192,8.493479811054174
20193,7.236402749453626
20194,6.860258937333313
20195,6.96301170825234
20196,5.672349042057095
20197,6.619912974302942
20198,7.690739568009503
20199,8.904384041682972
20200,4.809320980315688
20201,8.248058235897238
20202,3.065347370377094
20203,6.535692717267893
20204,4.304791746148494
20205,7.298196257842505
20206,5.34559620772339
20207,5.7176852396721
20208,3.0813352340829114
20209,7.6006338297026925
20210,8.252356756278513
20211,5.715605993251897
20212,4.326029128078942
20213,9.215102173520336
20214,4.413083763491881
20215,2.651642837397341
20216,7.101104431767434
20217,6.45461800309193
20218,6.847572619731936
20219,6.082147364138059
20220,4.616454527458926
20221,6.122103776186616
20222,7.027776075769675
20223,6.10950178437303
20224,5.581901031915876
20225,5.560989374369625
20226,5.503034640494265
20227,6.5024001542635155
20228,7.701667407698938
20229,7.727335088479103
20230,6.118284174715729
20231,7.9721660736569495
20232,7.472506507330209
20233,7.177545876409761
20234,8.847637502201572
20235,5.322143420078347
20236,6.618033171142607
20237,3.972277803815761
20238,6.510778893435084
20239,4.881357450761236
20240,5.165866269570419
20241,2.0012908819048487
20242,6.938040665142313
20243,4.0578822188745205
20244,8.030981523511722
20245,6.528235233610632
20246,6.731723719391469
20247,6.339199112684689
20248,5.883475665922782
20249,2.4415066376543937
20250,5.663140953582892
20251,5.115850452646329
20252,6.66317385084139
20253,6.905676719129457
20254,2.9777306297722284
20255,2.5181135520397966
20256,5.792462618336889
20257,2.5090938306576986
20258,1.8097345882722227
20259,4.894720860714825
20260,8.061990926465128
20261,2.9150562995406446
20262,5.935717665504126
20263,6.4549090274946925
20264,6.541548574563112
20265,9.048971630149104
20266,3.28410164229489
20267,7.394638181526158
20268,2.7523638013891536
20269,5.075704497194621
20270,5.5386861289457885
20271,6.342780689808987
20272,5.285968233852885
20273,3.6262702357095535
20274,1.6066376018152875
20275,10.132494810818109
20276,6.6825355929432755
20277,5.757556076756564
20278,4.082088371857904
20279,9.63550400820669
20280,5.464122931340766
20281,6.91285243900803
20282,6.662999633314476
20283,8.123992543720924
20284,3.850072896963238
20285,7.76252070127112
20286,5.642773270408161
20287,6.484281375118041
20288,3.950645557938227
20289,5.395904566929069
20290,6.2624843422954655
20291,5.326494436817363
20292,6.2952230564371
20293,7.71780012978342
20294,4.191760835598459
20295,6.986628007216374
20296,7.338620734243239
20297,3.162161708349926
20298,6.152664609279719
20299,3.894549984040158
20300,5.991871033380001
20301,5.038499832323085
20302,6.424155709246309
20303,2.5187930293781595
20304,5.206471096265548
20305,8.55295874632268
20306,4.559313432082631
20307,8.629498990413223
20308,4.389898050066857
20309,6.128208735561916
20310,5.973814039316137
20311,4.476446037103578
20312,7.261035922483267
20313,8.187231253847946
20314,5.944691505054465
20315,6.63123167343912
20316,3.0262784936122524
20317,7.283043717042134
20318,4.857750428434416
20319,7.0852567766299215
20320,5.840641052863889
20321,6.012570760748467
20322,7.763097943604527
20323,7.931913741431107
20324,4.528521373487243
20325,4.788200582668101
20326,4.521756775800566
20327,7.499057421790095
20328,4.220959681607332
20329,6.7038337500319924
20330,4.092157166509358
20331,6.181200822972056
20332,7.357724354682201
20333,9.647070372150658
20334,6.902279203602446
20335,6.330859774829558
20336,7.5658150533695006
20337,4.09670907005544
20338,3.3020379047556547
20339,4.473196627275871
20340,4.7199294877250075
20341,7.303703461105094
20342,5.9633592796627015
20343,8.055755554390682
20344,5.900874542917392
20345,7.620306582466984
20346,7.158293328103509
20347,4.5355045868791874
20348,1.8976712374014735
20349,5.937833247193483
20350,7.0716931889234775
20351,6.9847775739417015
20352,8.209915238795087
20353,6.468740689191199
20354,5.489838461658597
20355,8.196678235418489
20356,6.454703341868256
20357,4.563407270896844
20358,6.535890157313164
20359,8.400766732708451
20360,6.507636367402065
20361,4.301938277070834
20362,3.5305392680700574
20363,2.8677478671492405
20364,5.703563009055333
20365,7.450670585948183
20366,7.971992659717582
20367,5.588032737501368
20368,5.231749275494403
20369,9.161705416614758
20370,3.8735918446583613
20371,5.847855229046559
20372,7.238606657601391
20373,7.272999723381652
20374,1.8147574352308293
20375,4.882937007032796
20376,3.3716409289833016
20377,4.475385883046411
20378,7.829879504652434
20379,4.309563089607279
20380,1.3566838140208812
20381,6.7386199917325795
20382,7.493461386079439
20383,8.818577258372809
20384,7.835660513395433
20385,5.323482080229395
20386,3.4653515637551786
20387,4.862478406280411
20388,3.7538474141439298
20389,4.339522987856109
20390,4.725327716542668
20391,5.49167421272338
20392,7.227961524717658
20393,8.619709725616723
20394,8.028817137326662
20395,7.029628149691469
20396,7.943453158489609
20397,3.5437633404414366
20398,3.5415869156200634
20399,7.791509735965056
20400,5.707301659618013
20401,7.452800685670498
20402,7.620612948739334
20403,6.315838963285444
20404,8.90448166834607
20405,3.0663095724563916
20406,6.592963411317972
20407,7.069188048394925
20408,5.934925585740683
20409,6.162309358587948
20410,4.983860424267361
20411,5.58168956173095
20412,6.565989117343546
20413,4.093853872955167
20414,4.98383335150759
20415,6.542216409940538
20416,7.889355246755027
20417,7.2347375045922115
20418,4.348834535645637
20419,6.093129719646053
20420,5.915719403432452
20421,3.649565951310723
20422,8.36450388967661
20423,8.10399553774584
20424,7.219652933994278
20425,7.650734409956196
20426,5.4931399984768
20427,5.245117451293009
20428,8.631644714300714
20429,3.751656174910702
20430,4.506263769089369
20431,6.257015873849411
20432,6.210993285332961
20433,7.328677598874012
20434,4.88842300927675
20435,4.790026291219201
20436,5.117464366692819
20437,4.796079401503983
20438,8.188198446397838
20439,9.57911756247707
20440,5.337737016632203
20441,6.860966229936468
20442,3.813157538746832
20443,7.902947981409264
20444,6.240958825460258
20445,7.045513938422904
20446,7.344602231933734
20447,4.533622817229403
20448,3.3706498924083133
20449,6.32622813831232
20450,4.880399313028603
20451,6.384033187363238
20452,7.536942435927638
20453,3.216225649637073
20454,8.62849067914226
20455,4.37628830170939
20456,5.5207718499440634
20457,3.2883306712259075
20458,8.852982429153206
20459,8.564977985314362
20460,4.9185607960872115
20461,1.3002090250294467
20462,7.091235106527148
20463,6.568644837446911
20464,2.8065782288485064
20465,2.6571773613750245
20466,9.294489303547472
20467,5.909279576904808
20468,5.1839630198779805
20469,6.080781289703047
20470,3.686728438656555
20471,1.2952873241754155
20472,5.624826025251474
20473,4.8454595209284665
20474,7.063036040266033
20475,3.7031809817878947
20476,6.0837731266741395
20477,6.046818257001813
20478,2.5268834523174615
20479,3.389448553457354
20480,3.4676735108334165
20481,9.035310142471232
20482,6.615241601150547
20483,4.803929670682301
20484,2.253277149882954
20485,7.450380985428811
20486,7.408152994084769
20487,4.71111315124967
20488,3.0812015648192284
20489,6.6352099938834055
20490,4.276766068254005
20491,3.8842389094504726
20492,3.3531064938194084
20493,9.767581147704274
20494,7.650440654972019
20495,3.051957866982236
20496,3.7735133496217608
20497,7.744654042258588
20498,2.4009764313902573
20499,8.482442972172652
20500,6.224729128579967
20501,8.622758893467617
20502,4.046998462516
20503,5.749479222809419
20504,5.737169662451806
20505,6.072963974969098
20506,3.861735294855213
20507,7.639174346560806
20508,8.199446346899634
20509,6.379342611171251
20510,7.592986922974293
20511,7.4225625309777605
20512,2.9968241121267662
20513,9.352117269295242
20514,1.7542051486041643
20515,4.037764701349532
20516,1.8465024773378627
20517,4.914711208486659
20518,3.4782315958669554
20519,5.860385676705886
20520,3.4531113543487812
20521,6.86757442290291
20522,5.574886716922978
20523,3.646572800196677
20524,7.4437168058906185
20525,6.144192983783816
20526,5.172144908207093
20527,5.026673761671107
20528,7.63486626563521
20529,5.1440352792011685
20530,7.50748343426218
20531,5.872983717334751
20532,3.2094479376081324
20533,5.7504252428567515
20534,9.162234702353945
20535,7.74080916219024
20536,5.825894367538176
20537,9.120187620116456
20538,7.164512018438199
20539,5.363865345696022
20540,5.093279537783172
20541,6.138120906379167
20542,7.9821356290401795
20543,5.7846097878363345
20544,7.203191579062325
20545,4.807299618894793
20546,5.739743509033293
20547,4.116874159786015
20548,5.965347346732566
20549,6.965963749350103
20550,2.8135933693761115
20551,8.294410146263033
20552,8.084013272526857
20553,4.634828004868659
20554,7.434092540426496
20555,9.313568821955815
20556,8.309196485704323
20557,7.235567723548014
20558,8.66413549705084
20559,7.460017639003047
20560,9.947244778035127
20561,2.198879730059506
20562,8.330517388640102
20563,8.580766452887547
20564,4.358617000993488
20565,9.090900934476041
20566,8.009876503117543
20567,5.3271637861317
20568,5.123082833419897
20569,9.018251707867861
20570,3.10356291068063
20571,6.009512397223536
20572,7.270044936624389
20573,7.833225194904221
20574,3.9463999080969963
20575,6.537600911182908
20576,8.867002258830137
20577,9.324580430583463
20578,5.822434311070321
20579,6.804409100188314
20580,5.262302752240083
20581,6.159391703917532
20582,9.384892557282408
20583,6.706621090860369
20584,7.381723197415813
20585,8.0832359057719
20586,4.051148994511733
20587,6.014218219338968
20588,7.22773974906469
20589,4.089777970549549
20590,3.8932039085376324
20591,4.604596800130451
20592,8.639862932863421
20593,5.578983899264963
20594,6.189046230260707
20595,7.581761392021138
20596,5.377229766605495
20597,1.5304076686095591
20598,5.649716533708085
20599,6.596135112002648
20600,2.1530846420448313
20601,4.3896767936988255
20602,2.429368948326924
20603,5.430035534892543
20604,5.855738331105342
20605,6.781774927149355
20606,5.547492566312702
20607,4.272818841128016
20608,4.607474762020742
20609,9.151618835609733
20610,6.720920419034694
20611,9.22006623918745
20612,5.248207453525958
20613,2.4313636168198123
20614,8.770998925810813
20615,6.309408531677426
20616,2.028137859394394
20617,5.538268230672484
20618,9.60035991900995
20619,9.038519658844105
20620,6.067534926652672
20621,6.46300339549402
20622,3.6319149757862186
20623,7.655668907470205
20624,7.4332378935391965
20625,5.1658571959433415
20626,7.208863973522298
20627,9.321634566369314
20628,7.190513864706525
20629,9.524264119932564
20630,8.085472342975565
20631,4.627755655589205
20632,4.865883016560078
20633,6.868413557041559
20634,6.550337534567389
20635,6.015854516578916
20636,5.622190281007354
20637,6.909606378883232
20638,5.595892597256914
20639,3.4180035837958114
20640,6.163187307910187
20641,6.47521538657134
20642,7.392419244688314
20643,3.897139327445994
20644,5.3467027231850945
20645,4.108208525901716
20646,6.784483808729226
20647,2.5389232366609593
20648,3.697389028873712
20649,5.142474465878603
20650,5.910967969609952
20651,6.636334960777402
20652,7.4651685209014005
20653,3.275732464868137
20654,2.329502168257533
20655,5.723232100312892
20656,7.476745273026987
20657,9.19518158073961
20658,8.356851221851398
20659,3.82459535933677
20660,8.229301308434025
20661,8.302261002358087
20662,2.3333985842877913
20663,8.940544469001992
20664,5.8132550547919735
20665,6.0225462503679115
20666,5.26536182099185
20667,3.5569303248858377
20668,6.979432605133448
20669,6.498864491596095
20670,7.923251229964761
20671,4.992437201547348
20672,6.663429281336116
20673,5.750937978305487
20674,8.055376956185361
20675,4.656177296903247
20676,7.551740749090212
20677,7.707441265856405
20678,7.553512591440911
20679,2.5453870603777666
20680,8.49936571523406
20681,3.3702587650147424
20682,5.553911120280945
20683,6.842569954240983
20684,4.105438723125476
20685,7.198892198762087
20686,7.507251263403079
20687,5.798165444370253
20688,7.398706051072141
20689,2.142218610072246
20690,7.463576772636458
20691,6.745830865651041
20692,7.427606206379929
20693,6.7082865125021245
20694,6.91515800503412
20695,6.082742548874721
20696,4.983427440755621
20697,5.379374420241941
20698,5.121391403610135
20699,9.650265119980185
20700,2.4529187448786454
20701,6.856748043762275
20702,7.908521848144202
20703,7.982352408452616
20704,7.111391248236417
20705,7.745966961084805
20706,6.782910920330102
20707,1.5010159952480961
20708,3.4770380804347085
20709,6.8887780267110035
20710,8.399520837446529
20711,4.633798702910057
20712,5.479659424978317
20713,8.88557670646946
20714,8.60178748016127
20715,7.520364678095076
20716,5.868152571044558
20717,3.439635535776566
20718,8.634720242442208
20719,5.808995871621029
20720,7.263682483068602
20721,8.693534159260768
20722,3.0571885949415902
20723,8.562800556256462
20724,5.624396569855514
20725,2.952840213540214
20726,5.67766959735421
20727,3.5164900591096395
20728,5.7017331209273205
20729,5.280525326397953
20730,5.251083570869434
20731,2.469976805692968
20732,3.4548704140387643
20733,8.432062350076498
20734,8.632675877599183
20735,5.818922176327388
20736,4.111879862776686
20737,6.169416704588963
20738,5.0308700841391145
20739,4.368081903436277
20740,4.54347824770124
20741,6.587825401742684
20742,6.144651899610248
20743,8.128870856865861
20744,5.319612473340476
20745,7.611044341602668
20746,4.365671245466572
20747,4.400628193297965
20748,7.865956400290154
20749,2.231272532829861
20750,7.145768013741534
20751,3.6643603428336906
20752,5.032718444807938
20753,8.423185363633463
20754,2.216936170683634
20755,3.2150251137028847
20756,6.598109704095766
20757,8.371910189671182
20758,6.730336658125166
20759,6.604132796492538
20760,5.857611043788461
20761,6.613393345480803
20762,4.016578149818898
20763,6.428674807481502
20764,4.340385007751868
20765,9.398257540895353
20766,5.4812679778123385
20767,6.302529470415459
20768,2.9939633044961718
20769,8.821980981574088
20770,4.093139755776431
20771,5.419125164936137
20772,5.299113079431137
20773,7.943287235599806
20774,7.577608096030087
20775,5.343830945284891
20776,8.939719121561216
20777,4.372420212077067
20778,9.299009342085215
20779,4.900688601616112
20780,7.117275563019913
20781,8.360907036950522
20782,6.857901133124161
20783,5.669212963781187
20784,7.56230922073584
20785,5.663958747006027
20786,4.699761573688802
20787,2.9583618724887555
20788,6.816863719207516
20789,1.6246906088310862
20790,6.073003076121151
20791,6.400667223907754
20792,7.445696149864552
20793,7.87563447803409
20794,7.606239482474245
20795,4.969336339068564
20796,7.1851256818599305
20797,5.63047236457695
20798,4.09084434173361
20799,7.268047586171203
20800,5.121005808005616
20801,6.405970693417791
20802,5.860746057212946
20803,4.079349501139527
20804,5.650894745568449
20805,5.805661642424644
20806,5.717929468736735
20807,5.006030512151247
20808,9.38558093141403
20809,5.134065365580377
20810,6.973623261486347
20811,7.477867738925358
20812,9.03494930466475
20813,3.123483693046406
20814,8.351939930955112
20815,7.258481600311631
20816,7.174147714224809
20817,5.637920269594381
20818,7.54032677090557
20819,7.218261207160519
20820,6.620374254166593
20821,7.899125728608607
20822,5.8980585549370605
20823,3.607451032118322
20824,6.773998187292465
20825,6.762912759967907
20826,7.987558349223045
20827,8.547009474718788
20828,4.624844104699124
20829,8.058662100923787
20830,6.636109577659068
20831,4.206468551237824
20832,3.0852481418050477
20833,3.0972881474163336
20834,8.497593504399681
20835,7.512447329100542
20836,8.512992951464486
20837,6.33050718919225
20838,4.8053660896129715
20839,4.493492726154464
20840,8.578659721965426
20841,5.754895432205511
20842,8.62067524546436
20843,5.061109938892129
20844,2.506272541665111
20845,5.563155264985278
20846,7.014582002131378
20847,6.342457735212202
20848,6.697116900758097
20849,5.1547668076671425
20850,6.866759897763976
20851,4.968246048497265
20852,7.87536927833494
20853,6.390678882307114
20854,5.953789383609551
20855,1.7632344478679727
20856,5.830904151833616
20857,5.955284129712611
20858,4.665203270706647
20859,1.750550563665307
20860,3.1073382841077475
20861,6.879559768381176
20862,5.736534313544852
20863,5.87930245121132
20864,4.735994673248201
20865,7.274001615700211
20866,8.360261874275356
20867,8.182702762018907
20868,6.167128903622517
20869,7.124582867779172
20870,6.589883612468735
20871,6.133410389427005
20872,9.155784103074291
20873,6.602735245436036
20874,6.4793397471266845
20875,4.129322035861274
20876,5.28769466953089
20877,8.186445413444165
20878,6.517862101804929
20879,5.978326441595461
20880,9.90338124122299
20881,6.406793042308389
20882,5.727835167151854
20883,1.5703630617133753
20884,5.758923324852042
20885,3.8042973355161704
20886,6.521992941529291
20887,5.704121462534881
20888,3.814303469542525
20889,7.726622058595902
20890,4.989207328200598
20891,8.152347795329216
20892,4.463213487796786
20893,2.7783462361337623
20894,8.31796191083945
20895,8.285955285343647
20896,5.825673161789748
20897,4.589470164849144
20898,5.055443817613462
20899,2.495300783746784
20900,5.321266488924637
20901,6.640659066584895
20902,9.2126984922087
20903,8.110616488884997
20904,5.530455163278898
20905,6.101242524028742
20906,8.749111804325416
20907,3.010280317414112
20908,8.982524899515504
20909,5.412630148404138
20910,5.090478942800616
20911,3.9595756887320133
20912,6.254079253637054
20913,2.781437449571594
20914,5.396900398630647
20915,9.084820562109435
20916,3.1294354504193524
20917,2.883671136565189
20918,6.699420523017455
20919,3.608776125146905
20920,6.874771971018175
20921,6.84557632141593
20922,3.1878462427976952
20923,4.212267826867315
20924,8.05564732290921
20925,5.765536231661194
20926,4.59309691239315
20927,4.027927088416687
20928,5.870538397619672
20929,4.281656418371108
20930,6.8040580618732776
20931,6.774991326255786
20932,4.681230262161054
20933,5.916010908265211
20934,4.268533556885324
20935,3.2031831598274123
20936,7.010731675051719
20937,8.190205688972302
20938,9.84542095940881
20939,8.95554051772621
20940,9.919032261242645
20941,8.267555392275018
20942,5.745580973371339
20943,7.163799528278821
20944,1.9450694126916384
20945,6.727700219644083
20946,7.52501303517043
20947,4.383162766534111
20948,8.268377005966144
20949,7.072832664305417
20950,3.177037440436414
20951,5.492518557513263
20952,8.566589402621135
20953,8.459199611495956
20954,1.3194094617893004
20955,3.5275678510604433
20956,4.820513074571969
20957,5.993037111267626
20958,7.699097796666224
20959,5.468103252729787
20960,4.8864968743590715
20961,4.093559361594063
20962,6.496100758750592
20963,7.896352957236675
20964,7.424365071770943
20965,2.709088000884676
20966,5.127785761300313
20967,3.9998757537530625
20968,2.464547923626503
20969,5.319788664535409
20970,6.847497750530778
20971,4.23864611329332
20972,7.372054806379763
20973,6.510301627377017
20974,7.148262464154863
20975,7.839443424771907
20976,6.278381541040153
20977,4.128990655826853
20978,4.9699618100360565
20979,5.198405884323809
20980,5.44732915957764
20981,5.477140738521202
20982,5.741226927440618
20983,7.803916493366622
20984,5.870638058724605
20985,6.80812313455891
20986,7.575334997112544
20987,6.087141228857749
20988,7.57892992812492
20989,9.647408307332743
20990,8.65512513538264
20991,7.271085398499046
20992,5.309015420993894
20993,3.148432832390739
20994,5.120807439327779
20995,4.811124378216034
20996,6.842138011894129
20997,6.806425665666477
20998,7.073649959061185
20999,4.447249701536975
21000,3.7052176471527885
21001,6.999708415620746
21002,1.9087678185589212
21003,6.886815514190859
21004,5.284831988383158
21005,8.47006653419585
21006,5.206648940310465
21007,6.358899646025766
21008,4.459406774377979
21009,5.6056792334547065
21010,6.465990288983338
21011,7.789274415237885
21012,6.461529862050752
21013,6.320998520528814
21014,7.668106931092064
21015,5.588043672030792
21016,7.085858838805734
21017,5.271438202374325
21018,5.296167506320311
21019,6.0088193777990915
21020,5.664575603514622
21021,2.490628456432192
21022,7.046163636466057
21023,3.033298044015887
21024,7.848619167428597
21025,4.980368946252133
21026,4.575301413336169
21027,5.353438866242601
21028,6.455124411766363
21029,4.032991414642326
21030,2.4363326769893168
21031,3.6261673879363894
21032,8.3240589591131
21033,6.51932832509406
21034,3.5563905138851535
21035,3.140989828983634
21036,7.139477171507222
21037,4.428754163359341
21038,6.139838478497479
21039,7.777910351811293
21040,8.70826617534566
21041,6.854817905928006
21042,4.712245828303308
21043,4.577438521883917
21044,6.685536573978453
21045,5.784860957025413
21046,7.662886412276561
21047,4.986797671704223
21048,4.954920986211821
21049,3.803460526577371
21050,7.100733981517942
21051,4.757648073445399
21052,5.048440298019388
21053,6.9812172016428615
21054,4.8397161851317
21055,8.149995660700696
21056,4.734025964086226
21057,4.206680663592769
21058,6.127022117795152
21059,5.300748335745422
21060,3.4433835158688173
21061,9.4033647245517
21062,2.996937967897916
21063,2.8563658118080144
21064,3.1892805152384174
21065,6.6567924602906645
21066,6.271530870965517
21067,8.891417113592876
21068,2.8712648312448525
21069,6.966002455984857
21070,2.0912856361850087
21071,2.2210768139175325
21072,4.202436989645423
21073,2.4546078158874
21074,9.438600315340533
21075,6.744575467720218
21076,9.438637914749716
21077,5.748613518318456
21078,1.7215962638869389
21079,8.882048038289934
21080,2.6311546564077943
21081,6.099857467904765
21082,8.149334441987229
21083,6.081136023111852
21084,7.441197154806926
21085,8.61141954058995
21086,8.464339787971884
21087,5.498396482242527
21088,4.969653493658509
21089,2.349943646120994
21090,2.772370814420571
21091,5.010980030845956
21092,5.198970120343823
21093,6.033284841502387
21094,7.799028711379675
21095,7.886518579749742
21096,3.873722543086221
21097,3.7671222613717386
21098,4.777037384537996
21099,5.17629308073752
21100,5.554853497432026
21101,6.105524652337792
21102,4.861005287700845
21103,4.305872082052716
21104,4.6679770670324485
21105,2.2357808046049823
21106,4.4064137436852
21107,5.526593483078474
21108,4.548613191785852
21109,4.173303095128231
21110,7.744279118862306
21111,4.879468433050473
21112,8.3548509739501
21113,7.069670729366238
21114,4.700810830665974
21115,5.435889377853404
21116,3.096192898828157
21117,9.138120673429174
21118,6.7667869945457095
21119,6.401257055995889
21120,3.477399347216793
21121,3.859066161415755
21122,5.86340448677271
21123,5.154015668612695
21124,7.613836998087831
21125,5.157987639242041
21126,2.817463728870347
21127,6.487396540746244
21128,8.065085973840985
21129,8.073037752785787
21130,7.947504920617718
21131,7.370415594679847
21132,5.967256204849022
21133,6.4591175224117165
21134,5.939008904594471
21135,3.4241232509555375
21136,7.987479219059338
21137,7.883990358634519
21138,7.04422310543992
21139,4.623349699591044
21140,8.415447905188348
21141,8.517848127748533
21142,2.8951900780457445
21143,3.569888865352213
21144,8.684286145840845
21145,5.674303969208352
21146,8.160629794163043
21147,4.582546215939576
21148,5.110187448412511
21149,6.631535851288586
21150,6.17926276396129
21151,6.274960765022047
21152,5.6006944440796795
21153,7.512196637726011
21154,8.172581984693615
21155,2.984592383417247
21156,9.014260785218413
21157,6.249571959374816
21158,8.172909718792257
21159,7.906081852612662
21160,6.579036707432568
21161,5.8966529755602375
21162,4.241190023417446
21163,5.004159151884775
21164,7.5219329477198045
21165,3.5407831250675983
21166,7.207676665110318
21167,7.617538537900166
21168,5.111209386432212
21169,6.8709604169777005
21170,4.912572767712472
21171,8.191142323754866
21172,3.3078064901925313
21173,5.576586372142972
21174,5.156173597572275
21175,8.571908623081772
21176,5.2694061346168715
21177,7.101058976341442
21178,5.969709187614444
21179,6.3224673340964905
21180,6.054113162465236
21181,5.870561425232699
21182,5.042088731370102
21183,7.110424086729301
21184,4.915180594122793
21185,5.9810031445104475
21186,5.979506278682334
21187,3.3963870135837695
21188,8.055904659995559
21189,2.8243780934763727
21190,7.546813093935527
21191,8.227061967059452
21192,5.83824700739248
21193,7.558757147180637
21194,5.710484171435397
21195,7.255745811590606
21196,7.405563605632615
21197,7.185073603892645
21198,8.702095188986315
21199,2.2901402539060554
21200,6.480272742664096
21201,6.697745785707405
21202,9.041919184571194
21203,7.799639579541484
21204,7.6767059756712035
21205,6.970705487116673
21206,7.211609120021428
21207,9.059837837441556
21208,6.088719415688226
21209,6.941942776774949
21210,0.898387867501163
21211,6.515498739444095
21212,8.849639307345385
21213,4.107365663943813
21214,2.523147298742995
21215,7.161484518693974
21216,4.41737808274809
21217,7.045209872290229
21218,5.811882777205801
21219,6.910519435600859
21220,7.903174749233313
21221,9.24021434080714
21222,5.6724249036264816
21223,5.970300819292545
21224,3.3284183220846666
21225,8.07679487532206
21226,6.848014321484057
21227,8.884011453165717
21228,8.821154300666283
21229,6.015425551440212
21230,6.3439263918332465
21231,6.284494426648532
21232,4.055533642029967
21233,6.242823807877839
21234,4.895493820006708
21235,7.95347040041561
21236,7.21720778500066
21237,3.68044228430142
21238,5.99499321623377
21239,5.744426852594229
21240,5.034058722792992
21241,4.110597275925187
21242,9.61222729422046
21243,5.7138068829969
21244,3.030703593375374
21245,5.801811161367338
21246,4.841106794573808
21247,6.00357012828508
21248,5.865914636458555
21249,4.16111765970643
21250,3.877394040453318
21251,6.57336018417047
21252,5.76134831212583
21253,6.145865888759068
21254,7.587096739778538
21255,5.677413679775804
21256,8.234739736215182
21257,6.671822724539822
21258,6.215449904212177
21259,7.900954685222418
21260,4.6348937598524325
21261,1.848931798457408
21262,4.9423709925014245
21263,7.0958445239047485
21264,7.6445303079521425
21265,5.377917104095658
21266,5.820003908864965
21267,2.868804587035346
21268,5.116060591706914
21269,8.333161904964442
21270,6.182792627546887
21271,4.135649893921025
21272,4.126557900221394
21273,7.8466345187137305
21274,8.005386953102576
21275,6.0400976408522045
21276,5.078074864380015
21277,4.599765263895175
21278,1.776578764486966
21279,8.653497221778043
21280,5.654411565502263
21281,8.083868451346197
21282,4.294962822738594
21283,7.985606512220976
21284,4.0130732724830125
21285,6.048065301088905
21286,8.625264702924897
21287,3.922396022937228
21288,6.962608520358221
21289,6.997223375763016
21290,8.937100404315512
21291,5.046460987033242
21292,4.648786376052769
21293,4.314878494442727
21294,6.7827111869669166
21295,8.071151558604248
21296,8.312225029560727
21297,6.87180840906576
21298,1.4861945994291892
21299,4.911226638571597
21300,3.367464803436607
21301,4.852239395175621
21302,5.504048493513447
21303,6.362984092853264
21304,3.4291466870027785
21305,8.175109908448245
21306,6.049048292139907
21307,3.9468784504587795
21308,7.252564900981464
21309,6.492725637706857
21310,6.466651875503707
21311,5.623711916873226
21312,5.873381881289382
21313,7.363994987696129
21314,6.176727440944627
21315,4.572057975769457
21316,8.53515844214671
21317,3.412797800259056
21318,3.145097397272626
21319,6.063283921991868
21320,4.044005612256759
21321,6.193370314539323
21322,4.104008784639467
21323,2.7919294903828993
21324,7.2944994943384875
21325,7.418133656337091
21326,8.03885946848141
21327,5.925821926839506
21328,7.936263252350651
21329,7.575505101987307
21330,6.763527693715921
21331,7.883876750897427
21332,4.052627888174795
21333,4.020635541935725
21334,9.225702744922607
21335,7.707262363209075
21336,7.150433754033225
21337,7.519892071527636
21338,4.399765815989156
21339,2.969875551558764
21340,1.9549675528186832
21341,7.567230340903869
21342,4.866298027120294
21343,3.1728001065352496
21344,4.004634149881218
21345,4.372533042036689
21346,4.431771749065772
21347,3.874079521941075
21348,5.352501384551031
21349,5.116089553019144
21350,6.912220617184772
21351,5.996614099439594
21352,8.010566197024643
21353,6.566887539303254
21354,5.676655053196192
21355,4.5111420558346484
21356,6.782935968961281
21357,9.149557019955783
21358,6.711795051023025
21359,7.429092129400624
21360,8.602710850691446
21361,6.40417852302057
21362,3.102741933078004
21363,6.053903028313005
21364,0.5646605215591958
21365,7.300948086027259
21366,9.12922837803245
21367,6.592430872804979
21368,5.63503606689689
21369,7.081313184158112
21370,5.301539660983005
21371,7.181538341104524
21372,5.012419979422755
21373,4.734332164438793
21374,3.601508634006502
21375,4.086930668380968
21376,6.616802563762938
21377,4.411852280552046
21378,6.989652616339775
21379,8.167692994274491
21380,5.73224292898296
21381,7.039040750940414
21382,5.069407284178058
21383,5.28345037028592
21384,5.359158485829245
21385,7.22789882447117
21386,2.5649256923701835
21387,3.2156594709218953
21388,4.658118001764107
21389,6.45831475960653
21390,6.086791746698236
21391,7.221923353285256
21392,4.769936706164955
21393,4.681053340904269
21394,6.368871753425245
21395,7.809421263328218
21396,5.136376239654444
21397,7.643512208079176
21398,5.610093760902141
21399,6.708098203369245
21400,3.467381595203252
21401,7.052505314962058
21402,6.057776941802826
21403,9.291215035605259
21404,2.6065741032737693
21405,7.622764880603111
21406,5.786530401540557
21407,6.310456642363666
21408,4.705575429971333
21409,2.0694484521322627
21410,5.95874851686681
21411,8.877996728532596
21412,6.282108566992711
21413,9.113834368403346
21414,6.820842750318642
21415,5.265667432456586
21416,2.862792888894887
21417,8.127894665989562
21418,7.895913055771186
21419,9.174112408064996
21420,4.324321965856101
21421,4.201294890533388
21422,3.9747709759915213
21423,3.284268019276564
21424,7.171376971922144
21425,3.936080442632438
21426,6.97094177682438
21427,5.462410896342992
21428,6.0027355818540205
21429,3.5066923904744867
21430,7.355722284985028
21431,2.2617196665225077
21432,8.221148757538565
21433,8.023350379671896
21434,8.777469867207857
21435,6.168716311963992
21436,8.556125601820993
21437,9.352438552810366
21438,6.655043939719938
21439,6.8455345369510905
21440,8.041756278123614
21441,6.398859297797999
21442,3.723761995466954
21443,4.0054990780584525
21444,6.63968096507679
21445,5.734604362190499
21446,6.313294675679425
21447,4.643576101060779
21448,7.306317146127073
21449,5.081964148804875
21450,4.962437497878145
21451,6.334123720649917
21452,8.611160131408173
21453,8.714737736378954
21454,5.143271060085123
21455,6.513183314747213
21456,5.184145999764583
21457,9.420609206258868
21458,5.654524809537032
21459,3.5103149545763013
21460,3.5217701461776123
21461,7.035158198824151
21462,3.860881210020243
21463,8.477098027258135
21464,6.666601759499483
21465,7.986138067792901
21466,4.801452450837203
21467,8.790350210326546
21468,5.586920028388281
21469,3.5058539614567428
21470,6.537370316509924
21471,3.8958310890418777
21472,6.429641351254786
21473,5.885995381405737
21474,3.6646776691982934
21475,3.114967717074254
21476,4.686426122045583
21477,4.244484065005657
21478,4.871428270960601
21479,6.310493475257994
21480,7.326302695926126
21481,4.356091374280094
21482,7.337134978770065
21483,7.594528446153051
21484,6.550711696204868
21485,6.076014459953435
21486,4.011046188116584
21487,7.710656097671346
21488,3.137230265847997
21489,5.9284873011112005
21490,6.984511499349121
21491,8.325030013947865
21492,4.451231794063457
21493,5.831905624919066
21494,7.81816831215781
21495,7.008197035807237
21496,4.6478472605594385
21497,5.593107139416545
21498,8.362175511507868
21499,5.33134957462224
21500,5.870111865049646
21501,5.047021933548943
21502,5.765842034747775
21503,5.120062043545006
21504,7.092502902650589
21505,4.973795326251846
21506,6.134145619041483
21507,4.787315510054952
21508,8.505287316680173
21509,7.417488408925676
21510,7.566909752892246
21511,6.19595281190437
21512,6.24785146048678
21513,5.931715706639246
21514,9.027656999273532
21515,4.077936564881838
21516,6.961366816007536
21517,4.823421371217165
21518,9.144039707782968
21519,5.878324045955866
21520,5.431858799164394
21521,3.957212199226542
21522,6.843612477308134
21523,9.634646220070083
21524,7.05512812662619
21525,6.809600683058687
21526,3.966213077291091
21527,5.783743909132426
21528,7.905521365305676
21529,5.05319106141684
21530,6.531812120658164
21531,5.030729465257442
21532,9.720428917991986
21533,4.800308642808482
21534,3.719990849555297
21535,4.100433451027716
21536,6.239040979964539
21537,8.683195202484521
21538,1.6285234713418664
21539,4.174805499610542
21540,3.778977351089675
21541,6.267580470833498
21542,6.283659245451664
21543,6.220364851767819
21544,8.675847614904127
21545,4.604210704860514
21546,1.9898741111611367
21547,6.990809980850389
21548,7.695987499329472
21549,5.362300650331156
21550,8.911704678535546
21551,6.7040024185826725
21552,2.247176972652812
21553,6.462305976129875
21554,2.9940571349674108
21555,5.388972223697319
21556,7.2554402574942
21557,6.844630129006908
21558,3.716739307575605
21559,3.3248378226400868
21560,8.838793005433702
21561,7.665305033267958
21562,8.182199810451712
21563,4.826754019216632
21564,3.2340387522216587
21565,6.004857780535692
21566,2.91728680247796
21567,9.154341528391948
21568,8.282398230096177
21569,8.498758334383131
21570,6.283523297578455
21571,4.9460612264324135
21572,8.420165147846658
21573,9.115574552709228
21574,4.177618299303946
21575,3.3829570261105855
21576,8.235835573153619
21577,8.95392493121646
21578,7.205593140405256
21579,7.145247274471408
21580,5.848011087540571
21581,4.482677899061695
21582,4.76120263906086
21583,6.195460772179934
21584,6.153542570666511
21585,6.3493741237422245
21586,7.296518427447723
21587,5.511419577951227
21588,3.362046007910788
21589,6.201058267704667
21590,4.459542663312056
21591,5.780114265462592
21592,8.297740882873654
21593,8.483998282226601
21594,2.9063176184932753
21595,7.48115326157729
21596,5.583992071816413
21597,4.93784861924673
21598,4.206765574584965
21599,3.8084980779116315
21600,7.883483892246008
21601,1.7493234310733792
21602,2.501519845513164
21603,9.31905893968802
21604,5.196629888402047
21605,7.634620803223471
21606,3.4761766225707107
21607,4.869325762197285
21608,7.139984965492654
21609,3.860354422185157
21610,5.91897770648353
21611,4.896598806350825
21612,3.6883952973814
21613,8.327743211606819
21614,6.250493703809436
21615,4.726025805988191
21616,6.472997195552079
21617,5.364519839944913
21618,9.312262875022363
21619,9.42480064028148
21620,3.7754825436776454
21621,8.456343913053768
21622,6.188600216840396
21623,7.922041846587367
21624,9.214191866452584
21625,6.708082924058998
21626,4.7722340533569
21627,6.208969817502551
21628,9.729921528187965
21629,7.282195021642273
21630,9.21135509871449
21631,3.886363019816778
21632,5.075896022371722
21633,6.106485327066369
21634,2.6300846281633277
21635,6.122668782574686
21636,5.242478311182181
21637,5.402478112923098
21638,6.646789334210387
21639,7.763483564894416
21640,9.486328225919163
21641,5.080286405546495
21642,7.665477404622614
21643,9.159753802132435
21644,4.712092304332703
21645,7.620206630362328
21646,4.314351628935988
21647,6.759376051119096
21648,5.7706303021843235
21649,8.050741219603283
21650,2.708343969485413
21651,3.799416587800146
21652,3.8919146069968193
21653,4.355524253785795
21654,3.019358816394659
21655,5.3363363516465325
21656,7.6679719755474
21657,7.7107306409250045
21658,7.466375023803717
21659,3.752597579752282
21660,7.432885984097632
21661,2.257313544308221
21662,4.52699857841505
21663,7.9182943202363045
21664,3.472175277348736
21665,4.705238382235878
21666,2.3669540796857387
21667,6.592901175760009
21668,6.044163229548167
21669,9.157461850087154
21670,1.5077210367175509
21671,6.82645366206608
21672,5.344120185377453
21673,5.489558381787265
21674,3.8613517762202965
21675,4.767432763997832
21676,7.949361134551614
21677,3.6072839528689036
21678,5.960385093017391
21679,6.6046494943411025
21680,4.957881139667272
21681,1.8278822839055326
21682,7.392163105044285
21683,6.6722982101711095
21684,5.75050157586732
21685,7.98734539351333
21686,5.5478153082457
21687,6.395180871231696
21688,6.59479238869635
21689,5.577598418312885
21690,8.816912806579145
21691,3.6790708156465532
21692,6.29701251882921
21693,4.028866235125606
21694,7.138655024860364
21695,5.53141338928931
21696,9.668035815748429
21697,5.269793293514864
21698,2.8974029936113497
21699,8.455570126533658
21700,5.500297697240404
21701,7.920058477260845
21702,3.6155576868989163
21703,6.068227998919619
21704,4.70815984956465
21705,8.82823103155231
21706,2.6965359164504203
21707,8.684733153642082
21708,5.735724575497223
21709,5.191328045970563
21710,9.100534424443055
21711,4.936118280412824
21712,4.049593279527588
21713,5.522929778432148
21714,5.055268673280187
21715,4.782592639994729
21716,6.755439928911148
21717,6.6280040389656545
21718,2.50684969481836
21719,7.76932849152216
21720,5.126443041863858
21721,7.2161546577900015
21722,9.203987694589209
21723,6.207448386377766
21724,7.757594675770185
21725,5.640143664050479
21726,9.019983556449299
21727,7.032038625413205
21728,5.165498359040444
21729,5.503319134980671
21730,6.238985709079414
21731,6.6249218635051585
21732,2.2831891203491166
21733,4.826028787226128
21734,3.9562058466507692
21735,7.299964248387589
21736,5.743466752140651
21737,7.401076236683732
21738,1.9723458554521214
21739,8.431446032448413
21740,8.92859855155278
21741,6.517390227535338
21742,4.1422698107147555
21743,5.768143849170372
21744,4.567809832577737
21745,5.901054942369517
21746,5.8595898056374836
21747,3.006279266278224
21748,9.644261688177258
21749,7.005553230680888
21750,5.979341171366447
21751,7.005257076440179
21752,7.264306691454904
21753,8.713719789226746
21754,7.511012667632554
21755,6.690931288825543
21756,4.197601744777742
21757,4.698571415072447
21758,6.558157806179188
21759,5.0406679527923535
21760,7.5750388397112625
21761,4.94748456679626
21762,6.808621319435744
21763,6.117102091688868
21764,6.056423339968548
21765,5.814858207192809
21766,7.116743584654466
21767,2.6331166674009983
21768,6.717912110029691
21769,5.403106005081161
21770,4.293219168829763
21771,2.9492864657552342
21772,5.9387676936496
21773,1.845742561929936
21774,2.3576839899728492
21775,5.821806446309936
21776,4.97454122973328
21777,5.836895111244687
21778,5.944377672253925
21779,4.3726959458086245
21780,8.124519969049974
21781,3.3370244394992703
21782,6.147848624708766
21783,3.867987507906468
21784,7.4704996190014405
21785,6.888563443837665
21786,5.5125435277658505
21787,4.334659692773486
21788,9.310911027442344
21789,3.4385647967998554
21790,4.875554960126763
21791,5.688185217038077
21792,7.499655535197722
21793,6.53679431074068
21794,6.774916212900077
21795,9.782558262361253
21796,6.49374244809855
21797,5.485906946454834
21798,0.9485335361216007
21799,5.220340908103376
21800,7.229653148837465
21801,3.2940838151659864
21802,4.459025916525906
21803,1.7922476608507818
21804,8.29919836390641
21805,5.25442876374577
21806,6.27064553277156
21807,7.960691158599211
21808,2.741625000966851
21809,5.252235805711904
21810,3.1334155519226714
21811,6.827096470484923
21812,8.054164466107146
21813,9.503644828335656
21814,7.390817847647064
21815,8.973951632504715
21816,6.542309261377936
21817,8.830369065111446
21818,6.492251245659613
21819,7.23934046026708
21820,5.689840378281237
21821,6.790022942968896
21822,8.008435204739278
21823,7.69012530378231
21824,8.018463557308495
21825,5.774113331481403
21826,6.291332792301952
21827,7.636934077410664
21828,6.275225119037635
21829,3.9657759344717363
21830,4.223760602097362
21831,3.273889552023354
21832,2.527816962254812
21833,5.066742327265041
21834,5.627530477097129
21835,5.70960189531633
21836,6.003379778353038
21837,5.796095393832262
21838,8.801154127983143
21839,2.805848011213241
21840,8.118557802785313
21841,7.270131850801237
21842,1.6151011695946433
21843,9.495336185202968
21844,7.822231757586296
21845,7.061062697253617
21846,6.953412294495276
21847,5.852114994204288
21848,3.1506515327464557
21849,6.033604800766701
21850,3.5868520156929105
21851,3.749829201471593
21852,6.069795841333002
21853,7.095242188432239
21854,4.82714490572954
21855,5.992414207495496
21856,4.88753460230177
21857,7.994522999575677
21858,4.834431117822676
21859,7.526251079766022
21860,7.0929988544326585
21861,1.9790965088904162
21862,7.768174622685486
21863,3.917527996226149
21864,8.814254600322665
21865,6.8598794731695545
21866,9.75829820658507
21867,4.055597357464926
21868,5.793340334641846
21869,7.847471882274463
21870,5.268881810460684
21871,6.185595526149283
21872,5.025071433453146
21873,7.00453180245965
21874,7.048555680313228
21875,9.023153089854798
21876,5.427661237184969
21877,5.353181163589042
21878,5.2348047226847925
21879,6.351706134035603
21880,7.827945866945474
21881,5.242026565807965
21882,4.765296776810656
21883,5.437988812562598
21884,6.512576035074289
21885,9.018570423443643
21886,3.3244869520577214
21887,3.5850860872920114
21888,7.673682596748495
21889,6.166288888199043
21890,5.7361512878320635
21891,6.403473435920109
21892,5.199456461547013
21893,5.516240003358381
21894,6.331645583704814
21895,8.304450797150839
21896,6.3475894888090645
21897,4.756296810248351
21898,6.085342815035313
21899,6.4849575555264485
21900,3.6257783987692527
21901,4.803927192078158
21902,5.147452800140107
21903,7.618612890915615
21904,3.9950793529136357
21905,7.554642057189048
21906,6.141113977684089
21907,4.693539667998973
21908,8.145097582106729
21909,5.203750301958708
21910,4.225487708646721
21911,4.122892183207445
21912,4.980393717970938
21913,7.7319469957501346
21914,9.568067289049067
21915,6.285273864401033
21916,6.491503224529228
21917,5.0350713018985545
21918,5.5327958406346465
21919,8.64706283279319
21920,9.305261109523144
21921,7.39147908663622
21922,7.525445936763375
21923,6.808124534618099
21924,6.771622965444117
21925,7.2566190544635
21926,6.19286084573737
21927,5.917531192915589
21928,6.982514800069037
21929,8.756249979564421
21930,5.432143864173688
21931,8.855301125040306
21932,5.3989581512280775
21933,5.7716115697125225
21934,3.3763177667102573
21935,5.945679201232431
21936,7.565749491644769
21937,7.345869779011893
21938,8.92724990303184
21939,7.6544802225718644
21940,4.333692963960161
21941,5.871072969967744
21942,9.050346731558694
21943,3.926906001893231
21944,6.395007043493296
21945,5.901012994155928
21946,5.581780041501642
21947,8.70227009742194
21948,4.625374143387516
21949,8.480095774943292
21950,6.0662690827697645
21951,8.331930340071853
21952,3.4969071843389616
21953,6.019840901942874
21954,2.742196672240142
21955,7.792248748869694
21956,5.462578941335411
21957,8.853264551443567
21958,7.938464078388994
21959,5.325978721097542
21960,5.179714050504297
21961,5.04835610810552
21962,7.16854935350666
21963,8.539744219310883
21964,8.418934300616218
21965,9.695901734717543
21966,4.86023874951781
21967,3.3826748116983127
21968,8.061515569175205
21969,9.044169170003677
21970,5.899142622047985
21971,3.2767947997330515
21972,4.612040322029274
21973,5.949811160935891
21974,8.041335832081058
21975,3.155106594780485
21976,7.376321631606545
21977,5.175647101931493
21978,8.514642526698125
21979,5.2106264589635245
21980,6.84393383608092
21981,4.938926406100573
21982,5.573879225758219
21983,3.034091537793594
21984,5.525372787117608
21985,6.943932445954746
21986,8.997964167149782
21987,4.30222964554475
21988,6.9843111193403224
21989,8.443007126153482
21990,8.146900044584035
21991,6.551231264414725
21992,5.309714968184178
21993,6.060542132006204
21994,3.0215463605835295
21995,3.422827445347249
21996,5.712139337222827
21997,2.9998152873851356
21998,5.499214906655111
21999,4.967986413663775
22000,5.210187667460584
22001,4.765551967320281
22002,4.560839734459737
22003,2.000771188583194
22004,5.85805550069802
22005,7.150186844301819
22006,4.808983803017464
22007,9.513194641347454
22008,5.3513986504842785
22009,6.793440219010884
22010,2.8273643698172637
22011,5.892595327775193
22012,6.507248196487135
22013,4.443168110574881
22014,7.095009824126132
22015,5.824793241398727
22016,5.730645174402926
22017,5.271944176187189
22018,3.8617411543181253
22019,3.5638427377510293
22020,4.2176357201786825
22021,7.8279998679772
22022,7.1241887793586605
22023,4.646162547150256
22024,3.7827224546754175
22025,5.562856445373884
22026,3.8898097868539385
22027,8.46224180685547
22028,8.54018179390129
22029,7.568340563643197
22030,7.928278335979634
22031,7.463712757086673
22032,4.088439732491248
22033,7.788861211061102
22034,5.344733743063073
22035,8.665446655389914
22036,5.22614789120301
22037,4.9881879132162705
22038,5.681470698432252
22039,4.4403723146071385
22040,8.84204555824726
22041,6.104467721462096
22042,2.339703241211703
22043,6.655918024525126
22044,8.787355667536422
22045,5.354565832301448
22046,7.87898517020673
22047,5.330278638053451
22048,8.080165529352302
22049,3.3475219437216377
22050,5.275609089843928
22051,3.1827566265060265
22052,6.373052104154115
22053,8.820363469572408
22054,6.766899286768755
22055,8.642590659834454
22056,6.537538577110928
22057,7.71703707544604
22058,4.087598816475123
22059,5.280988196738358
22060,8.190378935018654
22061,6.082551372946174
22062,3.415112988123537
22063,6.299298915905477
22064,7.40810061714365
22065,5.174361333598688
22066,3.974066183328821
22067,7.36531421437919
22068,6.187458636259147
22069,7.106020516134263
22070,5.2181016414068635
22071,6.60278568700576
22072,5.322200521453149
22073,8.370556407082852
22074,4.786586539616542
22075,5.51830834398801
22076,6.227972440777677
22077,9.48468930713738
22078,7.29382106056734
22079,8.439886343477347
22080,5.382344919782969
22081,8.673795599936001
22082,3.332789738465764
22083,8.992924586408433
22084,2.062132089479397
22085,3.844485677107032
22086,6.393500029163054
22087,2.696627815978082
22088,5.941980681084436
22089,4.933040386898419
22090,5.682677687075488
22091,6.850107873260156
22092,8.757263693697364
22093,7.4991277175820965
22094,6.977790605363519
22095,4.692941432096868
22096,7.372525121753375
22097,6.11274677472207
22098,5.969262097971429
22099,8.386185509317098
22100,3.975273403501711
22101,5.333332873312652
22102,8.131438968552398
22103,8.38375497691867
22104,1.903934555629224
22105,5.509668459827555
22106,4.990615675133327
22107,7.285099929135811
22108,5.965606855181079
22109,3.7902042291588556
22110,5.632395933245689
22111,4.685039689097965
22112,6.440997900357549
22113,6.182031345802892
22114,8.07196288328539
22115,6.522186971445132
22116,4.264892869657366
22117,4.34492862080052
22118,7.436924089157506
22119,4.719247972463938
22120,4.359139576472285
22121,7.2487559881946195
22122,6.217823601412787
22123,4.210054772838444
22124,7.3566429561819024
22125,5.716689862459048
22126,6.251580277887671
22127,7.6478443532707665
22128,3.855984751519618
22129,7.4850424344845194
22130,7.000108281408759
22131,4.720319680336658
22132,5.096202149493172
22133,3.5749419943898353
22134,5.457253307413209
22135,6.8618762822922825
22136,4.844557567426983
22137,4.642346539911439
22138,4.003203652472508
22139,6.324977834508801
22140,7.237019221774334
22141,7.789667183166193
22142,4.939140953549915
22143,7.250723281359646
22144,7.844505232117687
22145,4.55596746707938
22146,3.0058083237107827
22147,3.812455046346243
22148,1.4767749885401251
22149,6.120538204831679
22150,4.327964361455315
22151,2.7462171328020886
22152,7.670910761781071
22153,3.853490732384148
22154,3.939515818345044
22155,5.749138908885184
22156,3.3015495462497606
22157,5.644797404818848
22158,8.60329201884173
22159,6.521363686428167
22160,8.806052709188265
22161,5.893678759512131
22162,5.792913046749062
22163,4.540626597559425
22164,4.377353282523115
22165,6.855237740507217
22166,5.24589493994235
22167,7.921140893224555
22168,7.864129481277511
22169,3.731528368678928
22170,4.359360584496875
22171,5.181631027288286
22172,3.574983160322636
22173,4.765122610218771
22174,5.087847742659176
22175,5.7769068638229575
22176,3.692679877571097
22177,2.2197214549473454
22178,8.114814031383654
22179,6.474748515628341
22180,8.353189022052465
22181,5.5194902418120995
22182,4.284873543929282
22183,6.489304259059144
22184,6.167656530080786
22185,6.625180933165613
22186,5.649055359335804
22187,7.905958336457999
22188,7.1548653718175235
22189,2.5036868325007102
22190,5.836381091391324
22191,4.183559153206455
22192,5.803299214143947
22193,7.063783727405274
22194,3.747621190101498
22195,4.257597589568523
22196,4.970402615325469
22197,6.273045453011109
22198,7.022539608568271
22199,5.147984668463632
22200,4.894884495870045
22201,4.9278312970422675
22202,3.97608063415674
22203,9.014151826909968
22204,5.394228980562447
22205,5.368719412950954
22206,7.899262496249098
22207,2.2555300868415156
22208,3.233431920131782
22209,7.066252509384607
22210,8.294284804160428
22211,9.229839196019206
22212,4.35025726118144
22213,6.210866800179447
22214,5.435460035660787
22215,7.316246432078195
22216,7.243214765401603
22217,5.217120528086764
22218,5.763881993479617
22219,7.6212362782832255
22220,1.5916479556435634
22221,7.218691513410267
22222,4.2271330380780965
22223,7.22674438553782
22224,3.195159964009383
22225,4.802361036383796
22226,5.32251574322469
22227,2.9441768228888656
22228,7.197143541687516
22229,5.448721787797193
22230,5.419138017961616
22231,7.843643971668478
22232,6.087245351207107
22233,8.805532894084166
22234,5.153990256292965
22235,7.3618501968123935
22236,1.0875540818746394
22237,2.151232590727634
22238,7.071763564637005
22239,3.8749014349971143
22240,6.072785488782321
22241,7.5507236376632125
22242,5.551713235341669
22243,5.096903595691656
22244,4.957303820717269
22245,7.413937545070699
22246,7.962305815810648
22247,6.430405567783514
22248,8.791653831904032
22249,4.754327488642803
22250,6.314385532998282
22251,3.148016985575554
22252,4.288241975422441
22253,8.807715837968946
22254,8.80312973524365
22255,7.2364176028752345
22256,6.638121233714427
22257,9.12623162926704
22258,6.852821612433623
22259,1.560372204977761
22260,2.341931441859897
22261,4.587495580063027
22262,4.160423294615289
22263,7.15487636667938
22264,4.452207428332033
22265,6.7221974828239786
22266,4.966904878622817
22267,3.703737366717162
22268,3.4891132077900346
22269,3.8139635194171775
22270,5.7540321758901385
22271,3.670401677880522
22272,7.300061932517675
22273,2.3333918173325796
22274,5.396917088027436
22275,6.5753561738695705
22276,7.278852938133058
22277,8.64703906203616
22278,6.97859380867249
22279,2.255744878608161
22280,8.682619399587049
22281,4.395457098388163
22282,4.419273841995183
22283,5.600337037911256
22284,8.750799745574696
22285,6.6727335995571195
22286,5.125211103911244
22287,6.219766973392387
22288,7.657827988350721
22289,9.123860658655914
22290,4.042335086427502
22291,4.645401581648679
22292,9.488424683677506
22293,5.8131438244789795
22294,8.388862467884316
22295,9.799920763734509
22296,3.1301909515778443
22297,3.8705836789344823
22298,5.58446058993787
22299,5.872406646233823
22300,3.3191199425259152
22301,8.543418042342115
22302,6.364434628713412
22303,5.82471649606978
22304,5.331679187944245
22305,7.061804388051234
22306,7.395933292584364
22307,6.375802638835557
22308,9.28430607235948
22309,6.533205041117629
22310,9.62347359690024
22311,4.328878037581681
22312,5.8481156199774915
22313,2.997216345080935
22314,6.205565793463556
22315,5.68035493668556
22316,4.206113366481704
22317,9.106920749822432
22318,2.602418187871322
22319,4.810279599124665
22320,6.049701273472029
22321,4.181463061299161
22322,5.290189338195224
22323,5.883131831600294
22324,7.156447795174261
22325,2.7258656624478714
22326,3.3031104846095896
22327,4.175633858073976
22328,5.653873675636427
22329,6.281270156747464
22330,7.109624447629487
22331,5.374501648936332
22332,3.8152975107575933
22333,7.90747771009948
22334,9.144884036261308
22335,5.903292614788444
22336,6.129403403935869
22337,6.22555302101759
22338,4.50939358908416
22339,7.78089108773822
22340,9.34286337583628
22341,3.528950411566175
22342,4.567038608590766
22343,6.656761225601733
22344,4.732806226546797
22345,7.815619207443895
22346,3.3505572143343767
22347,7.729704645393094
22348,5.5492814673602275
22349,6.444495951557
22350,6.010337768568114
22351,3.3058876331516065
22352,6.306797483093284
22353,7.012931398570463
22354,5.722691489340665
22355,5.186130681385081
22356,6.960215192563061
22357,6.076729032328351
22358,5.4101531265527365
22359,6.398606127133041
22360,5.963695747761779
22361,2.5415500637861808
22362,7.724239962288777
22363,4.04081703805069
22364,8.891196902971854
22365,7.7293969327161935
22366,7.412510731265963
22367,4.961746909072151
22368,4.6316826184803395
22369,8.847418201126535
22370,2.9716192748754735
22371,7.364163087120331
22372,7.9694743963618855
22373,3.2571262247114094
22374,7.247731513230908
22375,4.4582342495556
22376,9.029935601031134
22377,4.885481502887304
22378,3.868960146031926
22379,8.068804132492097
22380,7.250445488166427
22381,3.386090411268367
22382,7.65788091459544
22383,8.822488431899327
22384,6.038136048259476
22385,4.781141064039851
22386,8.054656389952012
22387,4.097029073331194
22388,1.4481261131959924
22389,7.2682390500529355
22390,3.1611196847760654
22391,5.019292621024793
22392,7.149907504373585
22393,6.858631793053643
22394,9.394655791472992
22395,6.435631051588333
22396,8.335748437718822
22397,8.321670014133531
22398,7.071908484874862
22399,1.8644111671560033
22400,4.643404512276
22401,6.6709658901443145
22402,8.991547115945501
22403,6.814118014022354
22404,6.745024658997878
22405,6.595446816248776
22406,8.764327015800399
22407,3.4092906985597544
22408,7.85766342868124
22409,3.778322122933823
22410,4.808144483212497
22411,2.629128264890356
22412,8.401323238760106
22413,8.131792266103592
22414,7.401504711171477
22415,2.606851281486518
22416,4.583064919499166
22417,8.7767610992797
22418,6.120286352683856
22419,8.470853489291965
22420,6.037833637984658
22421,6.130511262689288
22422,4.615501358586414
22423,5.035387268745789
22424,7.972881713812751
22425,3.417155290935361
22426,6.742371826916415
22427,8.201521543934867
22428,8.438921220429211
22429,4.245131369611739
22430,7.330766624307076
22431,4.367768673657863
22432,4.5450794479044365
22433,2.8367078711751006
22434,5.649089982750216
22435,5.081816110080912
22436,6.913840045206054
22437,8.667681205473313
22438,5.654850748662248
22439,1.9584589110314008
22440,5.646967400056511
22441,6.610255820324355
22442,8.892239580830905
22443,8.491286382516467
22444,6.730942089324884
22445,6.258178971402367
22446,4.270703056537775
22447,2.6401326719022573
22448,8.401534678667716
22449,6.001893803593962
22450,4.6403155018209645
22451,7.301157188795635
22452,7.265482281089004
22453,5.041809811138282
22454,3.976236598614916
22455,2.7963332025617897
22456,6.51786177557701
22457,6.409655103018417
22458,4.736584383195746
22459,3.724580448776135
22460,7.041942473919667
22461,7.088281867627131
22462,2.8251060984879612
22463,6.96174155906182
22464,6.330284301973901
22465,4.755282081740742
22466,8.294140249918012
22467,4.3469951751348885
22468,5.252057388050851
22469,7.550022780043592
22470,6.3281220910200195
22471,7.9379599205583355
22472,4.733896037302336
22473,5.001654945402252
22474,6.953440249028383
22475,2.3307287519202795
22476,9.0343312859384
22477,7.237786357412739
22478,7.692436330612326
22479,6.806483983760286
22480,3.8601989181909313
22481,8.736770223682585
22482,4.254069392509941
22483,6.567824013874783
22484,5.767577080379123
22485,2.507284427021242
22486,3.4985569972704904
22487,7.523453859111049
22488,3.5761681259537617
22489,4.885405770364784
22490,6.4241935508986465
22491,6.682125847864518
22492,8.196844331552562
22493,6.607680389460548
22494,5.799900130718263
22495,7.348579856070645
22496,4.112140491189283
22497,8.552104171633992
22498,5.8272846765115665
22499,8.599554088868661
22500,6.605160179040593
22501,4.15332257902479
22502,2.6782487746425847
22503,8.471749829063192
22504,3.434269367529407
22505,4.93303772412321
22506,8.155437796971981
22507,2.5849194477402158
22508,2.555405634211951
22509,5.86226413032969
22510,6.3620039424241055
22511,2.489574374201915
22512,7.156961910057346
22513,4.360304379173138
22514,5.919652572130126
22515,8.730474505201347
22516,5.714010730438975
22517,4.823130884138227
22518,6.64763449756296
22519,8.014722831101661
22520,7.194607031795314
22521,4.707038340576931
22522,5.466484422665215
22523,9.747191258159903
22524,4.563791103698661
22525,3.543462363352496
22526,7.971955385083104
22527,5.7611813805227365
22528,2.272059574148946
22529,7.541310684814602
22530,4.563264457618019
22531,7.247645515281542
22532,4.471788122398637
22533,5.214990591683371
22534,7.319480569969605
22535,4.4411594849900755
22536,5.0303037668196975
22537,2.353608833868575
22538,2.111851576111232
22539,5.08445006960399
22540,7.775465724869405
22541,8.053294834117121
22542,5.625075424269212
22543,6.382036046375104
22544,7.011587319646139
22545,6.8576393574697985
22546,7.312481069941677
22547,6.041868806872326
22548,5.312001748945095
22549,5.98065245552489
22550,6.374850096757944
22551,6.767084372991481
22552,7.424416888942361
22553,4.14925732960106
22554,7.464126404198383
22555,3.800054346535517
22556,5.489107202564747
22557,6.220764564719928
22558,7.949099905773136
22559,7.73140069084258
22560,6.229304559276811
22561,2.3047001190504166
22562,6.645714631609473
22563,4.139895583317105
22564,7.62003605280737
22565,6.8884352496472845
22566,3.8875619495450837
22567,4.5778087316078855
22568,7.787638061579713
22569,8.931769401929408
22570,2.6392579875269035
22571,7.164250516738071
22572,4.389781511933004
22573,4.673587832425895
22574,6.094543884263604
22575,7.949862744796704
22576,6.155423348748362
22577,3.5419290275268023
22578,6.669407129162743
22579,5.579401996887178
22580,3.3748895764420945
22581,6.4804716126241875
22582,6.297968737373733
22583,2.5892036257980178
22584,2.823176648839091
22585,4.750507348326025
22586,3.626367281812476
22587,3.5739081930182883
22588,2.934975136818488
22589,5.396347451637036
22590,6.244147536369144
22591,9.096136290953366
22592,3.219510634105288
22593,5.721442568815167
22594,7.846385440777629
22595,7.357008423208487
22596,6.538361132145802
22597,2.39146466460879
22598,6.839536802154558
22599,8.228599860507302
22600,4.7066053978982945
22601,2.7517658076172635
22602,4.781770323831717
22603,7.082150453471375
22604,7.974924705806136
22605,6.280236032529155
22606,4.212547361136399
22607,6.754406692193886
22608,2.547123421954932
22609,3.756104482638924
22610,6.319364890000938
22611,9.311041912250223
22612,5.389646586453547
22613,4.041186026322343
22614,2.5739117026018192
22615,4.063204678802718
22616,7.312373415002324
22617,4.46399280024218
22618,5.759792176248343
22619,7.928872896324391
22620,4.364972746834091
22621,6.934535144385845
22622,8.028774010021161
22623,5.212702106424334
22624,4.61088573482024
22625,6.0575894499318395
22626,7.216963839497157
22627,6.272633804283864
22628,8.260102922959593
22629,7.618511983449441
22630,6.835968227614068
22631,6.15603429152553
22632,3.059188594361642
22633,8.135030743210244
22634,9.217258159129425
22635,7.956265384190951
22636,8.14905379451153
22637,8.922514674272414
22638,6.644393273447401
22639,6.418245289403046
22640,3.7949032658155075
22641,6.848058354905856
22642,7.209623601761203
22643,1.2331801672417129
22644,8.252478321259206
22645,4.777595306119363
22646,6.600063763004819
22647,2.4993485020141724
22648,5.371389193898261
22649,7.973943953578877
22650,7.971961396584106
22651,1.878542708427763
22652,6.691173544866472
22653,5.052652209610055
22654,4.128102881887571
22655,6.30429731786492
22656,7.933905647073656
22657,3.2901837221848047
22658,5.1980053192209015
22659,5.501570460070351
22660,3.6211432246302615
22661,7.294433755296616
22662,6.277892918777991
22663,8.025292228222222
22664,8.141356055459521
22665,7.3166754461651795
22666,4.980060786598431
22667,4.764220424439946
22668,8.049199666760554
22669,5.431990567994596
22670,6.14723884655096
22671,7.3901371051638485
22672,4.939798421289174
22673,6.321296890025184
22674,8.219112861166959
22675,4.396585257974357
22676,7.402434247151024
22677,4.608501975049096
22678,5.20796189511524
22679,4.290678782405715
22680,7.030501852043761
22681,2.5024439984288667
22682,4.993893343910587
22683,9.095241785683
22684,7.788363036078027
22685,5.98147739204136
22686,3.4404535082255303
22687,4.9270764511295875
22688,4.054749803925039
22689,6.055750802609409
22690,7.10572734588514
22691,4.960316529423158
22692,4.962205068308863
22693,5.088460908045532
22694,7.332801331377841
22695,3.1295400160136997
22696,5.09206983201305
22697,4.556241233784387
22698,2.3603576648589057
22699,4.402694168483418
22700,8.0306156805873
22701,5.16902392809243
22702,6.2621172246036645
22703,6.2663933340220535
22704,7.14121866715846
22705,4.81367919186471
22706,5.331464714089004
22707,4.766680936140613
22708,4.71891753226422
22709,8.364535584841365
22710,7.876072711218035
22711,4.589723483817964
22712,5.669460300038081
22713,7.294181269721359
22714,4.656477536460139
22715,5.784715082218303
22716,8.088387181784062
22717,2.881273646476957
22718,7.69418235617394
22719,3.207898836405795
22720,7.953021082552329
22721,5.442111636445177
22722,6.732755850752205
22723,4.57957345026883
22724,9.254623754821143
22725,7.083037513082696
22726,5.654439845774324
22727,6.539816123362137
22728,8.740732621416232
22729,1.4799893343062793
22730,5.980395085808725
22731,5.212785253322587
22732,3.761706288504317
22733,8.710059832572515
22734,8.417764438996231
22735,8.88153217026889
22736,7.25580632300671
22737,5.981474446922649
22738,6.447489470015613
22739,3.553866929456239
22740,4.748144533089806
22741,5.76405251776803
22742,4.911267206599639
22743,7.414333696190255
22744,3.5954717706304953
22745,6.969958896625704
22746,2.310581535386415
22747,6.052768126142596
22748,8.928661195333298
22749,6.292874667949912
22750,2.7911554881132683
22751,6.1195336248291365
22752,4.0810104367249025
22753,4.454832436280923
22754,4.810606718320829
22755,5.753508017335455
22756,4.169192023127488
22757,5.965492101109002
22758,5.121797022944697
22759,3.9682124205755387
22760,8.301436833974275
22761,8.073027691135067
22762,8.250344790466986
22763,8.159501621028124
22764,8.08674526204759
22765,6.222086631173787
22766,5.6381492312093
22767,6.493438835168742
22768,6.178092056453805
22769,5.336508108157364
22770,6.567431309589899
22771,4.309542574323041
22772,7.462880986449472
22773,5.414062197306685
22774,5.31654320738944
22775,6.866370740889891
22776,6.191465588116507
22777,5.167742381971236
22778,7.711045098677538
22779,9.307546297600883
22780,4.60653178300506
22781,5.365152274490484
22782,6.969509747402745
22783,7.723622727898225
22784,4.380074388829366
22785,3.4830776077019863
22786,7.043544189536191
22787,9.320103026587729
22788,4.671808246840355
22789,4.846812339155195
22790,6.841381270880447
22791,8.666731213826198
22792,4.653077139436146
22793,4.335446628851122
22794,6.198541578618921
22795,9.558079877351684
22796,7.2533184960296255
22797,4.106836880513752
22798,5.83713677508717
22799,6.489108889847816
22800,6.01865363007903
22801,7.361256170191616
22802,6.167519971346794
22803,8.379677255476475
22804,5.99860586204801
22805,9.473045962101427
22806,5.94246199981219
22807,7.01561221194825
22808,4.7096316005418775
22809,5.90393451331051
22810,4.7536286032511645
22811,4.928490831681711
22812,5.748187851350092
22813,7.252659259030909
22814,7.106419371659523
22815,6.947974917837966
22816,8.522157981604668
22817,3.0330132544934916
22818,2.4600241383984613
22819,4.382690739243548
22820,6.280015926770581
22821,7.138534329044904
22822,5.783804694348719
22823,6.917505507059384
22824,7.237863344701729
22825,6.17756463423381
22826,8.598648592544944
22827,7.743549373957597
22828,3.258832834534147
22829,5.723914740617232
22830,4.219901872396343
22831,3.7154248477367
22832,5.970293357135546
22833,4.537709466422312
22834,7.901627072794187
22835,6.274152034421579
22836,7.766342705524988
22837,5.285679213899089
22838,6.420116237083915
22839,6.346153904142945
22840,2.8830972670397683
22841,2.3084976673266118
22842,7.935242983986702
22843,8.626217009327549
22844,5.185495575681224
22845,7.3072914968135905
22846,7.658416757966808
22847,7.173183159887793
22848,2.7377211407948217
22849,8.802371659718755
22850,3.239047767286162
22851,6.766436439080677
22852,3.7735984343842803
22853,6.3244071550066865
22854,4.466008601397664
22855,5.516679451957083
22856,6.03202551622378
22857,4.810428571110166
22858,5.302964764864819
22859,4.912777925209309
22860,9.449172563780674
22861,3.956923261179138
22862,6.185961233970779
22863,3.8137901471838385
22864,6.341443817635234
22865,8.4586299814471
22866,8.193834106717507
22867,5.435831743977022
22868,8.321279529128718
22869,3.9569184961151938
22870,8.089803732010045
22871,5.4332516678500165
22872,5.301578301113652
22873,6.4956413212421324
22874,6.712589980060197
22875,4.678228521790329
22876,3.482778250592071
22877,8.468229441903224
22878,4.173880201747066
22879,6.484852781977876
22880,3.8092253694507963
22881,4.104597469664966
22882,3.896448212345403
22883,4.219832189649295
22884,5.230721700366415
22885,8.512037568055575
22886,8.8808544845548
22887,4.278411530727608
22888,4.545159936561173
22889,6.173840697482486
22890,7.10434250382855
22891,4.584956528599934
22892,3.7454763456214453
22893,4.471942785122584
22894,5.855883938707976
22895,6.931047194437076
22896,9.12152251984897
22897,5.712873740740418
22898,4.226744824817054
22899,2.5461800049463164
22900,5.3921993498816105
22901,2.8002109387754626
22902,8.487901273661059
22903,2.3180564051884756
22904,4.0675023594109865
22905,7.643505708315046
22906,8.953723486546432
22907,6.632398022613253
22908,7.6687736288456545
22909,7.031830343846757
22910,8.553232551375926
22911,7.358472003703727
22912,9.3901229905083
22913,3.3897378734021553
22914,2.240372608902259
22915,6.4308567319157515
22916,3.06667637612095
22917,6.275162274104253
22918,4.462646202402916
22919,2.720718104527017
22920,8.860338223383781
22921,6.434545499475942
22922,3.23448819407479
22923,6.895625218669557
22924,7.049755038082052
22925,5.732506206454317
22926,3.0088578682387492
22927,6.029685952274473
22928,7.994734451388643
22929,6.899168171350421
22930,7.157973827101896
22931,2.394545101287354
22932,5.154984058162206
22933,7.154216396799748
22934,7.1355703418599
22935,8.45810314204834
22936,2.523454911737001
22937,5.261790445104016
22938,5.152776013492607
22939,7.8455020616890225
22940,5.265717339376962
22941,4.608881266658348
22942,8.576580925323757
22943,3.1834471883099558
22944,7.499595851243768
22945,5.103349356042433
22946,4.504754449072321
22947,5.863966548304322
22948,5.675845746632508
22949,4.823400613148432
22950,5.693156473026857
22951,6.9608919040844945
22952,4.061906069585385
22953,5.562762473140258
22954,6.407747256763562
22955,4.967497754109214
22956,2.772920495304404
22957,2.702572712598091
22958,6.293784055127435
22959,6.06560890077961
22960,6.881470428781392
22961,6.479053428321762
22962,7.6776714151041165
22963,3.1240937473937977
22964,4.260688157875921
22965,5.485914042441504
22966,4.273237549263887
22967,4.028340712758814
22968,4.087298202362429
22969,2.3266083249806915
22970,3.1277513541628483
22971,9.546228262491136
22972,5.97663899118245
22973,4.812758852355575
22974,7.7574992955849735
22975,5.14533638250749
22976,1.3278111848969418
22977,3.8141940387230746
22978,5.975216495181563
22979,4.171217982723707
22980,7.755915566611805
22981,7.192164362548412
22982,6.709335491916766
22983,6.161093468107266
22984,6.597005204512079
22985,5.419899694642468
22986,6.2748254017655345
22987,8.830014885241424
22988,9.511918533482794
22989,5.972038136556835
22990,5.261443189983482
22991,7.416325250545376
22992,3.4648787328260116
22993,8.184115145253678
22994,3.392915812762509
22995,4.7396951824287115
22996,3.390432469006821
22997,7.728254221027186
22998,2.8106850669286185
22999,6.436339340852745
23000,2.0547298925584836
23001,7.044285128829876
23002,7.935447840788652
23003,6.136946071720738
23004,9.138661080933296
23005,6.488079577860128
23006,2.6881246074496516
23007,8.542301613245694
23008,5.298076240086033
23009,8.510547817192533
23010,5.615504922806391
23011,5.396406612992906
23012,5.131311747900486
23013,5.7474894533736824
23014,7.843895577267511
23015,2.888465432540906
23016,6.800665349082262
23017,4.7847362921817265
23018,3.597086780570158
23019,8.596335114204336
23020,6.256479536415988
23021,5.779272592408297
23022,4.495510842567766
23023,5.691293449009339
23024,4.97783753736739
23025,3.6553408765962456
23026,4.832903557120491
23027,4.0784259630332516
23028,6.383464784301381
23029,5.1072197706940745
23030,7.10602174045335
23031,6.037659939729279
23032,5.619563766157185
23033,3.7298581706349174
23034,8.493745566731885
23035,5.416083854085067
23036,5.709518147950453
23037,5.419280770958724
23038,7.333322832184883
23039,4.877616033433066
23040,5.3954717041335405
23041,2.8229024082644982
23042,6.073732118530338
23043,5.525993273764387
23044,5.940242087738353
23045,2.7219869457093537
23046,6.506788943855117
23047,8.026436235971214
23048,3.3106558094863905
23049,4.860321602879348
23050,6.211966247190523
23051,9.747041654409534
23052,3.9433157249578294
23053,4.978658944814195
23054,6.525247625509003
23055,5.7940926133225705
23056,8.108694011493743
23057,5.8939343663025765
23058,8.951108389021798
23059,7.281113570276807
23060,8.173555116572691
23061,5.539081227277215
23062,6.607721844486544
23063,4.172156462470759
23064,6.454188973025528
23065,6.769864539769428
23066,3.769093709548322
23067,6.102291287377522
23068,3.9568266106628154
23069,6.876598367644728
23070,3.5103457534255265
23071,5.602671824693591
23072,8.443460036081472
23073,5.324023574401469
23074,7.511569635493535
23075,5.444403762172365
23076,5.622479775166593
23077,8.04299350346801
23078,7.100742528384707
23079,3.7123499910283284
23080,8.52635228735877
23081,7.599665947547184
23082,6.581302619880862
23083,6.464705826993896
23084,7.6074173799799665
23085,5.792881791843288
23086,5.5295859668677165
23087,9.082118712868901
23088,7.239086980555229
23089,7.773314872885718
23090,4.913943437373223
23091,6.222559801721066
23092,4.669255935582971
23093,6.635660229974783
23094,6.857410142028504
23095,5.846717258088291
23096,8.47544699580076
23097,5.3770025140267546
23098,5.208227867607107
23099,8.375242064334076
23100,6.148990733104569
23101,7.72598305897769
23102,1.0409300061438609
23103,7.973829191438303
23104,5.609249385660429
23105,5.395793961714135
23106,5.103780026828862
23107,4.627868264437814
23108,8.4787753140653
23109,5.161067932962739
23110,2.8055582375257306
23111,4.292733400449921
23112,7.235575220393779
23113,4.557060565121787
23114,7.117654895658413
23115,8.195386123066054
23116,0.9858164040868846
23117,6.891285385214788
23118,6.9930185485680605
23119,7.664120007632522
23120,8.841487967547122
23121,6.804176199311933
23122,8.189409377076611
23123,7.793449753970044
23124,4.879508523954031
23125,7.094953149575238
23126,7.899385258133086
23127,5.044353526998548
23128,7.89393124010454
23129,6.017418952390211
23130,3.10107609863793
23131,5.5438540272859935
23132,7.375085326786845
23133,4.908845421526447
23134,6.313280420042808
23135,5.572600537944306
23136,8.158532303818426
23137,4.739328955996571
23138,3.9105674800904686
23139,8.097316296462989
23140,6.3887699776106075
23141,5.561767170249924
23142,4.1705326795928945
23143,4.025670129839069
23144,5.146050370182205
23145,5.178243734573794
23146,7.437037973562899
23147,6.613803232076764
23148,4.498479209018718
23149,7.067433557302761
23150,7.082842666096203
23151,7.3199890929376625
23152,5.741464006980076
23153,4.139008470657632
23154,4.66833982879065
23155,3.26862416821332
23156,0.8977879825700485
23157,6.051524592884903
23158,5.680111105817351
23159,4.529650339211008
23160,6.835174058765224
23161,6.343891043887045
23162,1.9496781228212665
23163,7.869554167100908
23164,3.3205525689343363
23165,5.871791307753898
23166,8.615233281831221
23167,8.52400238351368
23168,7.376059443966094
23169,7.103215529473746
23170,6.852211264793631
23171,2.523889205334853
23172,8.001422596501953
23173,7.269808440411381
23174,1.1569369239078933
23175,5.720481945994936
23176,6.150180881586919
23177,7.869284736553206
23178,8.871618574485385
23179,7.152227470063314
23180,9.414861737081091
23181,5.975955016985041
23182,4.437455814539877
23183,5.128592658150778
23184,8.255417757101872
23185,7.282994718114519
23186,6.873676499724493
23187,7.013857530200738
23188,3.0648990740572555
23189,5.534025724856887
23190,7.3776393339907465
23191,7.934983841636268
23192,5.5440750656099125
23193,8.833995666781686
23194,5.968711269255522
23195,6.309760015622036
23196,3.8727560915291748
23197,4.0870016889165655
23198,6.804498287310514
23199,6.081027526340611
23200,5.380674807313987
23201,7.297494626870135
23202,4.297018818311415
23203,5.9645713745988225
23204,7.291271903309936
23205,5.786951989173221
23206,5.546264008127519
23207,5.857347302745361
23208,2.554520966025233
23209,5.3255430584451275
23210,1.5873766346665192
23211,4.227315171868964
23212,6.798670726284147
23213,3.5896745498235108
23214,7.744919251667745
23215,5.381562869576971
23216,7.02551599921271
23217,3.2403253757188315
23218,6.77836851197205
23219,6.685892326703917
23220,4.497633458369695
23221,5.115999672801891
23222,4.245473332339866
23223,4.34130558390292
23224,5.086129665462937
23225,7.360456782415763
23226,7.351089133210546
23227,6.630823857121064
23228,7.808029398966553
23229,7.094109575648997
23230,5.921638426158672
23231,6.61682961172813
23232,6.909677022726827
23233,6.383850227048135
23234,4.729513394652141
23235,3.731057183662356
23236,6.305061486750913
23237,4.631484988966274
23238,6.919409456106538
23239,6.7958352474785055
23240,2.4110004653554395
23241,5.478144246879973
23242,4.971084003069388
23243,4.309255131448089
23244,5.75995625367593
23245,6.180689044302817
23246,5.9976408339757965
23247,5.926998303547923
23248,6.840300026021495
23249,4.019108797262627
23250,4.313437253154878
23251,6.589582460185257
23252,5.849074046490149
23253,4.846955118948006
23254,1.6639845238641655
23255,8.793662897836466
23256,7.99901713001011
23257,4.2773156154227205
23258,3.0128630557387455
23259,9.070870998111651
23260,8.793526186822405
23261,6.186800771218719
23262,1.3394972951325244
23263,8.23978585658406
23264,7.169321640255069
23265,5.585168672357538
23266,7.030176575516959
23267,5.531584085044182
23268,5.888561736290324
23269,8.967994357060357
23270,7.065125231362417
23271,5.693632658792259
23272,5.924754409461909
23273,7.869181924984875
23274,6.929629785984699
23275,8.163610044223073
23276,7.769120673845785
23277,3.421321624296135
23278,2.966311478470827
23279,4.91891268286432
23280,6.253325536788
23281,4.929095649678899
23282,6.722923707389748
23283,5.5152255306315405
23284,4.701298037005656
23285,6.057355761184401
23286,5.127358114053711
23287,5.3754227293336125
23288,3.98861569279859
23289,7.47540699980437
23290,7.559509644770388
23291,7.001474267518896
23292,5.236115747198849
23293,5.781199151273567
23294,7.696223251274554
23295,6.136028125610581
23296,9.673983688092491
23297,7.052562007336925
23298,7.944672828193582
23299,7.146631251972984
23300,5.442152576046463
23301,4.587607909200187
23302,7.58928610086688
23303,8.32609262536037
23304,5.568789506118283
23305,4.674141042225469
23306,6.481987478733625
23307,8.56337760514684
23308,8.85897858526532
23309,5.292398246651945
23310,6.101038851589269
23311,5.39684027545115
23312,7.714976675843176
23313,4.175886199609177
23314,6.037536230190868
23315,4.990588627622994
23316,8.918439535107737
23317,4.857107886286929
23318,8.916443763081327
23319,7.0345711142850735
23320,2.6660127748940488
23321,3.998338171505546
23322,7.892067389791618
23323,6.443282220566987
23324,7.70435820244255
23325,7.160223348593975
23326,6.934427393137861
23327,4.132406515884945
23328,6.034901331259227
23329,4.801385490549835
23330,9.626248394420545
23331,5.640826243916948
23332,7.218259907029974
23333,4.846309850565265
23334,5.113112205989487
23335,3.7325078063224923
23336,3.1451551680296723
23337,4.906227101800589
23338,5.678838626683708
23339,8.05935906199445
23340,7.342077902913598
23341,8.76223208405037
23342,5.016169403800896
23343,5.882518432006438
23344,6.121810173580002
23345,7.854049292619545
23346,7.12582133846698
23347,3.2321710773415626
23348,3.908638901067386
23349,2.176955859226299
23350,5.376594551522691
23351,5.536041410423982
23352,6.883691789324825
23353,4.506138393135612
23354,4.145693318548346
23355,8.541724191636696
23356,6.088275583971489
23357,6.744606306318806
23358,9.416447822692575
23359,5.524058323255425
23360,5.582381636904596
23361,7.337902348553408
23362,7.899892460594342
23363,3.220120867802083
23364,3.852465854520091
23365,4.185349463933781
23366,7.448396171700041
23367,5.638068354221469
23368,6.253319590814589
23369,4.681386647986687
23370,3.973131210146943
23371,4.082153390387809
23372,5.9265766820121515
23373,9.026322734112677
23374,3.904302066879412
23375,5.00237390364255
23376,8.670393914235225
23377,4.539946978691677
23378,3.079658282904114
23379,6.411278615126726
23380,3.951033547567258
23381,6.633962247889607
23382,4.653505400258008
23383,5.558017282665054
23384,7.538688704268817
23385,3.804944093093353
23386,3.750891172797583
23387,4.537472045660578
23388,3.530761559731356
23389,2.3174709049898565
23390,4.710361268927495
23391,7.020679800531645
23392,2.2939555745864335
23393,7.596292241719697
23394,6.894141569446054
23395,3.973081399544275
23396,6.094037644186126
23397,5.833536171189945
23398,1.741325591585765
23399,5.613285090962654
23400,9.17042509729891
23401,1.4081136364744689
23402,6.330626220575991
23403,5.436168778046571
23404,5.924908675617538
23405,4.58185436929773
23406,8.768368506409331
23407,9.140609704218917
23408,4.738319208051212
23409,2.7448213695164263
23410,9.208893932228147
23411,6.0219859545343075
23412,5.241314876798188
23413,8.216481929613472
23414,2.11311193664978
23415,7.562301265883006
23416,5.90618840034614
23417,6.052326620902079
23418,6.4650009190915085
23419,3.851301099576172
23420,6.998539324860204
23421,3.631454620301676
23422,7.084183535137329
23423,7.299379796817174
23424,7.723655928251489
23425,6.865487498539768
23426,7.975561292420346
23427,9.126843704201223
23428,2.493498882743122
23429,3.012312612214566
23430,7.173104780207639
23431,5.527060708340393
23432,7.563873026500449
23433,3.5205401280674455
23434,5.336613403671969
23435,6.500853660356806
23436,7.723071433949324
23437,8.534588148474242
23438,4.324539790635896
23439,2.307047403691033
23440,2.3510624786683563
23441,4.410640737920412
23442,4.0257545088245035
23443,5.529428122579876
23444,4.899386132761666
23445,7.727724199608027
23446,7.444925557965355
23447,6.646312423585378
23448,3.7156309029501804
23449,6.138913854314203
23450,7.675959479926654
23451,3.7816360532916384
23452,7.247033678534899
23453,4.503964209606618
23454,7.990322602052648
23455,3.8215041015061093
23456,6.554994951369552
23457,6.53197033080134
23458,3.80328188894916
23459,2.0737679809606426
23460,3.7346030432362762
23461,8.709385565440805
23462,7.608058528819919
23463,6.5037170875738255
23464,7.4734282124338725
23465,5.745948149278762
23466,8.08950222239465
23467,9.246025599567318
23468,6.1476708310580275
23469,4.811948705098853
23470,8.206423472091075
23471,5.006190593528924
23472,5.558910950101412
23473,8.012087482107455
23474,5.782785912191455
23475,4.193521782643597
23476,1.8766564416455864
23477,6.366785024936228
23478,6.676288226106054
23479,3.6142482832005793
23480,6.133885146385121
23481,3.7148369547400235
23482,9.17287898499569
23483,5.701881502177668
23484,7.8545701438238
23485,7.688059936836419
23486,7.718118232525985
23487,6.664148466612073
23488,8.49336141498052
23489,4.592863508258317
23490,3.970378750938719
23491,3.825499891609626
23492,4.719629648904075
23493,8.097066696247051
23494,3.386224508323721
23495,4.95897867207297
23496,7.069938219190659
23497,3.666549788361821
23498,3.776709688176442
23499,5.610578322592576
23500,2.204309705206364
23501,7.158136757914695
23502,9.87171614852863
23503,7.172745996217426
23504,6.560703551038966
23505,8.269773311040638
23506,6.619127103891534
23507,6.301690582166691
23508,7.733808954466429
23509,9.950352678807578
23510,4.200564966839968
23511,6.971770637222394
23512,4.583884436337345
23513,4.59197795742414
23514,6.610000211104174
23515,2.664416553215565
23516,8.472712802211593
23517,6.5053055220129
23518,5.062743639242422
23519,4.850486531583066
23520,6.699341084244153
23521,8.307214258187631
23522,7.181834993887609
23523,6.133434048187535
23524,5.745347043145706
23525,3.8264489900505163
23526,7.8667655236924485
23527,1.8318259606401508
23528,3.241380574145001
23529,8.23332942978141
23530,9.073569858579745
23531,3.8188149444489627
23532,5.071337825148513
23533,6.67168193428073
23534,6.176969555256186
23535,5.405368441230777
23536,6.672177818379999
23537,2.05565006646908
23538,7.535797702078963
23539,2.2138509310763794
23540,4.918683524133334
23541,4.14470271775001
23542,2.8786607553936765
23543,5.086643264486407
23544,4.198757380019906
23545,5.998038681142448
23546,3.078231689699951
23547,8.768614537065137
23548,6.220961711689648
23549,6.70485072529464
23550,6.588159883325656
23551,5.41396650339373
23552,5.431413672083332
23553,5.830391457699138
23554,2.947187591180999
23555,5.573658372540522
23556,7.03773088584855
23557,6.984697424751314
23558,4.024528111230882
23559,9.274735835431102
23560,6.5910122015077865
23561,8.907517219276649
23562,5.611807280949581
23563,7.5932317151557935
23564,4.702257148346519
23565,4.836491794512514
23566,5.374918160062787
23567,4.772355088480532
23568,5.660531376046674
23569,2.5087158973328365
23570,7.273091176074034
23571,5.650281137001973
23572,4.536316168979494
23573,4.091392438879773
23574,4.609064187580359
23575,4.460303616161589
23576,6.728105635203362
23577,7.101973958084164
23578,2.9725213460950877
23579,6.816938145458474
23580,3.9075118861043334
23581,4.376913470159537
23582,6.2206020946300935
23583,5.7385142761332295
23584,6.422456698131671
23585,4.793457260923889
23586,3.057352060317171
23587,5.514357867419566
23588,3.64092616433972
23589,4.733478229084231
23590,9.407982424580979
23591,6.039358081734332
23592,4.281344096371267
23593,4.6129847994288875
23594,3.1911477078017874
23595,6.879865375271656
23596,3.3852054882080638
23597,2.4274038203305444
23598,7.615149406503308
23599,3.2104623282651175
23600,2.949489579906541
23601,7.504942726947009
23602,6.022198316323962
23603,5.667944973015261
23604,1.9387982747619645
23605,9.856115039449044
23606,4.145629906499233
23607,5.102741046853751
23608,7.471957174049896
23609,8.295719119927764
23610,2.077157273909448
23611,2.4496457954574526
23612,3.600724130210606
23613,7.449179845599735
23614,6.6976766278844195
23615,2.753304536658145
23616,6.611807872791172
23617,6.546602298988826
23618,6.253082812308205
23619,2.829772969518252
23620,5.432920607599063
23621,5.383187892949696
23622,6.4215013437877655
23623,7.228015580529757
23624,5.194634598633392
23625,8.898810887232596
23626,6.291634597768625
23627,7.037031454803175
23628,1.0680493292706839
23629,8.837710686535114
23630,6.081544683876445
23631,7.540783258667775
23632,4.520329322063525
23633,7.670508109723897
23634,6.377800858788774
23635,4.4047597219360215
23636,5.2766323911111
23637,5.399059219637582
23638,7.713104233410134
23639,9.330927281340083
23640,4.635373712449523
23641,8.486359326810641
23642,4.789003592788794
23643,4.685805572520202
23644,7.862336949214877
23645,7.111181827148364
23646,2.225746839380032
23647,5.911186328841537
23648,6.397015051024169
23649,5.267222765496651
23650,6.665143249554953
23651,7.48637416843379
23652,6.736900417909915
23653,5.740571697426373
23654,4.74653814957152
23655,6.9377772362724786
23656,6.6324140781104255
23657,5.248635017008572
23658,6.504391420767199
23659,5.596832957252878
23660,6.315144524503962
23661,6.866741945075292
23662,6.603194404426695
23663,4.980463359191801
23664,2.8335751485480505
23665,7.255645494276051
23666,6.696287685523735
23667,8.676838853531693
23668,7.2085825942484805
23669,7.0295361982851885
23670,4.908643214961065
23671,5.984385061705383
23672,9.111351313773351
23673,6.745906008056565
23674,6.738268224048869
23675,4.772592567145051
23676,6.444390078429373
23677,8.185258686774638
23678,6.376086604244571
23679,10.22848840582503
23680,4.122144448496389
23681,6.018501227388463
23682,7.0559280580548425
23683,5.70727753944223
23684,4.124245878251914
23685,5.024794859136726
23686,8.272629007125051
23687,4.9801269784950435
23688,6.324672681240257
23689,6.746092970297527
23690,2.4895445953334527
23691,5.919591730112462
23692,4.250164513047412
23693,9.507703065669121
23694,6.118582078109421
23695,2.591453993131012
23696,3.924327708645991
23697,8.466949464607943
23698,7.43787605807308
23699,3.5935300889731363
23700,6.694981891363788
23701,4.6665713758468526
23702,4.712134364843209
23703,8.167964619572592
23704,6.407027780781489
23705,7.432458531250462
23706,5.647809792327261
23707,7.2132682837397475
23708,5.9623330564142725
23709,6.750789330944517
23710,5.0888174064337885
23711,1.9225955157116923
23712,6.769313822805325
23713,5.573511714540776
23714,8.186525327709193
23715,3.000524834693105
23716,3.478967571258784
23717,8.573254121598353
23718,5.082273613653892
23719,7.724122589178233
23720,5.453654862615838
23721,3.0643352570023517
23722,1.4800038210642175
23723,5.26517009556502
23724,4.714887969850742
23725,4.6558667962342
23726,5.913545768765176
23727,5.394897466697667
23728,7.0234715028544406
23729,9.095290396049965
23730,1.5129965307379427
23731,3.6537352374315537
23732,6.18447454835827
23733,6.443363395330318
23734,8.827999785061422
23735,6.275751426827145
23736,3.27791148553646
23737,7.561169320280724
23738,4.693363410862869
23739,8.837488291935063
23740,8.950932674960676
23741,2.3410358072224176
23742,4.010410043292108
23743,4.8562050503686915
23744,7.430525558517872
23745,7.85045375119174
23746,2.1894431673188874
23747,8.044084609062883
23748,7.830369625579518
23749,7.806760884164576
23750,5.377106095845608
23751,4.487812130170832
23752,6.251334236939036
23753,8.159942753956887
23754,6.243496077747269
23755,7.437386676879611
23756,3.5191656860278213
23757,3.788874199189761
23758,4.637452869395238
23759,5.61473104441578
23760,7.985983930257309
23761,2.8628730702840914
23762,5.016951424797317
23763,4.801880052058533
23764,7.776724603801808
23765,5.001128119143706
23766,1.9390884143443836
23767,6.432825823950544
23768,4.219539913325146
23769,4.877155574987002
23770,2.397933166240642
23771,6.5279745476511755
23772,3.6200468551670864
23773,9.624325175514832
23774,7.472364201225064
23775,7.457782425511267
23776,5.50294639053985
23777,8.116703352408843
23778,5.901484922569879
23779,3.5598962338538347
23780,3.241578291618053
23781,3.111438924852171
23782,2.8418833596501
23783,7.106467713194747
23784,4.98389208449536
23785,7.068320512971113
23786,7.339765685891646
23787,7.847145512553944
23788,6.97372887227326
23789,6.6459909051367365
23790,3.3718016187424147
23791,2.9705073081429147
23792,7.142645722087071
23793,6.396287033789207
23794,6.583850869629579
23795,3.4207018813507406
23796,5.770324533985768
23797,7.548076412947202
23798,5.87604730081614
23799,7.486972096620892
23800,2.395345516384484
23801,6.7844507437107495
23802,6.698982100174708
23803,4.592716882768677
23804,5.0566515846841265
23805,6.505230290112646
23806,6.021150646234718
23807,7.32444620457768
23808,3.0737410778255687
23809,1.2856744302134526
23810,3.7986343696739864
23811,4.687263444384126
23812,2.5053427707142477
23813,2.0135181001795184
23814,6.842071325350416
23815,5.712614482525958
23816,3.6433575520251624
23817,4.033711790102912
23818,5.703616307214988
23819,8.705050605369669
23820,8.915637348123589
23821,7.961775938853173
23822,5.399249770449648
23823,7.100757775416907
23824,8.063149704958292
23825,6.7293630977716505
23826,5.8592330742101515
23827,3.8880976929735636
23828,7.5528839403830155
23829,4.427557919494242
23830,6.7690741436748745
23831,0.5386073317146307
23832,3.250370966166502
23833,1.6472562486868476
23834,8.265464186268002
23835,2.4971829781147368
23836,5.44990481948364
23837,5.527942537512735
23838,3.438338691826258
23839,5.212038300501264
23840,2.258166125394658
23841,5.106605144571738
23842,6.285989404431763
23843,7.39626567009865
23844,2.299002603425692
23845,4.146639562814871
23846,4.244433549297494
23847,8.970836255385276
23848,3.5787343089653607
23849,7.59920913271537
23850,7.523385784980163
23851,5.412580842604406
23852,7.347852774951269
23853,9.456060922266413
23854,3.7203424032665464
23855,6.542451719857482
23856,7.27968269774408
23857,6.264471729959867
23858,3.0899920120090365
23859,9.224728701748315
23860,4.886954703104645
23861,8.387004651320865
23862,8.104090645369642
23863,8.30398916340025
23864,2.486744928386785
23865,8.03834706055723
23866,4.280571600388853
23867,4.151133867100956
23868,3.771490547052597
23869,5.668118425000928
23870,4.542906446963679
23871,10.24433353583057
23872,6.193044223120662
23873,4.320762456522592
23874,4.2352250975178025
23875,6.602351478329776
23876,9.474806852879164
23877,6.647754438338224
23878,7.38980688689444
23879,5.292835577201462
23880,6.276092780535242
23881,0.9741053282407677
23882,7.781705876694001
23883,2.3967009372420205
23884,5.480891935217387
23885,4.30007368975293
23886,7.1313511513531225
23887,6.638636410611907
23888,5.851108663951147
23889,5.077868061588709
23890,8.54060115152992
23891,6.6528893366976884
23892,5.724533801026852
23893,6.180698881149202
23894,3.5618794849619504
23895,4.1751810702078185
23896,3.144058072836831
23897,6.615225859019823
23898,7.125951641818473
23899,3.032065819382076
23900,3.016783664427406
23901,6.695939498557236
23902,4.991103405356027
23903,6.636302716056129
23904,6.4432390808004
23905,8.076255425459504
23906,7.754983601259147
23907,6.990281405832164
23908,3.6168152117764616
23909,6.948033983351813
23910,7.322785841135076
23911,6.213123477645642
23912,7.317705546250316
23913,6.0867411386396375
23914,5.552295085170003
23915,8.46701231795784
23916,5.26858721598611
23917,3.222717905009466
23918,4.910973526379442
23919,4.493839021357836
23920,8.827951716530064
23921,7.406868601990027
23922,1.1874823622693622
23923,5.052228489440668
23924,6.742772731678044
23925,3.9179630996350108
23926,7.623288535882396
23927,8.317462346774002
23928,1.3280710214407359
23929,5.043056446108887
23930,4.224733057872318
23931,3.105411509959102
23932,5.000137874204746
23933,6.128617793452451
23934,5.877891876154769
23935,5.887855939359816
23936,3.880440841254371
23937,5.574775701813071
23938,4.706866868148308
23939,2.7757755171256107
23940,6.100770189933868
23941,5.377114072236456
23942,4.158299865021162
23943,8.230687496475856
23944,7.639689778482489
23945,5.65133383553101
23946,8.526856199748973
23947,5.206463727773734
23948,4.419006155294258
23949,4.87352140037766
23950,6.514543519681397
23951,5.558293397817467
23952,6.977293528608138
23953,5.3923045268129925
23954,7.706343573664446
23955,2.1651517977338974
23956,2.463925570667518
23957,4.009778541377525
23958,8.084704349609726
23959,9.998977619057305
23960,5.139749422909433
23961,6.053322677196453
23962,5.131540862540946
23963,4.0418537896944065
23964,5.678802328720323
23965,4.436488343886476
23966,1.747800871170063
23967,6.282785406089223
23968,7.015177373917441
23969,5.535226118809411
23970,4.963378261680813
23971,6.472171022466698
23972,3.1102986276212756
23973,7.49119233565629
23974,8.049688000574786
23975,8.70775312284086
23976,5.4526948171911975
23977,8.269476595383818
23978,7.166586397170763
23979,8.172983016851392
23980,3.5941036322074846
23981,8.6338001977391
23982,6.8601380645894485
23983,5.019398080316365
23984,5.327656580511107
23985,8.015119654538108
23986,6.211676578736815
23987,7.125608016063878
23988,6.109063919108952
23989,4.8230599001422245
23990,4.01542067480843
23991,6.443197086212899
23992,4.041684027331394
23993,8.706753400130689
23994,4.885620699040947
23995,6.1671339528507625
23996,3.2563368130088706
23997,3.676462931058718
23998,5.412290763789032
23999,5.178443879508296
24000,3.27405969434448
